"p_val","avg_log2FC","pct.1","pct.2","p_val_adj","cluster","gene"
6.04987578878421e-44,0.425315204429284,1,0.998,1.18825610367511e-39,"0","Rpl39"
4.82278889001696e-34,1.16172524211593,0.866,0.42,9.4724396588823e-30,"0","Rhox5"
8.14527655096111e-28,2.38769362372604,0.488,0.167,1.59981376737427e-23,"0","Il1rl1"
3.26735443460283e-25,1.30578298524892,0.716,0.431,6.41741084500341e-21,"0","Itgb7"
9.66083671940403e-25,0.520350817008738,1,1,1.89748494005815e-20,"0","Fth1"
9.34970499082135e-22,2.44255631537232,0.527,0.24,1.83637555724722e-17,"0","Ifit3"
1.13947729106184e-21,1.05169879526538,0.835,0.675,2.23804734737457e-17,"0","Mfap5"
1.00952257717159e-19,1.93414781762616,0.655,0.424,1.98280329382272e-15,"0","Ccl7"
3.91793515711258e-16,0.289617751395583,1,1,7.69521644208481e-12,"0","Rps12"
4.82856625086121e-15,1.21430232474462,0.57,0.344,9.48378697331651e-11,"0","Grem1"
5.66123246316432e-15,1.84245023986398,0.351,0.142,1.1119226680901e-10,"0","Gm41724"
2.31072546489054e-14,0.394725452369997,0.994,0.975,4.53849588559152e-10,"0","Eif3e"
2.36701763222194e-14,0.533702900649586,0.97,0.956,4.6490593314471e-10,"0","Npc2"
2.92231629549879e-14,0.736786600523398,0.966,0.973,5.73972143598918e-10,"0","Plac8"
2.96087900212687e-14,2.05516341875392,0.515,0.302,5.81546244807739e-10,"0","Ifit1"
7.60775220280591e-14,2.3669928976657,0.25,0.075,1.49423861015311e-09,"0","Ptpn22"
1.90531495061503e-13,0.625577873425874,0.845,0.658,3.74222909450299e-09,"0","Dcn"
1.92112601200639e-13,0.426433551400238,0.997,0.989,3.77328360018176e-09,"0","Serpinb6a"
2.57016560871675e-13,0.862996422906785,0.787,0.696,5.04806227208056e-09,"0","Mgst2"
2.46118998805352e-12,0.364143607291836,1,1,4.83402325553592e-08,"0","Ctsl"
3.76695673159189e-12,0.293952677100297,1,0.996,7.39867971651964e-08,"0","Tspo"
3.95876920830573e-12,0.726971630995834,0.97,0.964,7.77541860203328e-08,"0","Ccl2"
2.94462390056646e-11,0.950381355958038,0.576,0.373,5.78353580310258e-07,"0","Angptl7"
3.40402401146338e-11,0.837763151263586,0.887,0.829,6.68584356091522e-07,"0","Isg15"
1.07470830498234e-10,0.854439841759196,0.695,0.535,2.11083458181582e-06,"0","Rtp4"
1.34309812110087e-10,0.478331048648164,0.988,0.967,2.63797901965421e-06,"0","Cdk2ap2"
1.64428092311593e-10,0.381433544095188,1,1,3.229532161092e-06,"0","Ifitm3"
5.92454416492653e-10,1.0945693203856,0.564,0.402,1.16363971943322e-05,"0","Phf11d"
8.47046770537552e-10,1.40224931760671,0.399,0.224,1.66368456201281e-05,"0","Zbp1"
8.89424403340911e-10,0.512581557725962,0.963,0.94,1.74691847060188e-05,"0","Cavin2"
9.27868609831316e-10,0.289660293393866,0.994,0.991,1.82242673656969e-05,"0","Cd81"
1.10140833914035e-09,0.369067863391992,1,1,2.16327611890556e-05,"0","Itm2b"
1.19688046368776e-09,1.04565867186158,0.601,0.44,2.35079291872912e-05,"0","Oasl2"
3.82441867041981e-09,1.17743629637365,0.375,0.209,7.51154071057156e-05,"0","As3mt"
4.07787664891092e-09,0.701689687894479,0.784,0.704,8.00935752612594e-05,"0","Gstp1"
4.21242772953884e-09,0.47611741863488,0.899,0.855,8.27362930358724e-05,"0","Blvrb"
4.72242604385428e-09,0.53883033586769,0.909,0.896,9.27531699273418e-05,"0","Col1a1"
4.85201268020898e-09,0.297358389673395,0.988,0.998,9.52983810519846e-05,"0","Timp2"
5.09959115937119e-09,2.41302068765202,0.381,0.216,0.00010016106996121,"0","Rsad2"
5.48620386552617e-09,0.750912751661276,0.747,0.671,0.0001077545301228,"0","Xaf1"
7.68061751551568e-09,0.520308666416061,0.942,0.958,0.000150855008622244,"0","Ly6a"
9.92558951909055e-09,0.51074691213788,0.854,0.802,0.000194948503744458,"0","Sdc2"
1.14383900157843e-08,0.868642406754476,0.524,0.387,0.00022466141830002,"0","Ptgs1"
1.25505646839222e-08,1.29182503297835,0.287,0.135,0.000246505640956917,"0","Xdh"
1.96371327664603e-08,0.432935112515577,0.893,0.871,0.000385692924666047,"0","Pdlim1"
3.26392591541485e-08,0.731551103843959,0.683,0.584,0.00064106768904663,"0","Klf2"
3.47504468857694e-08,1.00194103798158,0.601,0.458,0.000682533527283397,"0","Ifitm1"
3.81661983006812e-08,0.392368508067874,0.909,0.855,0.00074962230082368,"0","Ndufa1"
4.63580069005412e-08,1.17027156489331,0.436,0.285,0.000910517613533529,"0","Ramp3"
5.60880183100943e-08,1.12384167798029,0.405,0.264,0.00110162476762856,"0","Fam20a"
6.12221931290074e-08,0.333554675229208,0.988,0.984,0.00120246509524683,"0","Lgals3"
7.26966014194527e-08,0.390549038247399,0.954,0.942,0.00142783394847947,"0","Cuedc2"
7.44225486465513e-08,1.35499739821857,0.378,0.229,0.00146173327796691,"0","Ifi44"
9.93344523207872e-08,1.12538408453233,0.433,0.284,0.00195102797803258,"0","Trim30a"
1.25444432022038e-07,0.461805493696299,0.857,0.796,0.00246385408934485,"0","Prr13"
1.34339304204618e-07,0.250168628343206,0.997,0.998,0.00263855827388291,"0","Ly6e"
1.45106208616025e-07,0.2505451934959,0.985,0.989,0.00285003104342735,"0","Eif3f"
1.47270110257966e-07,0.3965297434585,0.915,0.891,0.00289253223557671,"0","Gm14541"
1.48789578321877e-07,0.325373426256675,0.936,0.933,0.00292237610781998,"0","Anapc11"
1.81053448207555e-07,0.27566076805631,0.997,0.993,0.00355607077624459,"0","Bgn"
1.99711081693139e-07,0.925267375388703,0.579,0.447,0.00392252535553494,"0","Crabp2"
2.80902063310146e-07,0.346950476735373,1,1,0.00551719742547459,"0","Ftl1"
6.59151028849908e-07,0.466837022640574,0.814,0.725,0.012946385357641,"0","Ifi35"
8.3912642539992e-07,0.456322801060084,0.887,0.878,0.0164812821212798,"0","Grina"
9.14701658422189e-07,0.378080524472209,0.997,0.996,0.0179656552730702,"0","Esd"
1.84609992585597e-06,0.457633822821065,0.845,0.793,0.0362592486437371,"0","Emc2"
2.13803073283801e-06,0.555216422242178,0.787,0.758,0.0419930616236714,"0","Aopep"
2.6115445753491e-06,0.768269594816393,0.442,0.302,0.0512933470044317,"0","Acot1"
3.12492972662118e-06,0.280575643438476,0.97,0.978,0.0613767447605666,"0","Rpl22l1"
3.19568553910039e-06,0.994312961380416,0.591,0.496,0.0627664596734708,"0","Ifi47"
4.35513995295243e-06,0.397184355227607,0.954,0.958,0.0855393038159387,"0","Prdx5"
4.44118165263086e-06,0.548646148029843,0.689,0.609,0.0872292488393227,"0","Serinc1"
4.83076699959574e-06,0.601472272169401,0.71,0.649,0.09488109463906,"0","Lamp2"
5.15888923618892e-06,0.652368900429351,0.54,0.427,0.101325743487987,"0","Zc2hc1a"
6.11091988073297e-06,0.988729754870114,0.39,0.269,0.120024577377476,"0","Snai2"
6.52357706987735e-06,0.429248380366408,0.921,0.898,0.128129577229461,"0","Gsn"
8.92170874086317e-06,0.861068557975102,0.485,0.391,0.175231281379294,"0","Fbn1"
1.01823692412973e-05,0.530114517411776,0.811,0.802,0.19999191426832,"0","Sat1"
1.04019076996461e-05,0.285621302766253,0.918,0.947,0.20430386912875,"0","Cenpw"
1.10691650977735e-05,1.50659553790822,0.399,0.295,0.21740947168537,"0","Oasl1"
1.15564847107519e-05,0.265424851869365,1,0.998,0.226980916203877,"0","B2m"
1.21015355640027e-05,0.337778809554035,1,0.996,0.237686260012578,"0","Cst3"
1.33265141738144e-05,0.745217151240838,0.756,0.673,0.261746064887889,"0","Gstm1"
1.44736334822923e-05,0.314359329960706,0.994,0.995,0.284276635225703,"0","S100a4"
1.49420482866975e-05,0.746263941255845,0.415,0.307,0.293476770399026,"0","Matn2"
1.67039306924065e-05,0.511386956067575,0.905,0.88,0.328081902729555,"0","Col3a1"
1.68137903110756e-05,1.18719025475324,0.25,0.144,0.330239655499836,"0","Sp140"
1.78237838679725e-05,0.529849991696822,0.826,0.8,0.350076938950849,"0","Cyb5a"
1.79987080404801e-05,0.966011522222004,0.448,0.331,0.35351262462307,"0","Irf7"
2.74205005441568e-05,0.608847580217234,0.53,0.425,0.538566051187783,"0","Galk2"
3.04434819919839e-05,0.255225941511536,0.991,0.985,0.597940429804555,"0","Lamp1"
3.05190785631895e-05,0.745347524237106,0.549,0.462,0.599425222059604,"0","Olfml2b"
3.13316750212839e-05,0.298555273436965,0.976,0.969,0.615385429093037,"0","Pcolce"
3.19096804346995e-05,0.280132098142326,1,0.989,0.626738033417933,"0","Gabarap"
3.40789244875381e-05,0.396186763289421,0.625,0.527,0.669344155859737,"0","Glrx"
3.91941585420508e-05,0.256257615125867,0.954,0.936,0.76981246792442,"0","Capns1"
4.06312258469032e-05,0.300598642705848,0.936,0.942,0.798037906859025,"0","Marchf5"
4.1074945104254e-05,0.295653141663155,0.988,0.991,0.806752996792652,"0","Ifitm2"
4.66905780368161e-05,0.441938988543795,0.802,0.771,0.917049643221104,"0","Grn"
5.75560625618189e-05,0.58057136963704,0.655,0.585,1,"0","Rnf213"
5.88683646692633e-05,0.56754559195778,0.744,0.702,1,"0","Fgf7"
6.70020992320421e-05,0.493480351197718,0.832,0.816,1,"0","Snhg18"
7.11720015071928e-05,1.48392862054301,0.317,0.22,1,"0","Gbp2"
7.88561421676974e-05,0.99142461661813,0.323,0.215,1,"0","Gm2619"
8.76441691200571e-05,0.456569216176983,0.93,0.933,1,"0","Igfbp6"
9.50268835462037e-05,0.412229770339059,0.671,0.585,1,"0","Apol9a"
0.000101520558560113,0.314139967197863,0.93,0.909,1,"0","Psmb10"
0.000106532602826229,0.635659968318611,0.378,0.262,1,"0","Akr1c12"
0.000112618638594989,1.09154061192092,0.341,0.245,1,"0","Parp14"
0.000119049467492609,0.300771490868868,0.838,0.8,1,"0","Tmem192"
0.000128091786457395,1.15112534535033,0.265,0.169,1,"0","Pdgfra"
0.000129189291967383,0.669823229662422,0.457,0.369,1,"0","Tcirg1"
0.000136348089145283,0.515720743884224,0.479,0.364,1,"0","Apol9b"
0.000142936207217906,0.273811346193286,0.976,0.978,1,"0","Dynlrb1"
0.000151003985233129,0.588104882806284,0.573,0.493,1,"0","Il6st"
0.000160023840253787,0.672405301208834,0.637,0.584,1,"0","Ly6c1"
0.000162419617827349,0.39574889468755,0.942,0.947,1,"0","Col1a2"
0.000162967760683293,1.16553628931133,0.253,0.164,1,"0","Herc6"
0.000192955814214386,0.339749284816084,0.866,0.853,1,"0","Ap3s1"
0.000195567441365675,1.24085957894137,0.311,0.227,1,"0","Slfn2"
0.000198514180616192,0.37983362199844,0.805,0.795,1,"0","Vegfb"
0.000225043143646748,0.375692256525424,0.72,0.653,1,"0","Wbp2"
0.000229512033572566,0.515829259794238,0.604,0.533,1,"0","Cp"
0.00024693568397536,0.581441860609477,0.515,0.425,1,"0","Rigi"
0.000258258054151211,0.302067262630739,0.851,0.824,1,"0","Mcrip1"
0.000259432577790406,0.441083260133513,0.787,0.785,1,"0","Lgals3bp"
0.000261981502879471,0.752583401148578,0.348,0.245,1,"0","Maged2"
0.000264763658546598,1.06707522102324,0.268,0.18,1,"0","Hlf"
0.000291819290286505,0.461191960952762,0.555,0.475,1,"0","Lpar1"
0.000307458861488002,0.403397189405612,0.674,0.613,1,"0","Retreg1"
0.000316837113382892,0.544118804325718,0.555,0.495,1,"0","Thra"
0.000327242741988841,0.734378232291079,0.393,0.293,1,"0","Fgfbp1"
0.000329251820091158,0.6834098942562,0.476,0.38,1,"0","Vcan"
0.000414815600539455,0.66827974331733,0.314,0.211,1,"0","Slfn8"
0.000422378037851177,1.01656338239942,0.277,0.189,1,"0","Adamts5"
0.000423163570144606,0.648285889502269,0.454,0.378,1,"0","Tmem223"
0.000436419236486219,0.452854896724945,0.884,0.891,1,"0","Cebpb"
0.000491934439050632,0.748056058197499,0.457,0.371,1,"0","Cdc42ep2"
0.000558185146243311,0.720590141295296,0.558,0.475,1,"0","Nqo1"
0.000586221558294548,0.656296241424252,0.549,0.513,1,"0","Pold4"
0.000588308407398097,0.920526356231205,0.29,0.205,1,"0","Gm46212"
0.000609058432631926,0.957623454562681,0.308,0.216,1,"0","Ypel3"
0.0007107531798754,0.386478876392631,0.777,0.744,1,"0","Bdnf"
0.000778311401334844,0.582299818099042,0.439,0.358,1,"0","H2-T23"
0.00077874479590084,0.266956405578406,0.841,0.833,1,"0","Cnpy2"
0.000802948348665138,0.54769903642776,0.47,0.391,1,"0","Tmem205"
0.000804378762342286,0.429551828169472,0.71,0.667,1,"0","Shisa5"
0.000829330422215535,0.813604692474948,0.405,0.336,1,"0","Smim36"
0.00091415663692834,0.292808302230792,0.808,0.811,1,"0","Lgals9"
0.000946907959518032,0.331886887614677,0.845,0.825,1,"0","Npdc1"
0.000983499635691734,0.350940587986874,0.659,0.622,1,"0","Glmp"
0.00100186542976248,0.952409816145534,0.259,0.182,1,"0","Gm20559"
0.00107217934721779,0.31283997453674,0.741,0.716,1,"0","Vat1"
0.00116028517832396,0.489037129326299,0.555,0.509,1,"0","Arid5b"
0.00119201516422053,1.06911227247348,0.308,0.231,1,"0","Gbp7"
0.00120868789897892,0.763735661296861,0.293,0.209,1,"0","Gpr137b"
0.00122723714624299,0.460627026004122,0.918,0.915,1,"0","Malat1"
0.00124552648436279,0.779495609705607,0.372,0.307,1,"0","Fbln5"
0.00147617849834047,0.404934270557389,0.71,0.689,1,"0","Aip"
0.00152938650697806,0.472799971131921,0.598,0.529,1,"0","Itgb2"
0.00153360870144868,0.378074487964401,0.598,0.525,1,"0","Pnrc1"
0.00157258684080963,0.466161181826446,0.585,0.544,1,"0","Litaf"
0.00159952798217767,0.301429263380228,0.988,1,1,"0","Spp1"
0.00161510803790383,0.430069225357912,0.466,0.387,1,"0","Chchd5"
0.00167227172630998,0.614242410909385,0.643,0.591,1,"0","Dkk2"
0.00173999310265439,0.302001193118482,0.765,0.744,1,"0","Aldh2"
0.00177034477061467,0.38065874087555,0.595,0.529,1,"0","Samhd1"
0.00184256772710576,0.867152275930889,0.317,0.244,1,"0","Ptx3"
0.00186168346747528,0.700935075540274,0.387,0.307,1,"0","Cebpd"
0.00186305196668271,0.379564889123348,0.686,0.604,1,"0","Frg1"
0.00219733098369894,0.553301173635974,0.476,0.409,1,"0","Casp1"
0.00223063834887254,0.453779344877037,0.619,0.569,1,"0","Filip1l"
0.00223554787186908,0.91772979309982,0.287,0.207,1,"0","Ddx60"
0.0023306311623428,0.482510907555052,0.439,0.365,1,"0","Rhog"
0.0023416588952457,1.21598775413328,0.305,0.229,1,"0","Ifit2"
0.00241371621658278,0.315798837625414,0.723,0.642,1,"0","Ccdc85b"
0.00250521517304033,0.634364081732548,0.421,0.369,1,"0","Mrc2"
0.0025387096730632,0.351040454655553,0.649,0.613,1,"0","Usp9x"
0.00264069924255213,0.262045957760259,0.732,0.693,1,"0","Syce2"
0.00266318491634763,0.440147622683566,0.701,0.669,1,"0","Snhg4"
0.00277187798083274,0.319361838507094,0.832,0.813,1,"0","Cited2"
0.00284776340802419,0.420961765774889,0.665,0.649,1,"0","Nfe2l2"
0.00293360215655447,0.444936487231172,0.561,0.489,1,"0","Dynlt3"
0.00298929889285665,0.846317824020799,0.314,0.238,1,"0","Rab3il1"
0.00301454735819605,0.425923184395741,0.643,0.607,1,"0","Rsrp1"
0.00304990027364721,0.462566043758903,0.585,0.545,1,"0","Limd2"
0.00308964126767579,0.558434182087041,0.412,0.335,1,"0","Fosl2"
0.00335894562378157,0.512366439138967,0.442,0.371,1,"0","Pigbos1"
0.00340226257563425,0.521933086506214,0.546,0.475,1,"0","Sgk1"
0.00342824308894607,0.540148110165534,0.405,0.335,1,"0","Gpsm3"
0.00353372529326623,0.311389716742164,0.668,0.656,1,"0","Osbpl9"
0.00356408421623549,0.480027367907477,0.485,0.442,1,"0","Ciao1"
0.00358215964672956,0.31313494893253,0.738,0.7,1,"0","Camk2d"
0.00365836597135067,0.320679140038206,0.674,0.6,1,"0","Mgst3"
0.00394947110418518,0.324890827451501,0.738,0.7,1,"0","1110038F14Rik"
0.00404812426477101,0.463758540703378,0.637,0.651,1,"0","Apbb1ip"
0.00410380207424932,0.554625506662773,0.348,0.269,1,"0","1110046J04Rik"
0.00433093444340905,0.656568749083709,0.326,0.264,1,"0","Gas7"
0.0044032894901236,0.642508852647449,0.323,0.247,1,"0","Cds2"
0.00473513664008524,0.713608735748329,0.646,0.585,1,"0","Ogn"
0.00475883950119201,0.653679553948701,0.351,0.305,1,"0","Pgpep1"
0.00477937348716375,0.315391875300097,0.771,0.771,1,"0","Tsg101"
0.00511845351108968,0.254088494474924,0.585,0.502,1,"0","C1qtnf12"
0.00523934651934203,0.261940512490714,0.723,0.695,1,"0","Ebp"
0.00525966874186622,0.251431240304038,0.976,0.98,1,"0","Mrpl33"
0.00543128587854169,0.29117347215143,0.744,0.74,1,"0","Ecscr"
0.00543987654841714,0.380916358834337,0.543,0.484,1,"0","Anapc2"
0.00592814594236488,0.33925442565015,0.671,0.635,1,"0","Rab9"
0.00596719180794319,0.316572382578915,0.753,0.758,1,"0","Rhob"
0.00631192068663397,0.285280323193863,0.79,0.771,1,"0","Col5a2"
0.00652199028834311,0.405262871114995,0.534,0.476,1,"0","Gcc2"
0.00662331550859863,0.671187019793843,0.445,0.382,1,"0","Mndal"
0.00696226220173306,0.689283587013792,0.296,0.225,1,"0","Gbp3"
0.00739131227997657,0.579976507937416,0.412,0.371,1,"0","Ppp1r15a"
0.00760856579850017,0.329961161291877,0.72,0.704,1,"0","Pet100"
0.00773683380858867,0.427781382208088,0.445,0.389,1,"0","Nanp"
0.00807460395948681,0.825226834475781,0.375,0.324,1,"0","Lsp1"
0.00824555544128364,0.487952254540911,0.518,0.484,1,"0","Stx4a"
0.00853763637916779,0.621976587959847,0.335,0.276,1,"0","Nat9"
0.00868968069485668,0.330886046246078,0.518,0.471,1,"0","Tradd"
0.00890669202836879,0.397748227054379,0.628,0.591,1,"0","Ext1"
0.00895762175090186,0.498701805583704,0.448,0.407,1,"0","Tbpl1"
0.00905231182270363,0.324316633366694,0.649,0.653,1,"0","Bbip1"
0.00911357142334733,0.736607560824658,0.329,0.28,1,"0","Ube2l6"
0.00980884992180616,0.507475362861149,0.305,0.24,1,"0","Parp10"
0.00999655875320998,0.363176430670544,0.561,0.513,1,"0","Lims1"
2.54954828994475e-50,0.482255823726097,1,1,5.00756779628048e-46,"1","Rpl32"
4.12742077967267e-43,4.93684635508182,0.307,0.009,8.10666715335509e-39,"1","Epb41l3"
9.39611449183018e-35,0.620140272306025,1,1,1.84549084734037e-30,"1","Tmsb10"
3.17207411905137e-30,0.572772654985801,1,0.991,6.2302707772288e-26,"1","Hnrnpf"
5.77205584329947e-30,0.585985003574792,1,1,1.13368948818245e-25,"1","Gapdh"
1.20550946579294e-27,0.306115997532459,1,1,2.36774114176391e-23,"1","Rplp0"
2.22450152715169e-25,0.387177186586114,1,1,4.36914344947863e-21,"1","Txn1"
2.61366703311725e-24,0.61855952160418,0.996,0.943,5.13350341974558e-20,"1","Mlf2"
1.62528140121851e-23,0.825792184478748,0.969,0.838,3.19221520013327e-19,"1","Emp1"
1.99662642310413e-23,0.500112709445959,1,0.994,3.92157395761883e-19,"1","Ybx3"
2.82905539626174e-22,0.43628790520288,1,0.998,5.55654770379769e-18,"1","Psma7"
3.31434479062973e-22,0.311331180958058,1,1,6.50970460327585e-18,"1","Rps2"
3.39813405854695e-22,0.697376490915698,0.947,0.873,6.67427510439207e-18,"1","Gng10"
4.62726083149757e-22,0.255254643536214,1,1,9.08840299914438e-18,"1","Rps20"
9.96307281165655e-21,0.372412845500951,1,0.998,1.95684713093746e-16,"1","Serbp1"
7.99090332995382e-20,0.348159866440748,1,0.998,1.56949332303623e-15,"1","Atp5mf"
1.03159357627218e-19,0.447566062351639,1,0.997,2.02615294315619e-15,"1","Hnrnpa2b1"
1.08859210777979e-19,2.31337439188024,0.289,0.061,2.13810375889028e-15,"1","Sema3d"
1.35134301669451e-19,0.252069248331352,1,1,2.6541728190897e-15,"1","Rpl13"
3.34297897422705e-19,0.432195604931346,1,0.992,6.56594500327934e-15,"1","Gnb2"
6.94516238139549e-19,0.865114649769149,0.853,0.62,1.36409934332989e-14,"1","Tmem248"
9.23994939906693e-19,1.07984917743969,0.898,0.735,1.81481846147074e-14,"1","Col6a1"
1.29640277813923e-18,0.336963574378696,1,1,2.54626469654325e-14,"1","Rpl12"
1.79274170520864e-18,0.302905155087536,1,0.997,3.52112398320028e-14,"1","Ybx1"
2.55380976494629e-18,0.779497889542875,0.893,0.706,5.01593775933101e-14,"1","Mrpl21"
7.69702904117503e-18,0.56735313313501,0.996,0.951,1.51177347397719e-13,"1","Stmn1"
3.04420699592461e-17,0.64599501353326,0.969,0.89,5.97912696069553e-13,"1","Nfib"
3.55343910637659e-17,1.7401190938402,0.413,0.15,6.97930974883427e-13,"1","H2bc11"
4.56851620147238e-17,0.572039866474503,0.978,0.908,8.97302267131191e-13,"1","Brk1"
7.63128352011683e-17,0.778323766569092,0.911,0.758,1.49886039618615e-12,"1","Cdca3"
8.70039503876283e-17,0.72279409693342,0.924,0.718,1.70884458956341e-12,"1","Tmed5"
1.34120451292868e-16,1.86163256634056,0.324,0.093,2.63425978384323e-12,"1","Col6a3"
4.03796391111108e-16,0.410179914439476,1,0.986,7.93096491781327e-12,"1","Pcbp1"
5.13323421095668e-16,0.708917368405093,0.933,0.734,1.008218531374e-11,"1","Tmf1"
7.23922601718762e-16,1.14597975706315,0.831,0.626,1.42185638203582e-11,"1","Col6a2"
1.15284007382496e-15,0.964064174398709,0.72,0.413,2.2642931889996e-11,"1","Meis2"
3.2786299068395e-15,0.587754282974602,0.973,0.841,6.43955700002346e-11,"1","Sod2"
7.28538730626942e-15,0.480807852096242,1,0.974,1.43092292082438e-10,"1","Ptms"
1.21775410656092e-14,0.297574380936659,1,0.997,2.39179084069631e-10,"1","Ran"
2.425633013956e-14,0.374687454995051,1,0.98,4.76418580271099e-10,"1","Mdh2"
2.79712876466039e-14,0.422399372350597,0.996,0.969,5.49384060666947e-10,"1","Abracl"
2.81147784652551e-14,0.29095667181479,1,0.998,5.52202363836076e-10,"1","Ndufa4"
4.91850406334801e-14,0.782889300069193,0.849,0.628,9.66043383082182e-10,"1","Resf1"
6.27008125780641e-14,0.387842690212493,1,0.995,1.23150665984576e-09,"1","Ndufa13"
1.11196280939689e-13,0.345387037881724,1,0.991,2.18400615393644e-09,"1","Hmgb1"
1.75546564816282e-13,0.277082612080562,0.996,0.998,3.4479100795566e-09,"1","Elob"
1.9890316578964e-13,0.517790854085719,0.969,0.89,3.90665707927433e-09,"1","Tmpo"
2.13995535626183e-13,0.696606835848336,0.849,0.623,4.20308631523386e-09,"1","Dusp11"
3.84447070893738e-13,0.656595324973731,0.916,0.769,7.55092491942391e-09,"1","Wnk1"
4.70313063680597e-13,0.254652118164097,1,1,9.23741888375061e-09,"1","Atp5f1b"
5.08174619364668e-13,0.839466897314947,0.764,0.478,9.98105769894145e-09,"1","Mad2l1"
7.99414335325052e-13,0.833427012066285,0.698,0.424,1.57012969601193e-08,"1","ENSMUSG00000133912"
8.38784693892804e-13,0.298172127777584,1,0.994,1.64745701727486e-08,"1","Snrpg"
9.08711173217386e-13,0.482219917320712,0.973,0.902,1.78479961531627e-08,"1","Ccdc34"
9.85063944712936e-13,0.376395219680745,0.991,0.982,1.93476409381068e-08,"1","Vcp"
1.35259193463127e-12,0.271204548466625,1,1,2.65662581880928e-08,"1","Tpt1"
1.52732958409612e-12,0.372151457446869,0.987,0.966,2.9998280361232e-08,"1","Aurkaip1"
1.94186883821222e-12,0.446332283729544,0.991,0.949,3.81402458513262e-08,"1","Tle5"
2.80387346055094e-12,0.748677701003779,0.764,0.516,5.50708786386809e-08,"1","Oip5os1"
2.9077013371677e-12,0.58069619579831,0.964,0.858,5.71101619633108e-08,"1","Tax1bp1"
2.96570527691917e-12,0.520939279385139,0.929,0.827,5.82494173439693e-08,"1","Cbx3"
3.87706318704628e-12,0.369604026814466,0.996,0.997,7.61493980567759e-08,"1","Psmd7"
4.33320786754823e-12,1.04244334599311,0.622,0.383,8.51085357265147e-08,"1","Sema3a"
4.41235342100222e-12,0.332184367173597,1,0.998,8.66630335419046e-08,"1","Arpc1b"
5.60339572327392e-12,1.0600806934194,0.524,0.282,1.10056295400823e-07,"1","Gpc4"
6.02945012952101e-12,0.36523262369463,1,0.989,1.18424429993922e-07,"1","Cox6a1"
6.13183466683675e-12,0.726679472551064,0.72,0.455,1.20435364691341e-07,"1","Hibadh"
7.47005960318525e-12,0.472683900344706,0.969,0.862,1.46719440666162e-07,"1","Psip1"
7.71959687783567e-12,0.457829531783137,0.987,0.933,1.5162060227757e-07,"1","Sf3b1"
8.29189447553998e-12,1.71001959034291,0.258,0.081,1.62861099394081e-07,"1","Arap1"
1.12147639421947e-11,0.397411026489165,0.996,0.971,2.20269178588647e-07,"1","Phb2"
1.26905722393511e-11,0.850556843693349,0.676,0.41,2.49255529353095e-07,"1","Arl4c"
1.63159585314512e-11,0.303326010980506,1,0.989,3.20461741516234e-07,"1","Tuba1b"
1.81127830261118e-11,0.413207900396287,0.978,0.945,3.55753171415861e-07,"1","Psmc2"
2.74886189027545e-11,0.401323130684482,0.973,0.966,5.39903963869001e-07,"1","Mrpl42"
2.80850154904139e-11,0.335910385698647,1,0.992,5.51617789247219e-07,"1","Cnbp"
2.95320415416987e-11,0.563901478458665,0.92,0.827,5.80038827920504e-07,"1","Pole4"
3.34853911631213e-11,0.272091194396911,0.996,1,6.57686567834865e-07,"1","Prdx1"
4.65218028148166e-11,0.376727557065761,0.991,0.966,9.13734729085812e-07,"1","Bzw1"
4.83552930414317e-11,0.495886683523244,0.947,0.884,9.4974631062676e-07,"1","Mrpl51"
6.09600775895134e-11,0.994117591058618,0.853,0.685,1.19731688393563e-06,"1","Dcn"
6.17746250131336e-11,0.334177840619958,1,0.988,1.21331540988296e-06,"1","Cct7"
6.29708120491836e-11,0.469232353103063,0.956,0.922,1.23680971945801e-06,"1","Nasp"
7.40563429719345e-11,0.513666308519902,0.933,0.894,1.45454063231177e-06,"1","Kcmf1"
7.82478629381874e-11,0.601209756847037,0.827,0.587,1.53686627596894e-06,"1","Gxylt2"
8.05190075753609e-11,0.499547373932369,0.933,0.845,1.58147382778766e-06,"1","Hmgn3"
9.78578301839024e-11,0.587671395237992,0.884,0.73,1.92202564264203e-06,"1","Chmp3"
1.20223157990962e-10,0.607989065544886,0.911,0.798,2.36130304610049e-06,"1","Smc1a"
1.30871960234704e-10,0.421810539843329,0.991,0.925,2.57045617096982e-06,"1","Capza2"
1.4128742470166e-10,0.73485591006179,0.702,0.453,2.7750263085653e-06,"1","Hmces"
2.00426102917364e-10,0.964767455614527,0.52,0.276,3.93656908739996e-06,"1","Ehbp1l1"
2.12310609266571e-10,0.603436412305586,0.876,0.708,4.16999267660471e-06,"1","Hspb8"
2.36767910000165e-10,0.565636624351472,0.871,0.674,4.65035852031324e-06,"1","Cops7a"
2.44649332706398e-10,0.918072357489232,0.542,0.286,4.80515754368636e-06,"1","Hoxa10"
2.62682648359307e-10,0.481415855288216,0.911,0.787,5.15934989642515e-06,"1","Gatad1"
3.62666618128139e-10,0.316029540069015,1,0.997,7.12313504665478e-06,"1","Clic1"
3.74110334059003e-10,0.647597960200815,0.791,0.59,7.34790107125288e-06,"1","Nsd2"
4.20318618766703e-10,0.349113147492707,1,0.998,8.25547799119682e-06,"1","Gas5"
4.53052003986823e-10,0.66834821681446,0.742,0.527,8.89839441030519e-06,"1","Mettl1"
4.64129265699496e-10,0.848494499897463,0.64,0.415,9.1159629076038e-06,"1","Terf1"
4.72677552728116e-10,0.439694008950046,0.956,0.893,9.28385981313293e-06,"1","Ubxn4"
5.40055509371825e-10,0.637889122803366,0.853,0.643,1.0607230259572e-05,"1","Mcm2"
6.44577282882968e-10,0.442061544948603,0.947,0.877,1.26601424131044e-05,"1","Vars1"
6.908045855925e-10,1.16500880316226,0.276,0.101,1.35680928656223e-05,"1","Chst2"
1.08437276256181e-09,0.373614444938394,1,0.997,2.12981654294765e-05,"1","Hsp90b1"
1.1349896039239e-09,0.566650176123233,0.831,0.662,2.22923308106693e-05,"1","Tmem128"
1.27578348812964e-09,0.504775800982737,0.956,0.855,2.50576634903542e-05,"1","Ghitm"
1.33548404202384e-09,0.37008829889097,0.978,0.937,2.62302420693902e-05,"1","Emg1"
1.36620265717163e-09,0.835355913288758,0.609,0.372,2.68335863895079e-05,"1","Cdkn2c"
1.38951369301152e-09,0.31388247816409,0.996,0.994,2.72914384444392e-05,"1","Set"
1.48313338417803e-09,0.446671337427198,0.991,0.98,2.91302227986406e-05,"1","Tubb4b"
1.59303925894897e-09,0.435499759520943,0.978,0.887,3.12888840850167e-05,"1","Dnajc2"
1.80318262792172e-09,0.412253509519735,0.942,0.839,3.54163099950106e-05,"1","Tex261"
1.80675459595416e-09,0.563708927494136,0.907,0.793,3.54864670191356e-05,"1","Rrm2"
1.93563740051528e-09,0.975582368419404,0.476,0.259,3.80178541835205e-05,"1","Scrn1"
2.01828471031212e-09,0.736954852945078,0.698,0.473,3.96411299952403e-05,"1","Epb41"
2.11037268452328e-09,0.431009563577964,0.978,0.92,4.14498298967218e-05,"1","Rpn1"
2.79371012020205e-09,0.700216209053208,0.733,0.544,5.48712604708885e-05,"1","Gmfb"
3.37868615996158e-09,0.42383226569622,0.987,0.991,6.63607748678053e-05,"1","Tceal9"
3.72427425318793e-09,0.429651287976179,0.96,0.904,7.31484706068642e-05,"1","Snrnp27"
4.25553560974975e-09,0.363332897837036,0.991,0.94,8.35829749110949e-05,"1","Rac1"
4.28262503034785e-09,0.333091932514153,0.996,0.982,8.41150382210621e-05,"1","Myl6"
4.50150979630614e-09,0.894070937081763,0.498,0.271,8.84141539092488e-05,"1","Foxm1"
4.52831297995429e-09,0.702964737193984,0.658,0.406,8.89405952392821e-05,"1","Ar"
5.23149816642787e-09,1.2650390751733,0.289,0.118,0.00010275185548681,"1","Cdkn1b"
5.50285295668685e-09,0.890888721481256,0.516,0.291,0.000108081534922286,"1","Gabarapl1"
6.4104812559178e-09,0.483989126668718,0.858,0.674,0.000125908262347482,"1","Gltp"
6.65587979346393e-09,0.669337019581588,0.693,0.472,0.000130728135023425,"1","Mast2"
7.16682450671116e-09,0.638398207977966,0.662,0.438,0.000140763600136314,"1","Rnf6"
7.83428407650862e-09,0.273581882133425,0.996,0.991,0.000153873173546706,"1","Mrfap1"
8.14669060408514e-09,0.56994453618209,0.831,0.666,0.000160009150154836,"1","Atp6v1e1"
1.09716123757711e-08,0.335261424114008,0.969,0.96,0.00021549343867252,"1","Hdlbp"
1.20895798480429e-08,0.401090800885321,0.96,0.914,0.000237451437795411,"1","Gars1"
1.22748388208036e-08,1.15007800202138,0.547,0.36,0.000241090109279404,"1","Cdkn2d"
1.36563787614198e-08,1.12689931780442,0.382,0.201,0.000268224935253047,"1","Ptprn"
1.4264104465461e-08,1.46154381945405,0.316,0.147,0.000280161275806119,"1","Inka1"
1.44023510382196e-08,0.382269554041075,0.987,0.972,0.000282876576741671,"1","Mtx2"
1.46780889116345e-08,0.755805481347371,0.618,0.395,0.000288292344313413,"1","Ski"
1.76802847965474e-08,0.496753601359872,0.836,0.686,0.000347258473688987,"1","Yeats4"
1.85403269024351e-08,0.320887837286107,0.987,0.972,0.000364150560690728,"1","Srrm2"
2.2401216932215e-08,1.10877840376706,0.387,0.196,0.000439982301765634,"1","Dusp6"
2.37498466323316e-08,0.401552563453991,0.982,0.905,0.000466470737705624,"1","Lyar"
2.51655182081248e-08,0.404994425461024,0.942,0.864,0.000494275943125779,"1","Immt"
2.66048642023818e-08,0.307588842868134,0.996,0.982,0.00052254613779898,"1","Nucks1"
2.71284184173553e-08,0.432006270252035,0.951,0.916,0.000532829266135274,"1","Kmt5a"
3.51586665234565e-08,0.746993516684738,0.631,0.426,0.000690551369187209,"1","Fmr1"
3.54604124686605e-08,0.453469764452358,0.898,0.758,0.00069647796129696,"1","Sar1a"
4.05574680415936e-08,0.393687528341867,0.964,0.87,0.000796589229804939,"1","Rab7"
4.14345361800309e-08,0.469482024244081,0.907,0.828,0.000813815725111987,"1","Smc2"
4.66877207976182e-08,0.927928204276541,0.404,0.211,0.000916993524186019,"1","Fbxl14"
4.69161726617883e-08,0.453790378194092,0.924,0.819,0.000921480547250184,"1","Hnrnpdl"
4.71852505191951e-08,0.442709361228752,0.862,0.724,0.00092676550544751,"1","Thrap3"
4.83635463973299e-08,0.610713023605844,0.724,0.542,0.000949908414789957,"1","Rif1"
4.86232510545338e-08,0.609541972119671,0.791,0.648,0.000955009273962099,"1","Sec61a1"
4.89492185663341e-08,0.637691673131147,0.702,0.502,0.000961411601861368,"1","Uhrf1"
4.90743984892918e-08,0.490050133874461,0.876,0.752,0.00096387026072818,"1","Wdr1"
5.00697316785955e-08,0.640836564692298,0.747,0.554,0.000983419599899294,"1","Klf4"
5.18448180254195e-08,0.384494685714714,0.982,0.96,0.00101828407083726,"1","Eif1ax"
5.18643947461405e-08,0.526669256155875,0.88,0.706,0.00101866857720894,"1","Hp1bp3"
5.26177112221803e-08,0.675877864916826,0.613,0.368,0.00103346446611484,"1","Ezh2"
6.2594183568693e-08,0.26602162455303,1,0.988,0.0012294123594727,"1","Swi5"
6.63423810134614e-08,0.609943435380352,0.871,0.746,0.0013030307054854,"1","Sgo1"
6.89323581142066e-08,0.741935067300643,0.582,0.394,0.00135390044572113,"1","Lockd"
7.88969070672171e-08,0.292981315507911,0.996,0.977,0.00154961415170721,"1","Ndufb10"
8.73285050151265e-08,1.40081110609761,0.32,0.161,0.0017152191670021,"1","Tubb3"
1.01334080675184e-07,1.0180260798867,0.333,0.159,0.00199030267854129,"1","Zfp945"
1.0357724151302e-07,0.535863627889732,0.867,0.718,0.00203436060055723,"1","Thbs1"
1.07055185307226e-07,0.479915910487716,0.898,0.799,0.00210267089461923,"1","Luc7l2"
1.12310773014511e-07,0.380773977283225,0.916,0.758,0.00220589589277802,"1","Fgfr1op2"
1.18570805323383e-07,0.321086125101522,0.978,0.957,0.00232884918735656,"1","Nop58"
1.21121860226301e-07,0.368806408122679,0.978,0.894,0.00237895445670478,"1","Smarca5"
1.39206636457558e-07,0.472830838427038,0.907,0.764,0.00273415754666289,"1","Nmt2"
1.41881508337556e-07,0.655767503475301,0.587,0.357,0.00278669470525793,"1","Atn1"
1.41909100979015e-07,0.471483583095778,0.88,0.732,0.00278723665232884,"1","Macf1"
1.58828662250447e-07,0.292322813539035,0.964,0.939,0.00311955375526102,"1","Arf4"
1.5927752231746e-07,0.334555929108319,0.991,0.945,0.00312836981583723,"1","Lsm5"
1.7105912585044e-07,0.830800965097357,0.44,0.237,0.0033597722908285,"1","Sgpl1"
1.71384414205014e-07,0.607630619032054,0.831,0.72,0.00336616127940069,"1","Dbf4"
1.75855853564936e-07,0.411486434153791,0.933,0.816,0.0034539848198689,"1","Eif3j1"
1.87217031950365e-07,1.01646763190854,0.338,0.17,0.00367712972453712,"1","Nav1"
1.92086445039249e-07,0.348344055675294,0.973,0.926,0.00377276986701589,"1","Sri"
1.94557818020736e-07,0.663691080404849,0.52,0.32,0.00382131010374528,"1","Tacc1"
2.05790061488726e-07,0.641526396462091,0.622,0.407,0.00404192259770007,"1","Tes"
2.10649701908906e-07,1.12163657300782,0.32,0.156,0.00413737079519281,"1","Lcorl"
2.18741347522569e-07,0.522809302473595,0.831,0.623,0.00429629880669077,"1","Tuba4a"
2.31221703509552e-07,0.805069434633019,0.253,0.104,0.0045414254786311,"1","Gstt3"
2.36358648335587e-07,0.39310518607983,0.924,0.816,0.00464232021195926,"1","Brd4"
2.47963762244138e-07,0.654795740195671,0.716,0.545,0.00487025625423711,"1","Bpnt2"
2.55961683174587e-07,0.380403464204603,0.938,0.885,0.00502734341923206,"1","Dph3"
2.5604089475146e-07,0.347281669820793,0.987,0.972,0.00502889921381343,"1","Capg"
2.6554366089267e-07,0.54603393903808,0.711,0.538,0.00521554304359294,"1","Smim10l1"
2.83005626544569e-07,0.512917937743941,0.858,0.706,0.00555851351096188,"1","Mri1"
2.84857942918139e-07,0.457184773459917,0.88,0.761,0.00559489485685516,"1","Nfic"
2.9692232454468e-07,0.485470831642793,0.818,0.674,0.00583185137638206,"1","Lrp1"
3.35241463464269e-07,0.286396352651579,0.973,0.977,0.0065844775839017,"1","Tmed2"
3.43703231986924e-07,0.353999438631572,0.973,0.876,0.00675067517945517,"1","Erdr1y"
3.45842560021301e-07,0.512545370369268,0.844,0.672,0.00679269372137836,"1","Aup1"
3.61422307594058e-07,0.751308781908122,0.476,0.274,0.0070986955434549,"1","Crnde"
3.63316864548796e-07,0.356069971105637,0.96,0.896,0.00713590653660291,"1","Dazap1"
3.77429601775798e-07,0.372149840174783,0.947,0.871,0.00741309480847844,"1","Ube2k"
3.95525347466649e-07,0.404575091772685,0.942,0.905,0.00776851334959245,"1","Ccnb2"
4.1204868571657e-07,0.729320579160886,0.827,0.66,0.00809304823615916,"1","ENSMUSG00000129048"
4.25587593927302e-07,0.844170461433134,0.329,0.159,0.00835896593232613,"1","Plekha2"
4.48125357122479e-07,0.290540192407462,0.991,0.975,0.00880163013924261,"1","Tmbim6"
4.51747042243407e-07,0.294890435350649,0.978,0.954,0.00887276365670276,"1","Dnajc8"
4.86839830509911e-07,0.294709367823889,0.991,0.98,0.00956202111104516,"1","Psmc6"
5.07832957899415e-07,0.536141759066348,0.773,0.583,0.00997434712610241,"1","Reep4"
5.10646504144856e-07,0.797178663524794,0.378,0.196,0.0100296079879091,"1","Ppp6r3"
5.18870095080978e-07,0.832236625058237,0.307,0.149,0.0101911275374855,"1","Casp12"
5.2136970638666e-07,0.33268037452803,0.987,0.956,0.0102402224031404,"1","Septin7"
5.55517649579212e-07,0.801241565652604,0.427,0.245,0.0109109221553853,"1","Tpcn1"
5.88008391486528e-07,0.955897369697741,0.307,0.147,0.0115490728171869,"1","Fam171a1"
6.63334444695459e-07,0.309151459542395,0.991,0.953,0.0130285518282635,"1","Raly"
6.68309866024554e-07,0.555909792326068,0.778,0.622,0.0131262740785883,"1","Prrc2a"
6.94924126847041e-07,0.871129727286806,0.342,0.172,0.0136490047754027,"1","Ccdc77"
7.14167615991497e-07,0.687433256408692,0.591,0.377,0.014026966145689,"1","Nelfa"
7.62671205834269e-07,0.349360246202078,0.951,0.907,0.0149796251537909,"1","Fundc2"
7.64208277990281e-07,0.506033120574366,0.778,0.597,0.0150098147880071,"1","Gnl1"
7.83653739051118e-07,0.646661869907802,0.64,0.443,0.015391743088703,"1","Krit1"
8.34903168030586e-07,0.690104811269378,0.453,0.257,0.0163983331232887,"1","Tcf19"
8.38793198756227e-07,0.591594384043372,0.667,0.481,0.0164747372167711,"1","Mob1a"
8.40835953832193e-07,0.9336796158139,0.32,0.158,0.0165148589692181,"1","Atxn1l"
8.50015768283191e-07,0.470944711721094,0.827,0.657,0.0166951597048502,"1","Snx17"
8.55923291467375e-07,0.474229441327938,0.8,0.634,0.0168111893677107,"1","Cdc5l"
8.68413998981503e-07,0.270032248943356,0.991,0.959,0.0170565193539957,"1","P4hb"
8.78694686081103e-07,0.341317883459805,0.933,0.907,0.0172584423293189,"1","Mbd3"
8.81829226948924e-07,0.700861634342086,0.556,0.366,0.0173200078465038,"1","Scarb2"
8.9615086532476e-07,0.514355871756492,0.809,0.631,0.0176012991458436,"1","Hmgb3"
9.20301689931787e-07,0.473584297346949,0.804,0.636,0.0180756454919502,"1","Ptbp3"
9.51873961890827e-07,1.14034112228436,0.262,0.119,0.0186957564854977,"1","Abcg2"
9.63419498108938e-07,0.534148374527514,0.716,0.536,0.0189225223623577,"1","Mia3"
9.77369924669712e-07,0.61722241862279,0.604,0.4,0.0191965226904378,"1","Nvl"
1.02345732137238e-06,0.479247575634921,0.831,0.7,0.0201017252490749,"1","Cdk6"
1.03292186848022e-06,0.312242302589594,1,0.98,0.0202876184188199,"1","Tpi1"
1.07369970866057e-06,0.757051661195181,0.476,0.285,0.0210885359778023,"1","Camk2g"
1.07552190214539e-06,0.489852328231666,0.782,0.616,0.0211243256800377,"1","Sbds"
1.16086931790631e-06,0.515115559766216,0.773,0.593,0.0228006342729978,"1","Vbp1"
1.20701194702661e-06,0.268360821558655,0.987,0.979,0.0237069216515497,"1","Bag1"
1.29082196112048e-06,0.334159299282254,0.956,0.897,0.0253530341383674,"1","Mvb12a"
1.36621437363386e-06,0.48347740858171,0.782,0.639,0.0268338165125427,"1","Mmadhc"
1.40104605479175e-06,0.624173806185981,0.631,0.432,0.0275179455621647,"1","Gbf1"
1.41019158339767e-06,0.308846948013131,0.991,0.971,0.0276975728895136,"1","Hnrnpu"
1.4657646424284e-06,1.23112436961964,0.271,0.133,0.0287890833419363,"1","Vhl"
1.48517276612492e-06,0.361815338847276,0.907,0.853,0.0291702782994595,"1","Acin1"
1.4980778025138e-06,0.870602816564773,0.409,0.245,0.0294237461191736,"1","Ro60"
1.5331889060095e-06,0.723208862478728,0.369,0.19,0.0301133633029327,"1","Pms2"
1.55476971556097e-06,0.502835101919649,0.844,0.678,0.0305372319833329,"1","Hmgn5"
1.59045558550677e-06,0.49053946838083,0.827,0.674,0.0312381381549385,"1","Hsph1"
1.62777412047091e-06,0.788203809287294,0.356,0.19,0.0319711115001692,"1","Abl2"
1.64363938281084e-06,0.798058946081199,0.396,0.222,0.0322827211177877,"1","Irs1"
1.72692351013683e-06,0.601255517128415,0.658,0.455,0.0339185046625975,"1","Grsf1"
1.77309880338285e-06,0.858385168632323,0.342,0.184,0.0348254335972425,"1","ENSMUSG00000133777"
1.77525982905811e-06,0.657323502352697,0.751,0.59,0.0348678783025304,"1","Rbpms"
1.78161589870172e-06,0.376310943557341,0.898,0.796,0.0349927178664005,"1","Smim14"
1.79140425804505e-06,0.411130594326214,0.809,0.623,0.0351849710322628,"1","Zfp106"
1.79246463664835e-06,0.288954126995397,0.996,0.994,0.0352057979284103,"1","Ncl"
1.91706171087431e-06,0.459629144151352,0.782,0.576,0.0376530090632823,"1","Vapb"
1.93173900141859e-06,0.656170110030371,0.449,0.263,0.0379412857268625,"1","Pbx3"
1.98610009663067e-06,0.649638457609052,0.511,0.308,0.0390089919979231,"1","Slain2"
2.07022509432454e-06,0.517400632950381,0.796,0.639,0.0406612910776282,"1","AI506816"
2.10327875749501e-06,0.743507937439805,0.333,0.172,0.0413104980759595,"1","Unc93b1"
2.22393876230251e-06,0.290724033705888,0.996,0.985,0.0436803812303836,"1","Tpr"
2.22788894455102e-06,0.343762889918477,0.938,0.876,0.0437579667599265,"1","Utp3"
2.25263338045354e-06,0.560739496196581,0.573,0.371,0.044243972225488,"1","Gpatch11"
2.26037471367753e-06,0.616949774161919,0.493,0.312,0.0443960197513404,"1","Pola1"
2.39064289586127e-06,0.680236102707697,0.467,0.277,0.0469546171176112,"1","Gt(ROSA)26Sor"
2.44205268181123e-06,0.301559773224076,0.969,0.94,0.0479643567234544,"1","Nudt4"
2.60544110930469e-06,0.691394011927403,0.498,0.328,0.0511734688278535,"1","Cit"
2.65878452150977e-06,0.316589273785437,0.987,0.923,0.0522211867869733,"1","Eprs1"
2.67027289565838e-06,0.36045643611623,0.938,0.862,0.0524468299436262,"1","Slbp"
2.69305037503322e-06,0.250916285361781,0.996,0.969,0.0528942024160275,"1","Eloc"
2.7071353128147e-06,0.283690466863665,0.964,0.925,0.0531708446789934,"1","Ndufv3"
2.86486592973024e-06,0.600776289422739,0.578,0.387,0.0562688317258316,"1","Mpnd"
2.9634871592111e-06,0.509325564601645,0.658,0.462,0.0582058512940653,"1","Melk"
3.08429207306881e-06,0.99370607113337,0.351,0.198,0.0605785806071445,"1","Gas2l3"
3.10297402567517e-06,0.494207494179863,0.791,0.613,0.0609455128382861,"1","Fh1"
3.11576617638323e-06,0.252153530788953,0.996,0.992,0.061196763470343,"1","Cd9"
3.15685298568704e-06,0.42555368436873,0.844,0.724,0.0620037494918792,"1","Zfhx3"
3.26303132235665e-06,0.63134098347847,0.591,0.407,0.0640891982024069,"1","Ufl1"
3.32854823083052e-06,0.383654580187916,0.938,0.877,0.0653760158017422,"1","Srsf10"
3.39632702884186e-06,0.799342812046675,0.307,0.158,0.0667072591734829,"1","Ssh1"
3.43606657860633e-06,0.478984460524702,0.813,0.681,0.0674877836704068,"1","Acot7"
3.45983907713237e-06,0.857986700485373,0.364,0.204,0.0679546993139569,"1","Mepce"
3.53156362561665e-06,0.849994895229393,0.444,0.286,0.0693634411707366,"1","Ankrd26"
3.62643978502621e-06,0.558160862119508,0.467,0.279,0.0712269038176998,"1","Hccs"
3.72010848545988e-06,0.398152451072836,0.827,0.651,0.0730666507629174,"1","Ptpn11"
3.75639244502626e-06,0.60209408486778,0.458,0.26,0.0737793040127608,"1","Hsd17b11"
4.02002195150574e-06,0.852790075025759,0.373,0.208,0.0789572511495242,"1","Bard1"
4.07868970527903e-06,0.823504287480413,0.4,0.233,0.0801095445013853,"1","Sh2b3"
4.19839039601486e-06,0.327398756413297,0.969,0.907,0.0824605857681278,"1","Ccar1"
4.26240554109478e-06,0.647308815987559,0.409,0.233,0.0837179072326425,"1","Cbl"
4.33784642083615e-06,0.494539263924086,0.707,0.541,0.0851996415516428,"1","Kmt2e"
4.34995333697036e-06,0.333387849774821,0.942,0.828,0.0854374334914348,"1","Rad23b"
4.53571103300264e-06,0.742388289348815,0.48,0.311,0.0890859003992048,"1","Lrig1"
4.65735970770779e-06,0.618504005975831,0.587,0.403,0.0914752020190886,"1","Trnt1"
4.92691422540062e-06,0.412852838205539,0.836,0.649,0.0967695223010935,"1","Emc3"
5.3039288730924e-06,0.458178960790874,0.782,0.58,0.104174466996408,"1","Gpat4"
5.49529963595066e-06,0.309677698250373,0.96,0.934,0.107933180149707,"1","Ctsz"
5.50062525684686e-06,0.504214478133597,0.72,0.554,0.108037780669729,"1","Flnc"
5.55893288135366e-06,0.971881610338928,0.28,0.142,0.109183000722667,"1","Dusp4"
5.71008859129982e-06,0.428506678471278,0.796,0.675,0.11215185002172,"1","Mxra8"
5.77787855340863e-06,0.87569125589295,0.284,0.144,0.113483312667499,"1","Tdrd7"
5.86509912066198e-06,0.514459321832437,0.582,0.375,0.115196411828922,"1","Midn"
6.22182487574981e-06,0.561067649745829,0.604,0.423,0.122202862384602,"1","Mfap3l"
6.24594470732842e-06,0.608989666554006,0.627,0.464,0.122676599996638,"1","Zfp292"
6.26909251466763e-06,0.438302161526741,0.902,0.799,0.123131246080587,"1","Mcm3"
6.28785881674021e-06,0.391296981553156,0.862,0.718,0.123499835019594,"1","Ddx50"
6.32314507617866e-06,0.314565747235314,0.96,0.911,0.124192892441225,"1","Ppig"
6.40762869863816e-06,0.340068634114817,0.956,0.847,0.125852235269952,"1","Gfer"
6.61864757146222e-06,0.587926387478725,0.916,0.83,0.12999685695109,"1","Cst6"
7.03223543069053e-06,0.642439739316791,0.502,0.32,0.138120136094193,"1","Kmt2d"
7.20718675559207e-06,0.580526648483209,0.573,0.41,0.141556355066584,"1","Commd8"
7.32907318091443e-06,0.886750681970928,0.364,0.204,0.14395032634634,"1","Samd9l"
7.36090983535705e-06,0.677925597737395,0.351,0.185,0.144575630076248,"1","Exoc6b"
7.5655286129136e-06,0.537951440018336,0.711,0.56,0.148594547486236,"1","Edem1"
7.76255336932261e-06,0.909349934872938,0.307,0.167,0.152464310726865,"1","Ddhd1"
7.86816716446545e-06,0.278347556859028,0.982,0.948,0.154538671277266,"1","Psmc3"
7.92052696563361e-06,0.639154148624299,0.52,0.342,0.15556707013201,"1","Thoc2l"
7.93588832734963e-06,0.370965879144709,0.911,0.787,0.155868782637474,"1","Actr3"
8.28003193317374e-06,0.801621729749103,0.271,0.132,0.162628107199465,"1","Stub1"
8.31123118971196e-06,0.639043012828461,0.364,0.202,0.163240891797133,"1","Creb5"
8.35651142938204e-06,0.412815390388611,0.836,0.685,0.164130240984493,"1","Tsc22d4"
8.58576365651694e-06,0.753199930452995,0.311,0.161,0.168632983977649,"1","Wsb2"
8.80710361751694e-06,0.991891516906854,0.307,0.17,0.17298032215165,"1","Pradc1"
9.03598086977569e-06,0.59146659571614,0.631,0.482,0.177475700263264,"1","Ncaph"
9.11409040681425e-06,0.417127606161563,0.853,0.732,0.179009849680239,"1","Cdk2ap1"
9.12316236025123e-06,0.30881741010339,0.964,0.926,0.179188031917694,"1","Rock2"
9.43673371625272e-06,0.597967709064934,0.658,0.472,0.18534688692092,"1","Fdft1"
9.51478158718217e-06,0.336219870240704,0.867,0.792,0.186879825153845,"1","Agpat3"
9.51687851158713e-06,0.607835212388479,0.76,0.629,0.186921010846083,"1","Rnd3"
9.56822974256887e-06,0.919610591454052,0.28,0.144,0.187929600373795,"1","Ahcyl2"
9.58193159611327e-06,0.581615390485736,0.551,0.355,0.188198718479261,"1","Arfgef1"
9.6681436121358e-06,0.420357349180966,0.68,0.507,0.189892008685959,"1","Pea15a"
9.84142338294299e-06,0.303047780407417,0.978,0.933,0.193295396664383,"1","Srm"
1.01066160723249e-05,0.680651048491169,0.409,0.239,0.198504046276533,"1","Uba6"
1.04648718846833e-05,0.336487237387111,0.947,0.873,0.205540548687066,"1","Anapc5"
1.05860379229711e-05,0.606984702367915,0.418,0.25,0.207920370845076,"1","Xpo6"
1.07661505801426e-05,0.468886351620784,0.716,0.515,0.21145796354458,"1","Tprg1l"
1.1028878874306e-05,0.479217028348458,0.52,0.335,0.216618209970244,"1","Erc1"
1.10574335586702e-05,0.469609921898662,0.769,0.613,0.217179052525841,"1","Ppp4r2"
1.1530638152446e-05,0.78963493926492,0.293,0.153,0.226473263952192,"1","Bckdhb"
1.17530485780943e-05,0.761013476705292,0.396,0.227,0.23084162712235,"1","Wbp1"
1.18602522894213e-05,0.447553678265913,0.791,0.649,0.232947215216523,"1","Eci1"
1.18672993570048e-05,0.352526681972579,0.862,0.752,0.233085626670932,"1","Foxp1"
1.20464932639027e-05,0.486969375085417,0.849,0.72,0.236605174196314,"1","Cgnl1"
1.23821946272565e-05,0.269908682019038,0.96,0.902,0.243198684673945,"1","Vamp8"
1.30629376928432e-05,0.581914101676381,0.444,0.266,0.256569159225133,"1","Uspl1"
1.37216556006905e-05,0.642663989119339,0.387,0.225,0.269507037653161,"1","Eif2ak1"
1.38415718796951e-05,0.362399687202288,0.938,0.833,0.271862313289092,"1","U2surp"
1.41696198511623e-05,0.423620778110998,0.849,0.709,0.278305503496679,"1","Adipor1"
1.43821208163218e-05,0.550584733787095,0.453,0.28,0.282479234953376,"1","Pdpk1"
1.4480859365862e-05,0.526299774463614,0.64,0.479,0.284418558804895,"1","Ltbr"
1.45644390143905e-05,0.462884445334183,0.756,0.611,0.286060146681645,"1","Nrp2"
1.47210429738288e-05,0.618655645173059,0.596,0.432,0.289136005048971,"1","Ubqln2"
1.47257479665186e-05,0.669626554038091,0.52,0.349,0.289228415810391,"1","Tprkb"
1.48243115155455e-05,0.360987892420888,0.938,0.884,0.291164302476829,"1","Septin2"
1.48710188544083e-05,0.624713085634568,0.52,0.328,0.292081681319434,"1","Snx1"
1.5092955009257e-05,0.560512809939407,0.622,0.409,0.296440729336818,"1","Gna11"
1.53386361880125e-05,0.490453006226972,0.68,0.499,0.301266153368753,"1","Ptbp1"
1.54353564500358e-05,0.473783677971303,0.831,0.738,0.303165836035154,"1","Tacc3"
1.55458495945434e-05,0.330440772233475,0.951,0.862,0.305336031886426,"1","Fscn1"
1.56320017201006e-05,0.401625623596774,0.884,0.815,0.307028145784497,"1","Arhgap5"
1.60248554076671e-05,0.556991898938708,0.604,0.423,0.314744185061989,"1","Stk25"
1.68115559717843e-05,0.394971877910944,0.929,0.841,0.330195770841816,"1","Hnrnpa3"
1.68241913676326e-05,0.313219142199078,0.938,0.836,0.330443942651671,"1","Sec13"
1.68497950009804e-05,0.50273571662,0.662,0.499,0.330946823614257,"1","Rnaseh2b"
1.70848462560392e-05,0.399174960771885,0.791,0.629,0.335563465314867,"1","Pde6d"
1.71199512341765e-05,0.520298515808787,0.653,0.485,0.336252962190461,"1","Isy1"
1.71758304787681e-05,0.431491682891291,0.813,0.688,0.337350486433484,"1","Sbno1"
1.74740795457134e-05,0.456523586279867,0.72,0.525,0.343208396357357,"1","Dctn1"
1.79239592213966e-05,0.463159940331597,0.724,0.556,0.352044483067451,"1","Zrsr2"
1.79563859561976e-05,0.370478165434423,0.858,0.714,0.352681376565678,"1","Rab21"
1.81558313158877e-05,0.279649083631699,0.973,0.928,0.356598682875351,"1","Rrp1"
1.82645164196842e-05,0.355802766849562,0.862,0.689,0.358733366999018,"1","Hspa14"
1.89207938323691e-05,0.378365929871246,0.862,0.743,0.371623311661562,"1","Mob4"
1.94169031497145e-05,0.719046678558869,0.422,0.263,0.381367394763542,"1","Cdc42bpa"
1.95932192676848e-05,0.384026655537817,0.804,0.662,0.384830419636596,"1","Huwe1"
2.00143141719709e-05,0.38109835861892,0.876,0.729,0.39310114465168,"1","Anxa7"
2.01455705508726e-05,0.294465626359178,0.987,0.888,0.395679151189689,"1","Prrc2c"
2.02422355334167e-05,0.402119149771161,0.88,0.75,0.397577748111837,"1","Rsrc2"
2.03253333518948e-05,0.700331879520943,0.44,0.282,0.399209872364566,"1","Scyl1"
2.07595214132302e-05,0.607497184160332,0.551,0.398,0.407737760077254,"1","Ado"
2.0894838177558e-05,0.328139066685199,0.862,0.787,0.410395516645416,"1","Trnau1ap"
2.12570859200285e-05,0.578148427080335,0.618,0.458,0.41751042455528,"1","H1f10"
2.19421160334347e-05,0.530882493722099,0.613,0.466,0.43096510101269,"1","Ckap2"
2.23999318284825e-05,0.593456452998795,0.564,0.368,0.439957061043225,"1","Ipo9"
2.30071323027714e-05,0.272281959617145,0.982,0.954,0.451883085558733,"1","Ddx39a"
2.36256919915025e-05,0.608851092538295,0.569,0.415,0.4640322164051,"1","Qki"
2.38545465296359e-05,0.478760100416758,0.747,0.597,0.46852714838858,"1","Rbm34"
2.41196982731903e-05,0.743890298700573,0.338,0.188,0.47373499378373,"1","Avl9"
2.42046916489817e-05,0.692139236978966,0.378,0.224,0.475404348677649,"1","Slc30a9"
2.42389214943138e-05,0.370339027883748,0.938,0.856,0.476076657069818,"1","Dkc1"
2.44293251778098e-05,0.637543602307712,0.413,0.248,0.479816375817362,"1","Tmem168"
2.52942774197659e-05,0.822985792018629,0.329,0.188,0.496804902801622,"1","Nab2"
2.58050455111087e-05,0.352889214743386,0.773,0.574,0.506836898883687,"1","Slc29a1"
2.59668910000513e-05,0.681885247379031,0.36,0.214,0.510015706132009,"1","Gprc5a"
2.64709256571362e-05,0.328882675966676,0.947,0.861,0.519915450831812,"1","Arl1"
2.7489517801815e-05,0.320117569501817,0.862,0.779,0.539921619145449,"1","Brd2"
2.87051209428252e-05,0.57180325296192,0.631,0.472,0.563797280438029,"1","Cers5"
2.90742628459355e-05,0.362256534343839,0.92,0.825,0.571047596557019,"1","Arl2bp"
2.97002124244809e-05,0.763888077171039,0.316,0.175,0.583341872229229,"1","Ppp2r3c"
3.01151770240889e-05,0.690684903284951,0.298,0.164,0.591492191930131,"1","Hoxd8"
3.02352787875419e-05,0.726919137195562,0.476,0.311,0.593851110666111,"1","Wnt10a"
3.05184196241118e-05,0.432839657885257,0.773,0.636,0.59941227983718,"1","Usp1"
3.08850511771271e-05,0.377125386787181,0.862,0.688,0.606613290169953,"1","Ppfibp1"
3.15105393166075e-05,0.353476665325711,0.96,0.93,0.618898502717488,"1","Cnn2"
3.16148578968128e-05,0.829639220859568,0.347,0.207,0.6209474239513,"1","Cntrl"
3.27156312650268e-05,0.395239397770924,0.898,0.775,0.642567713676392,"1","Acat1"
3.29663535015527e-05,0.705162781589901,0.364,0.219,0.647492149123996,"1","Creb3l2"
3.29874004038208e-05,0.39805545389514,0.916,0.888,0.647905531331444,"1","Cenpa"
3.33434542228136e-05,0.639925684184627,0.347,0.198,0.654898784390281,"1","Chst12"
3.40017415794951e-05,0.396448060679725,0.76,0.606,0.667828206362863,"1","Sec31a"
3.40582171323052e-05,0.640828323269561,0.347,0.194,0.668937442695606,"1","Prag1"
3.52462028878957e-05,0.462567811096033,0.689,0.519,0.69227067092116,"1","Pard3"
3.60189077647492e-05,0.731364628401228,0.467,0.311,0.707447367407439,"1","Bid"
3.6066748077959e-05,0.279949404046051,0.991,0.962,0.708386998999193,"1","Cct6a"
3.67514147092825e-05,0.834862687138208,0.302,0.168,0.721834536305017,"1","Msrb3"
3.76084484183694e-05,0.674144542738455,0.369,0.219,0.738667535385193,"1","Tent5a"
3.85084673639842e-05,0.674770376288626,0.293,0.156,0.756344807496015,"1","Mdc1"
3.85129622594495e-05,0.524500656910218,0.538,0.364,0.756433091737848,"1","Plpbp"
3.86312289489791e-05,0.647942209626089,0.347,0.199,0.758755967786898,"1","Tram2"
3.93385216061215e-05,0.36760636790522,0.876,0.744,0.772647902865833,"1","Suclg2"
3.93456826936841e-05,0.690520204483287,0.391,0.24,0.772788553786649,"1","E2f6"
3.97814052325705e-05,0.408087566356985,0.813,0.669,0.781346580172918,"1","Ppp1r12a"
3.9996569626452e-05,0.438842367590327,0.813,0.688,0.785572624033143,"1","Fmc1"
4.03768954291114e-05,0.466684529523389,0.836,0.76,0.793042603123176,"1","Arl6ip5"
4.09503040543237e-05,0.636181567364577,0.364,0.213,0.804304921930972,"1","Senp1"
4.10779233846804e-05,0.631156283799387,0.427,0.259,0.806811493198508,"1","Zfp871"
4.24997674986277e-05,0.469237362877086,0.649,0.467,0.834737933440546,"1","Tbc1d15"
4.26918662164232e-05,0.273649190449895,1,0.997,0.838510944356768,"1","H2-D1"
4.29442355073851e-05,0.679150831036881,0.467,0.325,0.84346772960055,"1","Dyrk2"
4.41141775944258e-05,0.601071030901703,0.538,0.381,0.866446562132118,"1","Ptcd3"
4.4180266997434e-05,0.749687138530133,0.36,0.214,0.867744624096602,"1","5031425E22Rik"
4.48544353146703e-05,0.85790258393417,0.258,0.136,0.88098596401544,"1","Ncoa2"
4.57780091841654e-05,0.33308315429206,0.924,0.819,0.899125878386192,"1","Tmem59"
4.59264994042292e-05,0.59969947182518,0.453,0.291,0.902042374798466,"1","Egln3"
4.63629553422126e-05,0.330327670632451,0.96,0.922,0.910614805876397,"1","Cnih1"
4.68645885970304e-05,0.461259185167893,0.836,0.718,0.920467384634274,"1","Fgfr1"
4.77937902363208e-05,0.396849928463977,0.747,0.619,0.938717834031576,"1","Desi2"
4.78108009980541e-05,0.682149311626024,0.369,0.224,0.939051942402781,"1","Necap2"
4.83407838782048e-05,0.542810580108094,0.52,0.368,0.94946133615182,"1","Cflar"
4.83513383888886e-05,0.72799774401034,0.316,0.184,0.949668637296161,"1","Nek2"
4.90167111744028e-05,0.440705995263926,0.733,0.557,0.962737224176446,"1","Bms1"
4.94990182149095e-05,0.520508429980946,0.52,0.355,0.972210216759038,"1","Thumpd3"
5.01800026140246e-05,0.273346605177241,0.907,0.864,0.985585431342058,"1","Med21"
5.1545609743652e-05,0.529672092473629,0.458,0.285,1,"1","Bmp1"
5.20847575191492e-05,0.605649044927209,0.542,0.395,1,"1","Man2a1"
5.40420861548099e-05,0.599625246669197,0.471,0.322,1,"1","Foxg1"
5.46698515573358e-05,0.269798228538334,0.96,0.92,1,"1","Grpel1"
5.58145096935989e-05,0.396394344716817,0.84,0.714,1,"1","Baz1a"
5.74700384410498e-05,0.571261082392331,0.431,0.273,1,"1","Fkbp5"
5.93754068321603e-05,0.336145761508879,0.933,0.893,1,"1","Cpe"
6.00334881075135e-05,0.258876389646699,0.96,0.943,1,"1","Ptp4a2"
6.0336216804396e-05,0.412509488962985,0.818,0.706,1,"1","Asf1b"
6.09608607636398e-05,0.295077937712274,0.964,0.939,1,"1","Col1a2"
6.15365673700525e-05,0.56226503677936,0.498,0.325,1,"1","Bmp2k"
6.21921776613125e-05,0.475195640200621,0.387,0.228,1,"1","Crlf2"
6.34488921495886e-05,0.420482767585101,0.778,0.665,1,"1","Ppm1g"
6.40060566126166e-05,0.595217005295491,0.529,0.364,1,"1","Enoph1"
6.44090041145489e-05,0.264842191653217,0.969,0.942,1,"1","Bola3"
6.46719505162427e-05,0.420366710523694,0.884,0.795,1,"1","Ralbp1"
6.48194246289626e-05,0.30703860367081,0.951,0.887,1,"1","Hnrnpd"
6.58782559734529e-05,0.571257042181333,0.48,0.32,1,"1","Norad"
6.59765130725813e-05,0.517566139009223,0.547,0.375,1,"1","Taf3"
6.71089853306877e-05,0.275110163653176,0.973,0.928,1,"1","Scand1"
6.71887698310476e-05,0.453974713378411,0.582,0.415,1,"1","Git2"
6.80058984268337e-05,0.443653017002398,0.711,0.531,1,"1","Letm1"
6.80474919398503e-05,0.747103251689984,0.267,0.144,1,"1","Gm7072"
6.95434909167396e-05,0.665962558121987,0.347,0.202,1,"1","Pym1"
6.96234684552486e-05,0.523244242893717,0.378,0.219,1,"1","Ints6"
6.96444778690442e-05,0.274456332532442,0.951,0.879,1,"1","Med28"
7.05717723004069e-05,0.673747383118627,0.436,0.288,1,"1","Msh6"
7.05836473157481e-05,0.464801446030682,0.529,0.349,1,"1","Sfswap"
7.07518631149341e-05,0.265393713277774,0.978,0.943,1,"1","Tmem176b"
7.12729654024267e-05,0.48348542023361,0.596,0.429,1,"1","Trip12"
7.2595382304823e-05,0.316811589084434,0.951,0.893,1,"1","Mat2a"
7.32457957154026e-05,0.584989808205542,0.298,0.162,1,"1","Tead4"
7.36078896681299e-05,0.328329503074503,0.942,0.856,1,"1","Cuta"
7.41470120986735e-05,0.463805618149308,0.556,0.369,1,"1","Dpp9"
7.56178590915253e-05,0.617130876583865,0.4,0.248,1,"1","Ammecr1"
7.63683179913226e-05,0.26965812208927,0.96,0.905,1,"1","Srpk1"
7.85723822940557e-05,0.411357084430504,0.618,0.427,1,"1","Hbs1l"
8.0858548497351e-05,0.296782650096319,0.933,0.87,1,"1","Rab14"
8.1090213650814e-05,0.454733372084616,0.538,0.361,1,"1","Coq10b"
8.18948790681225e-05,0.357695561888568,0.52,0.343,1,"1","Sox9"
8.18977143786705e-05,0.649362179392329,0.378,0.23,1,"1","Trappc10"
8.20739662051134e-05,0.338351682049659,0.827,0.695,1,"1","Glud1"
8.20873067871107e-05,0.51601705875554,0.56,0.394,1,"1","Rab3gap1"
8.25980152522715e-05,0.468552419930341,0.484,0.312,1,"1","Tmem138"
8.27401524405398e-05,0.415952421299781,0.804,0.657,1,"1","Celf1"
8.51893714206482e-05,0.540454325841123,0.582,0.426,1,"1","Haus3"
8.54678906639265e-05,0.548660844051664,0.538,0.375,1,"1","Fam193a"
8.60857912218597e-05,0.348024545596319,0.711,0.564,1,"1","Zfp91"
8.80200289237926e-05,0.696158810948084,0.382,0.24,1,"1","Dido1"
8.83329749607262e-05,0.652175777475493,0.382,0.237,1,"1","Qser1"
8.90719566479279e-05,0.319050292541978,0.778,0.64,1,"1","Fam133b"
8.96197806566585e-05,0.296764854717417,0.942,0.911,1,"1","Msn"
8.96824297777232e-05,0.59448072104513,0.484,0.315,1,"1","Cspp1"
8.98286563376971e-05,0.601711163625959,0.404,0.242,1,"1","Ercc6l"
8.9898311165595e-05,0.371573529889897,0.933,0.847,1,"1","Pgp"
9.06330026730834e-05,0.273210989908777,1,0.995,1,"1","Calm2"
9.08963667501127e-05,0.690523055322525,0.364,0.227,1,"1","Def6"
9.28208376306754e-05,0.589071639285472,0.427,0.273,1,"1","Dleu2"
9.35298080334806e-05,0.313624820433177,0.907,0.786,1,"1","Lrrfip1"
9.40560909003689e-05,0.544216242047457,0.44,0.28,1,"1","Itfg2"
9.43481412228171e-05,0.453702887235389,0.582,0.409,1,"1","Ankrd12"
9.47876575662907e-05,0.292487101362925,0.982,0.902,1,"1","Psmd1"
9.54318430183784e-05,0.408256030199607,0.764,0.608,1,"1","Alkbh1"
9.93943003635001e-05,0.307685916980876,0.907,0.835,1,"1","Mrpl53"
0.000100382367707764,0.344281290251944,0.844,0.711,1,"1","Pnisr"
0.000101837752143224,0.536490712338007,0.484,0.323,1,"1","Spred1"
0.000102328202837459,0.633592243208659,0.387,0.242,1,"1","Necap1"
0.0001026506607551,0.272046170548767,0.924,0.853,1,"1","Gcsh"
0.00010278569905315,0.607057961897542,0.489,0.331,1,"1","Gm49504"
0.000104038704103166,0.728793648232093,0.356,0.222,1,"1","Rnpc3"
0.000108014770090649,0.42856190954991,0.662,0.496,1,"1","Keap1"
0.000110471413280229,0.350388877628945,0.889,0.793,1,"1","Mcm5"
0.000110510334054595,0.400658895553831,0.64,0.455,1,"1","Uso1"
0.000111844618461769,0.487248606801506,0.373,0.225,1,"1","Tinf2"
0.000113896470965189,0.363272065952864,0.858,0.738,1,"1","Uck2"
0.000114317231354361,0.371206564837831,0.88,0.781,1,"1","Atp2b1"
0.000114597395739493,0.264405885574877,0.973,0.949,1,"1","Ddost"
0.000115411174852638,0.481131039820567,0.653,0.473,1,"1","Pitpnb"
0.000117726517227924,0.59926860822711,0.347,0.205,1,"1","Stxbp5"
0.000118643838338697,0.418754958521025,0.613,0.453,1,"1","Kcnq1ot1"
0.000118762011210903,0.458547828149134,0.764,0.634,1,"1","Nrdc"
0.000119333339343943,0.314891212019111,0.738,0.55,1,"1","Tpp2"
0.000119564222713897,0.273692891788405,0.964,0.902,1,"1","Ankrd11"
0.000119577156457014,0.402500069799871,0.782,0.64,1,"1","Nfat5"
0.000121865823014436,0.256264113679938,0.884,0.758,1,"1","Kras"
0.000122774893147643,0.785926787103188,0.36,0.23,1,"1","Troap"
0.000124994088068578,0.621038521567801,0.556,0.4,1,"1","Slc4a7"
0.000126215447044991,0.259091510533295,0.96,0.933,1,"1","Rbbp7"
0.000127149151772065,0.423749193148477,0.618,0.456,1,"1","Stag1"
0.000128196810403602,0.728245466943359,0.28,0.155,1,"1","Kntc1"
0.000129126691682283,0.56259984050048,0.493,0.328,1,"1","Scmh1"
0.000130252563613472,0.692048757652482,0.267,0.142,1,"1","Pms1"
0.000131444830329825,0.336734061332011,0.929,0.848,1,"1","G3bp2"
0.000132507152086591,0.399638661466538,0.738,0.556,1,"1","Gpatch8"
0.000134662773179472,0.629453350657332,0.52,0.366,1,"1","Nploc4"
0.000140344242159107,0.51381674583793,0.644,0.495,1,"1","Rab28"
0.000145237707661991,0.45704665061141,0.667,0.489,1,"1","Pank2"
0.000146802325999205,0.42191344809419,0.778,0.625,1,"1","Galnt1"
0.00015052459909547,0.5763382935097,0.44,0.288,1,"1","Kctd20"
0.000150854977086912,0.549349255131768,0.422,0.27,1,"1","Glt8d1"
0.000156673296734351,0.363145265078917,0.822,0.706,1,"1","Pbdc1"
0.000157675025365102,0.504674966313162,0.418,0.26,1,"1","Tmem43"
0.000158251739870833,0.260559191562658,0.96,0.879,1,"1","Vps36"
0.000166148250500731,0.423899773584674,0.751,0.59,1,"1","Arpc4"
0.000167707809172429,0.630351922943939,0.467,0.323,1,"1","Ddx23"
0.000168692175711243,0.346630300108319,0.72,0.577,1,"1","Farsb"
0.00016904735931869,0.419197838411486,0.72,0.588,1,"1","Srpk2"
0.000169557426024303,0.423587803010008,0.778,0.678,1,"1","Spc24"
0.000171627023605123,0.427650884233135,0.618,0.458,1,"1","Ehmt2"
0.000172959431817124,0.929872954528878,0.253,0.145,1,"1","Foxj2"
0.000174502111604625,0.580068932445178,0.293,0.167,1,"1","Ltbp3"
0.000175237319448201,0.752522414716466,0.267,0.149,1,"1","9130008F23Rik"
0.00018220289373642,0.286714997537438,0.893,0.779,1,"1","Snrnp40"
0.000185434595270586,0.480801379462149,0.333,0.193,1,"1","Bnc2"
0.000186894532863396,0.383884620969448,0.8,0.662,1,"1","Krcc1"
0.000191184117490144,0.279749049966566,0.933,0.853,1,"1","Ctcf"
0.000192025015053508,0.454678012627122,0.542,0.4,1,"1","Nop2"
0.000194241325888689,0.603553736851851,0.471,0.312,1,"1","Hoxa9"
0.00019436366696563,0.368314294709004,0.742,0.565,1,"1","Ubr4"
0.000197616706893646,0.641646141550127,0.32,0.19,1,"1","Rnf103"
0.000200720722428893,0.393131511243711,0.631,0.493,1,"1","N4bp1"
0.00020119266799835,0.335935136144585,0.827,0.729,1,"1","Pdia4"
0.000201915844670862,0.621741334875401,0.32,0.19,1,"1","Lancl2"
0.000201971720139626,0.579782462974347,0.373,0.23,1,"1","Trerf1"
0.000204385071148831,0.407210129314929,0.707,0.533,1,"1","Rrs1"
0.000204541214534289,0.551961993455424,0.502,0.349,1,"1","Nopchap1"
0.000204995689735022,0.394970737508361,0.64,0.456,1,"1","Golt1b"
0.000205577161895405,0.615619807683138,0.276,0.153,1,"1","Zxdc"
0.00020801992673684,0.715742727274677,0.302,0.179,1,"1","Trak1"
0.000208415162963716,0.274101910229754,0.858,0.749,1,"1","Tra2a"
0.000229187592003809,0.254064145763674,0.969,0.902,1,"1","Kdelr2"
0.000239498775550416,0.365434505537297,0.64,0.466,1,"1","Tia1"
0.000240520760787031,0.458496055497087,0.773,0.642,1,"1","Ing1"
0.000246434481304513,0.452813686439286,0.591,0.43,1,"1","Copg1"
0.000246698207634261,0.451068421558452,0.573,0.401,1,"1","Bmpr1a"
0.00024798844480346,0.417457699715035,0.533,0.368,1,"1","Hnrnph2"
0.000247996831225491,0.600684022001305,0.347,0.213,1,"1","Gcdh"
0.000253184438913465,0.364574108492902,0.778,0.636,1,"1","Jagn1"
0.000261203573706179,0.686906668729242,0.284,0.165,1,"1","Vps33a"
0.000262984158466521,0.425853437450486,0.604,0.449,1,"1","Akap8"
0.000266432643032638,0.459546160054963,0.444,0.291,1,"1","Amz2"
0.000278015937544455,0.460437273034523,0.551,0.403,1,"1","Atp6v1h"
0.000282632711439046,0.38327550439731,0.658,0.493,1,"1","Pla2g7"
0.000285675694841971,0.629124383602909,0.307,0.179,1,"1","Fam149b"
0.00029044709890197,0.488647194285181,0.453,0.302,1,"1","Camkk2"
0.000290806027261179,0.368047120857243,0.818,0.709,1,"1","Tram1"
0.000293925414075189,0.373068039770725,0.64,0.499,1,"1","Hadha"
0.000296319487230539,0.356556325303536,0.524,0.364,1,"1","Mndal"
0.0002974540394943,0.727339030166797,0.276,0.161,1,"1","Dnm1"
0.000297752359272084,0.677011527774025,0.271,0.152,1,"1","Ern1"
0.000299088039692631,0.389924052320381,0.671,0.551,1,"1","Akirin1"
0.000305669540988751,0.477776324380362,0.653,0.507,1,"1","Setd5"
0.000306313092612852,0.443652831716991,0.711,0.587,1,"1","Rab12"
0.000318941569985039,0.528948609067401,0.373,0.227,1,"1","Bcl2"
0.000323341730289532,0.283487031645935,0.933,0.868,1,"1","Egln1"
0.000324135813431248,0.403523267063044,0.564,0.404,1,"1","Ap3d1"
0.000327666430045778,0.72126435682432,0.298,0.175,1,"1","Vezt"
0.000328158148884763,0.66746823992934,0.28,0.165,1,"1","Gm57315"
0.000333380141333582,0.272071889361515,0.858,0.76,1,"1","Nae1"
0.000335110433190156,0.498772034935082,0.471,0.328,1,"1","Nbn"
0.000335885509232187,0.692224636152511,0.316,0.191,1,"1","Ralgapa1"
0.000338743302663246,0.262013145291757,0.951,0.864,1,"1","Nono"
0.000342854202346288,0.611985361369231,0.267,0.152,1,"1","Tent5b"
0.000355993558519462,0.605420455904032,0.373,0.242,1,"1","A930005H10Rik"
0.000361434216418701,0.415618759681639,0.64,0.504,1,"1","Cpsf3"
0.000362668392987721,0.400066824010721,0.413,0.259,1,"1","Mecp2"
0.000363925428266329,0.325904518600217,0.898,0.839,1,"1","Pbrm1"
0.000368292978051688,0.419336605776074,0.524,0.372,1,"1","Chmp1b2"
0.0003715490630858,0.580091444299541,0.289,0.173,1,"1","Akr1b10"
0.000373649857288305,0.315958607437098,0.711,0.508,1,"1","Lrp10"
0.000380020355862207,0.325106531605215,0.831,0.683,1,"1","Tcea1"
0.000380079565562199,0.732169138410911,0.32,0.198,1,"1","Lin9"
0.000385571103818304,0.409827651072952,0.627,0.479,1,"1","Tnrc6c"
0.000396097524472153,0.396205966811246,0.702,0.557,1,"1","Crk"
0.000403375869410365,0.39839837026107,0.631,0.464,1,"1","Irak1"
0.000405428776372402,0.392320173751153,0.649,0.478,1,"1","Zfp644"
0.000407393249663463,0.647873998666325,0.338,0.21,1,"1","Sun1"
0.000407425080870353,0.40134499863018,0.649,0.51,1,"1","Styk1"
0.00041195987067651,0.387601939969694,0.72,0.545,1,"1","Apip"
0.000418850034223147,0.302566152228798,0.867,0.75,1,"1","Gtf3a"
0.000431911258801523,0.455427737966822,0.564,0.409,1,"1","Sart3"
0.000432543684467556,0.55285779680769,0.387,0.243,1,"1","Snx21"
0.000439697763416905,0.450946787051425,0.511,0.357,1,"1","Ncapg"
0.000441015426117197,0.553474994789986,0.453,0.305,1,"1","Ino80c"
0.000442146896289855,0.502418496108864,0.582,0.432,1,"1","Lpgat1"
0.000446138329073874,0.552157788416483,0.382,0.247,1,"1","Snapc3"
0.000446727199129312,0.381750175847251,0.542,0.375,1,"1","Rad18"
0.000451524049634959,0.544524822430313,0.324,0.191,1,"1","Tmsb10b"
0.000451705670441195,0.580181226382687,0.48,0.335,1,"1","Sgo2a"
0.000453717772514269,0.365762718295228,0.529,0.369,1,"1","Tpst1"
0.000453829937776763,0.436608920014411,0.471,0.315,1,"1","Ube3c"
0.000456106029882578,0.367233494097968,0.756,0.609,1,"1","Acd"
0.000458798060425073,0.579204086070663,0.4,0.265,1,"1","Hdac4"
0.000461301149889199,0.592621618145642,0.413,0.279,1,"1","Mad1l1"
0.000461802928139247,0.320115967204544,0.76,0.637,1,"1","Ezr"
0.000462609649996504,0.252345678116966,0.942,0.861,1,"1","Ndufa12"
0.000466206640203117,0.375734419109355,0.418,0.27,1,"1","Hk1"
0.000466334013503876,0.406461061004449,0.68,0.516,1,"1","ENSMUSG00000139891"
0.000468659902094229,0.341653550120958,0.778,0.637,1,"1","Rpp25l"
0.000474044823179,0.351980870355547,0.796,0.698,1,"1","Brd3"
0.000483478152680084,0.6438923368762,0.373,0.248,1,"1","Dhdds"
0.000497711488388259,0.403638595442544,0.587,0.44,1,"1","Kpnb1"
0.000497940830402236,0.260749791423788,0.92,0.828,1,"1","Snhg1"
0.000500408560805456,0.710273268249648,0.298,0.187,1,"1","Cdh26"
0.000501631279041921,0.608428242686329,0.422,0.291,1,"1","Met"
0.000508314357306604,0.451559020105867,0.4,0.262,1,"1","Ints13"
0.000511200151198179,0.532077428199364,0.6,0.479,1,"1","Fbxo5"
0.000515598643490566,0.394160577449161,0.671,0.51,1,"1","Nfyb"
0.000516879356913507,0.700120726017149,0.293,0.179,1,"1","Stambp"
0.000519882844536542,0.556269209607155,0.302,0.178,1,"1","Ccsap"
0.000527538418741679,0.305586592557408,0.929,0.864,1,"1","Cycs"
0.000531013402071971,0.455674226570376,0.596,0.455,1,"1","Col5a1"
0.000537481996275201,0.253271317194751,0.929,0.882,1,"1","Mydgf"
0.000538310278798977,0.422569452022949,0.493,0.34,1,"1","Nup133"
0.00053923034265251,0.454181955946221,0.467,0.312,1,"1","R3hdm2"
0.000539261200590374,0.637205943512551,0.284,0.172,1,"1","Tmtc3"
0.000540199664729459,0.440270650311899,0.387,0.248,1,"1","Lpin2"
0.000552995582291634,0.464104769783631,0.342,0.21,1,"1","Rab10os"
0.00055371599654341,0.348380001738963,0.547,0.38,1,"1","Snx10"
0.000555643579660522,0.320492917814179,0.769,0.628,1,"1","Hdgfl2"
0.000555808977535012,0.48332410931459,0.618,0.498,1,"1","Hjurp"
0.000560348843236115,0.367832580212754,0.587,0.418,1,"1","Ccnt1"
0.000560585858572544,0.444869341954255,0.702,0.58,1,"1","Cox20"
0.000562983867580367,0.318007590610055,0.92,0.856,1,"1","Lsm3"
0.000573241307007935,0.49579218065378,0.48,0.332,1,"1","Ccnc"
0.000574220366255746,0.422493244269769,0.471,0.309,1,"1","Ctdspl2"
0.000579363901237283,0.343810948624078,0.609,0.452,1,"1","Pola2"
0.000583881905858855,0.329308921431044,0.818,0.706,1,"1","Septin11"
0.000588055161656599,0.487008477941979,0.676,0.553,1,"1","Steap2"
0.000590153717612592,0.476148470906723,0.493,0.348,1,"1","Ccl25"
0.000590773735040181,0.385879922343055,0.587,0.432,1,"1","Ddr2"
0.000591894145030283,0.462749827789685,0.453,0.303,1,"1","Sp100"
0.000596451562679353,0.349478787534952,0.671,0.493,1,"1","Rab5a"
0.000597763089813127,0.495100368824373,0.378,0.245,1,"1","Zswim8"
0.00059885640663381,0.548128918436998,0.422,0.288,1,"1","Zfp746"
0.000612688603413308,0.268130191285103,0.947,0.893,1,"1","Flna"
0.000614379528518269,0.267424595694915,0.791,0.614,1,"1","Wdr12"
0.000617087874872426,0.556088200608718,0.418,0.286,1,"1","Ankrd13a"
0.000617706807840596,0.299211841622228,0.849,0.757,1,"1","Ifi30"
0.000617976504163758,0.525876494873307,0.511,0.374,1,"1","Slit2"
0.000619094537396291,0.453485585014246,0.542,0.4,1,"1","Zfp280d"
0.000620012537525003,0.454721500329458,0.489,0.352,1,"1","Tnpo3"
0.000620371291945668,0.351800351309213,0.622,0.47,1,"1","Twist2"
0.000620561165122664,0.500183898600871,0.382,0.242,1,"1","Pex19"
0.000621213702719874,0.682047178324268,0.276,0.162,1,"1","Lsm14b"
0.000625014910177853,0.636747096259794,0.298,0.185,1,"1","Rab20"
0.000630167438777658,0.333640756840958,0.84,0.746,1,"1","Anp32a"
0.000633985434453871,0.417626720845061,0.511,0.355,1,"1","Upf2"
0.000637226923441329,0.268570530920876,0.92,0.841,1,"1","Arl6ip4"
0.000638949772982387,0.431995901542672,0.582,0.429,1,"1","Tmx4"
0.000641719643795224,0.523077482404064,0.391,0.265,1,"1","Osbpl3"
0.000650033874153389,0.373781285911631,0.596,0.427,1,"1","Ints11"
0.000650976525253868,0.313934680342631,0.818,0.698,1,"1","Rnaseh2a"
0.00065576017922253,0.623419183196332,0.276,0.165,1,"1","Phkb"
0.000657233497126445,0.603282160211823,0.4,0.266,1,"1","Def8"
0.000657943341412409,0.39991404986701,0.573,0.441,1,"1","Nacc1"
0.00066887141122815,0.347160521249515,0.773,0.608,1,"1","Hspg2"
0.00066991446253655,0.470290264339437,0.609,0.453,1,"1","Itfg1"
0.000674704600008261,0.495113064829958,0.36,0.225,1,"1","Mkrn2"
0.000678478306011053,0.451678682209058,0.373,0.234,1,"1","Dr1"
0.000685167954350018,0.544391446934423,0.436,0.297,1,"1","Srxn1"
0.000689728813766808,0.282383607417111,0.902,0.812,1,"1","Tmem50a"
0.000696904436248148,0.428855589213418,0.631,0.476,1,"1","Cap1"
0.000699534381137004,0.261345472829077,0.929,0.891,1,"1","Eif4h"
0.000703295408237756,0.379469522681798,0.431,0.277,1,"1","Slc4a2"
0.000713764399396286,0.297589910482249,0.813,0.686,1,"1","Afg3l1"
0.000719143238763157,0.369710279309806,0.769,0.654,1,"1","Eri1"
0.000720929201989341,0.460340720361919,0.507,0.371,1,"1","Nf1"
0.000734704535678524,0.329737756401819,0.729,0.577,1,"1","Emd"
0.000735105898767966,0.426209603720317,0.382,0.242,1,"1","Dennd1b"
0.000741096759070089,0.631515068400195,0.262,0.158,1,"1","Strn"
0.000748617126165579,0.491366642418599,0.542,0.4,1,"1","Kat6a"
0.000757521114824045,0.332433637952461,0.782,0.639,1,"1","H2-T22"
0.000759016416035741,0.373021976527525,0.653,0.469,1,"1","Nfyc"
0.000767769261575193,0.526656339369229,0.56,0.427,1,"1","Zfp638"
0.000772744989851744,0.428726192168056,0.391,0.248,1,"1","Slc25a12"
0.000773751157947372,0.666237479462294,0.302,0.185,1,"1","Gm32273"
0.000781634474480522,0.45132445628782,0.409,0.273,1,"1","Rbm43"
0.000784090850330976,0.451832202541342,0.662,0.536,1,"1","Dst"
0.00078551233781487,0.484069486341471,0.316,0.196,1,"1","Hoxd3os1"
0.000786813797694454,0.529834542809465,0.391,0.253,1,"1","Msx1"
0.000791817687483433,0.371393694083506,0.627,0.475,1,"1","Arhgef12"
0.000799125655797019,0.535373314703358,0.564,0.433,1,"1","Prkg2"
0.00081559138501543,0.364548791307099,0.729,0.556,1,"1","Erlec1"
0.000821650584266201,0.314386900142977,0.827,0.68,1,"1","Gm4332"
0.000826987986998822,0.490055564385635,0.498,0.363,1,"1","Bhlhb9"
0.000828743175556604,0.493592406275364,0.551,0.398,1,"1","Cyp20a1"
0.000842049252135464,0.272789724682554,0.836,0.77,1,"1","Nelfe"
0.000844032846002684,0.250631168048944,0.796,0.636,1,"1","Amfr"
0.000869928575432472,0.428994531390894,0.662,0.553,1,"1","Usp10"
0.000879998845226388,0.35408709724,0.471,0.325,1,"1","Ginm1"
0.00088197042771793,0.446580340406468,0.449,0.309,1,"1","Tamm41"
0.000882578440033937,0.680855021882263,0.271,0.162,1,"1","Ppip5k2"
0.000893707492027093,0.51352364122282,0.324,0.205,1,"1","Sec16a"
0.000896765988107594,0.738002654472252,0.364,0.247,1,"1","Adamts1"
0.00089729730747269,0.263227013255395,0.871,0.772,1,"1","Smap1"
0.000900145545752145,0.322461295242389,0.76,0.603,1,"1","Magt1"
0.000901549407398311,0.265557476142974,0.689,0.51,1,"1","Map7d1"
0.00090358307385508,0.29290570420714,0.76,0.605,1,"1","Clk1"
0.000907252152545603,0.259176954405593,0.884,0.79,1,"1","Morf4l1"
0.000919899939180877,0.431232597940292,0.458,0.309,1,"1","Rbm14"
0.000932537758088632,0.500012549941532,0.564,0.417,1,"1","Fndc3a"
0.000934190447812807,0.305256054693804,0.542,0.38,1,"1","Ncapd3"
0.000934569525161872,0.565875563088555,0.324,0.205,1,"1","Ofd1"
0.000935952907221454,0.297722946381635,0.796,0.646,1,"1","Ide"
0.000944162701299763,0.458794993828722,0.507,0.368,1,"1","Golm2"
0.000952559364892465,0.348356778048748,0.702,0.544,1,"1","Ctdsp2"
0.000954964144251361,0.341263680026903,0.778,0.66,1,"1","Ythdc1"
0.000959968179697833,0.255204710292809,0.947,0.902,1,"1","Ak2"
0.000967349479334426,0.388744232696946,0.378,0.239,1,"1","Syde1"
0.00097858727522899,0.287592469023212,0.711,0.559,1,"1","Tnfrsf1a"
0.000982745230513643,0.432698387445423,0.627,0.473,1,"1","Amotl1"
0.000985138653043995,0.306709237357268,0.844,0.77,1,"1","Upf3a"
0.000989820807346212,0.388151367286084,0.547,0.398,1,"1","Cdc34"
0.000992553041483229,0.478398747490317,0.444,0.311,1,"1","Smim27"
0.000997003949805618,0.522049732966874,0.276,0.168,1,"1","Ccdc92"
0.000998676757380275,0.470084636897693,0.64,0.513,1,"1","Cep57"
0.0010044883566112,0.283014773017405,0.711,0.556,1,"1","R3hdm1"
0.0010093184862108,0.383475716004855,0.582,0.443,1,"1","Tmem184c"
0.00101477420084892,0.429762039938519,0.604,0.44,1,"1","Oard1"
0.00101924646340063,0.366325080416831,0.578,0.427,1,"1","Gsdme"
0.00102689556368279,0.536846147468218,0.289,0.179,1,"1","Gm49336"
0.0010292560557615,0.577911948702258,0.32,0.201,1,"1","Exo5"
0.001032488877809,0.69866079065659,0.298,0.184,1,"1","Nfkbie"
0.00104846364945578,0.574922949970314,0.311,0.198,1,"1","Rpl6l"
0.00105107901852526,0.306493925037679,0.289,0.175,1,"1","Aldh3a2"
0.00106144441851994,0.506685165401355,0.329,0.208,1,"1","Grcc10"
0.00106749409793121,0.634132546143102,0.253,0.15,1,"1","Arid1b"
0.00106922853072615,0.600718360820581,0.271,0.162,1,"1","Rbsn"
0.00106936589086754,0.52485985243115,0.409,0.27,1,"1","Znrf2"
0.00107343294337534,0.388828798339839,0.44,0.296,1,"1","Ubash3b"
0.0010767236467998,0.541142515271385,0.453,0.319,1,"1","Siah1a"
0.00107703742293826,0.353015994379311,0.698,0.588,1,"1","Mettl16"
0.00108043565246539,0.477193944318471,0.493,0.346,1,"1","Bag4"
0.00108832907443658,0.428462220187058,0.453,0.319,1,"1","Ckap2l"
0.00112614345581785,0.406844210594886,0.649,0.522,1,"1","Kif23"
0.00113358774220754,0.618959072944262,0.289,0.179,1,"1","Arl16"
0.00113532030211247,0.690977549560565,0.262,0.161,1,"1","Gm42047"
0.00113597682174054,0.490973951294281,0.302,0.187,1,"1","Zcchc14"
0.00113689505780828,0.448745431141279,0.516,0.378,1,"1","Foxd2os"
0.00113712450599031,0.307962933082361,0.72,0.557,1,"1","Zfp326"
0.00113885987897838,0.332326698932776,0.782,0.669,1,"1","Gna13"
0.00116804451463885,0.706861179027653,0.28,0.176,1,"1","Sfxn2"
0.00117035430274298,0.418982123839084,0.556,0.397,1,"1","Diablo"
0.00117870088835121,0.396066640135316,0.516,0.351,1,"1","Naa25"
0.00117902967474133,0.385826906157208,0.613,0.453,1,"1","Usp5"
0.00117944081529853,0.439392047971137,0.387,0.257,1,"1","Ccser2"
0.00118269674001583,0.399863170628039,0.618,0.479,1,"1","Dtl"
0.00118928257635935,0.627693283198548,0.258,0.155,1,"1","Pofut1"
0.00119251416126059,0.62843118392477,0.271,0.165,1,"1","Abhd13"
0.00119275223088144,0.441330647854316,0.48,0.343,1,"1","Rasa2"
0.00120043588709932,0.464737431955321,0.578,0.456,1,"1","Pds5b"
0.00120630557967978,0.637198143395893,0.48,0.358,1,"1","Cdca2"
0.00123264336140385,0.306100792004177,0.844,0.678,1,"1","Ubtf"
0.00124527533253622,0.356296436213868,0.582,0.407,1,"1","Thap7"
0.00124929277584635,0.541200608293966,0.369,0.253,1,"1","Slc7a6"
0.00125561532038629,0.432630263861476,0.422,0.285,1,"1","Plbd2"
0.00125953771764359,0.481692147381118,0.467,0.348,1,"1","Elk3"
0.00126811328063219,0.445355467610938,0.364,0.239,1,"1","Fut8"
0.0012804335448013,0.475685719132181,0.382,0.253,1,"1","Cep250"
0.00128248632289328,0.335710626203358,0.702,0.551,1,"1","Dpysl2"
0.0012894846011313,0.362569377987365,0.569,0.418,1,"1","Itsn2"
0.00129066417274597,0.43207573030675,0.489,0.34,1,"1","Prdm5"
0.00130149052697168,0.390949124477181,0.698,0.528,1,"1","Phlda3"
0.0013079631575601,0.456994378644793,0.538,0.406,1,"1","Aebp2"
0.00131329786205866,0.290644675358726,0.773,0.629,1,"1","Cfap36"
0.00135047435782055,0.420663814383669,0.613,0.459,1,"1","Dusp9"
0.00135970648802137,0.333510484469578,0.613,0.453,1,"1","Sdhaf2"
0.00136279462941346,0.411550941241674,0.604,0.456,1,"1","Ccdc6"
0.00136859808892366,0.561238092455212,0.262,0.156,1,"1","Xpc"
0.00137457368816032,0.360022087387905,0.707,0.57,1,"1","Bag2"
0.00137492595925508,0.46476002338759,0.427,0.297,1,"1","Rxrb"
0.00138045841070534,0.496793845968373,0.418,0.285,1,"1","Ttc39b"
0.00138439244433376,0.559043346546065,0.36,0.236,1,"1","Spire2"
0.00140276452285736,0.492819152795806,0.484,0.351,1,"1","Pdcd7"
0.00141333422575473,0.364347346810583,0.724,0.573,1,"1","Tex30"
0.00143042298174324,0.256848627701805,0.364,0.239,1,"1","Ifi203"
0.00143482948231517,0.334052472736724,0.693,0.56,1,"1","Cs"
0.00143538079521058,0.44158737769959,0.511,0.36,1,"1","Rnf181"
0.00143916122876227,0.288918947286016,0.876,0.786,1,"1","Shmt2"
0.00147096499075857,0.391430918817393,0.684,0.559,1,"1","Anxa4"
0.00147525764890281,0.623368654075013,0.267,0.164,1,"1","Ptar1"
0.00148180303981123,0.300869974747392,0.716,0.567,1,"1","Slc6a6"
0.00149266263899746,0.40881284275681,0.467,0.331,1,"1","Ubap1"
0.00149808572481249,0.589513714646231,0.258,0.156,1,"1","Ripk2"
0.0014985967502042,0.536014280613452,0.289,0.173,1,"1","Fanca"
0.00152183906229094,0.389224400129519,0.671,0.533,1,"1","Lpcat3"
0.00152306896493006,0.470495817795734,0.271,0.159,1,"1","Mfap1a"
0.00152544348924704,0.354685278044205,0.689,0.556,1,"1","Prmt5"
0.0015391622207537,0.445529552592647,0.498,0.349,1,"1","Ddit3"
0.00155086334260269,0.413470542205453,0.551,0.423,1,"1","Gtf3c2"
0.00155947991903811,0.257950441296686,0.684,0.504,1,"1","Add1"
0.00156136896029767,0.421359335509282,0.689,0.545,1,"1","Osr1"
0.00157721258527953,0.614199718387011,0.258,0.158,1,"1","Mex3d"
0.00160187922633436,0.322766141823421,0.809,0.674,1,"1","Scoc"
0.00161208894489839,0.340068374220235,0.582,0.424,1,"1","Nup54"
0.00163196009770306,0.541261265175918,0.493,0.364,1,"1","Tmem119"
0.00163230063717249,0.43079199947241,0.484,0.346,1,"1","Xpo4"
0.00163460092313208,0.661543953305965,0.262,0.164,1,"1","Plxnd1"
0.00163982816947972,0.366381662459628,0.542,0.4,1,"1","Pcnt"
0.00165094603983935,0.682199020596436,0.32,0.217,1,"1","Cep70"
0.00166309826465552,0.434377730904543,0.493,0.352,1,"1","Stard4"
0.00167017117410766,0.554384335040441,0.418,0.299,1,"1","Nrip1"
0.00167981014872608,0.348314100800415,0.796,0.677,1,"1","Suds3"
0.00168084432613956,0.35838391105592,0.667,0.513,1,"1","Fam53a"
0.00168303370142233,0.315919970910681,0.738,0.593,1,"1","Faf1"
0.00169272618035953,0.55221403536859,0.351,0.234,1,"1","Rabif"
0.00171575538160286,0.388314058172858,0.458,0.309,1,"1","Neo1"
0.00171620358702716,0.381154495380492,0.72,0.649,1,"1","Tiprl"
0.00171719838326882,0.448059477112756,0.356,0.231,1,"1","Nek10"
0.00172238927668015,0.678626480744928,0.293,0.187,1,"1","Fam83d"
0.00172644642898188,0.261927536859277,0.889,0.737,1,"1","Nop14"
0.00173288338850361,0.254043800101179,0.853,0.806,1,"1","Leprotl1"
0.00174043162155859,0.374331007410614,0.587,0.45,1,"1","Meaf6"
0.00174986398374137,0.375779228483155,0.427,0.291,1,"1","Twf2"
0.0017547448500892,0.505775199024382,0.369,0.247,1,"1","Naalad2"
0.0017556412925748,0.340419306251192,0.404,0.268,1,"1","Paip2b"
0.00176550852742154,0.46396210482589,0.458,0.325,1,"1","Ptpn14"
0.00177533803899351,0.443415022900759,0.502,0.371,1,"1","Mthfd2l"
0.00177748711124742,0.327190762860536,0.684,0.55,1,"1","Zc3h13"
0.00178135029685485,0.443297802529207,0.338,0.216,1,"1","Mtor"
0.00178281924311764,0.322051611030987,0.733,0.59,1,"1","Plaa"
0.0017836515595128,0.340914810231246,0.591,0.45,1,"1","Prim2"
0.0017961285139855,0.52891391870799,0.413,0.3,1,"1","Mtmr14"
0.00182315976182968,0.436957303644707,0.507,0.374,1,"1","Angel2"
0.00182502756483699,0.51604208438386,0.333,0.214,1,"1","Fbxo7"
0.00182544679886529,0.531653275025424,0.449,0.331,1,"1","Ajuba"
0.00182755274045567,0.413208747646708,0.498,0.358,1,"1","Zc3hc1"
0.00185080849513123,0.324185882408139,0.627,0.49,1,"1","Lin7c"
0.00185162437364659,0.386989905169204,0.711,0.571,1,"1","Yme1l1"
0.00186590068209778,0.277769637286315,0.876,0.828,1,"1","Gng12"
0.00187723042952978,0.525561617088154,0.364,0.248,1,"1","Amn1"
0.00189135756729397,0.282872338948332,0.818,0.749,1,"1","Gm44442"
0.00189166403740692,0.327002063350062,0.653,0.496,1,"1","Tcf20"
0.00190620493196918,0.420308836721307,0.636,0.501,1,"1","Vps4b"
0.00191912007177145,0.611952163337881,0.28,0.176,1,"1","Tatdn2"
0.0019341274373143,0.387514634362235,0.302,0.193,1,"1","Dzip1l"
0.0019624492691461,0.455260896740963,0.538,0.415,1,"1","Dlgap5"
0.00196752113361892,0.417852656562135,0.471,0.343,1,"1","Adprs"
0.00197564339176581,0.373827130886234,0.404,0.268,1,"1","Tnks"
0.00197838433810695,0.26318998636293,0.791,0.649,1,"1","Copa"
0.00201109215741919,0.472456174191168,0.858,0.779,1,"1","Tuba1c"
0.00202474600539567,0.452562274239314,0.284,0.176,1,"1","S1pr2"
0.00202708804304918,0.292300042406875,0.884,0.772,1,"1","Gorasp2"
0.0020402395757042,0.333263036831993,0.404,0.268,1,"1","Cers6"
0.00204529823464947,0.367937272613454,0.427,0.286,1,"1","Mre11a"
0.00204614084911871,0.632029995998705,0.258,0.155,1,"1","Samd8"
0.00204674347827544,0.388041851766268,0.342,0.227,1,"1","Stk17b"
0.00205558599157598,0.349550163533048,0.449,0.303,1,"1","Tap2"
0.0020582079006852,0.526887195529621,0.369,0.25,1,"1","Agap1"
0.00209352457489089,0.555332826533103,0.493,0.377,1,"1","Taf1"
0.00210066511584112,0.259560146551652,0.898,0.796,1,"1","Hnrnpr"
0.00210116142665192,0.423436298147431,0.498,0.36,1,"1","Kctd5"
0.00211161088566398,0.307678600101835,0.533,0.374,1,"1","Efcab14"
0.00211613334552182,0.380903106398567,0.689,0.545,1,"1","Mpp1"
0.00212628400676551,0.446048432488779,0.364,0.239,1,"1","Pomgnt1"
0.0021313918407138,0.51458291791663,0.547,0.432,1,"1","Chpf"
0.00215968812757939,0.354072492161852,0.671,0.541,1,"1","Rab22a"
0.00216338005536817,0.372836354415088,0.644,0.513,1,"1","Dguok"
0.00217453623956256,0.396296658817829,0.493,0.364,1,"1","Slmap"
0.00217704268164745,0.439519046818662,0.444,0.315,1,"1","Tbc1d1"
0.00219835915627451,0.421116057026372,0.316,0.202,1,"1","Layn"
0.00220746617917954,0.47993132180595,0.573,0.456,1,"1","Sap30"
0.00222444255784269,0.400700171531295,0.613,0.479,1,"1","Tank"
0.00222510640128753,0.368582450626735,0.596,0.426,1,"1","Ecd"
0.00223245547245598,0.354069135568361,0.449,0.305,1,"1","Nhlrc2"
0.00224508389266589,0.287692960335616,0.698,0.571,1,"1","Bak1"
0.00224669171126433,0.354658062527971,0.533,0.391,1,"1","Smarcc2"
0.00225605545880271,0.310857945206744,0.76,0.609,1,"1","Reep3"
0.00227028416328653,0.371949503382839,0.542,0.417,1,"1","Pdcd2"
0.00227068932614585,0.392255029395315,0.622,0.495,1,"1","Zcchc7"
0.00227087111050188,0.305628869698646,0.622,0.47,1,"1","Usp48"
0.00228784004404425,0.41198676857725,0.702,0.547,1,"1","Zmynd8"
0.00236421790723231,0.272447480109755,0.427,0.291,1,"1","Chd6"
0.00236604190576312,0.430334700579006,0.56,0.429,1,"1","Sh3kbp1"
0.00237041120682016,0.340259560537998,0.578,0.436,1,"1","Nrf1"
0.00237631972243138,0.290076380990468,0.809,0.688,1,"1","Itgb1bp1"
0.00238709697406233,0.413570500915692,0.284,0.178,1,"1","Slc25a36"
0.00239170027103331,0.281373234882996,0.791,0.672,1,"1","Pole3"
0.00241197742541058,0.533249438468956,0.284,0.185,1,"1","Jade2"
0.00242008914234678,0.303488984976444,0.809,0.669,1,"1","Ankrd17"
0.00243503678858859,0.300079926596898,0.351,0.23,1,"1","Rgma"
0.00243738650783354,0.304270038161468,0.44,0.306,1,"1","Zfp451"
0.00245569963355838,0.443997558736908,0.289,0.181,1,"1","Ggta1"
0.00248969433683919,0.496299055841272,0.484,0.354,1,"1","Kdm5a"
0.00250707285969407,0.422698810258538,0.676,0.542,1,"1","4921524J17Rik"
0.00254017536146044,0.357757974832664,0.662,0.496,1,"1","Dnajc5"
0.0025402565244375,0.332250059885871,0.476,0.345,1,"1","Tdg"
0.00254657443813688,0.40535067549425,0.627,0.518,1,"1","Ncor2"
0.00255457195536272,0.512609785876729,0.307,0.201,1,"1","Plxna1"
0.00256893874054823,0.299493609396138,0.502,0.358,1,"1","Hotairm1"
0.00257379068862243,0.39511630290701,0.271,0.164,1,"1","Tubgcp4"
0.00258635460918677,0.545940354860002,0.44,0.338,1,"1","Gabpb1"
0.00259352098183534,0.388518666932556,0.551,0.423,1,"1","Ccdc25"
0.00260812630296439,0.335659090306278,0.693,0.559,1,"1","Mkrn1"
0.00263378705842826,0.333863573257713,0.582,0.44,1,"1","Mysm1"
0.00264448197048708,0.380586691354204,0.289,0.185,1,"1","Bcl2l11"
0.00265715962869399,0.388897768160398,0.471,0.331,1,"1","Hivep2"
0.00266107724064208,0.425969088960626,0.684,0.585,1,"1","Spag9"
0.00267097468593626,0.381816552202067,0.462,0.325,1,"1","Sh3bp4"
0.00268954980438524,0.326168089857704,0.782,0.708,1,"1","Tapbp"
0.0027115561328109,0.388981406160137,0.333,0.227,1,"1","Phf21a"
0.00275661280151983,0.456537068281495,0.498,0.377,1,"1","Pnpla2"
0.00277624789150875,0.335791153572491,0.662,0.527,1,"1","Gnaq"
0.0027789428898573,0.451473085319443,0.453,0.335,1,"1","G2e3"
0.00277936242919264,0.461676596158852,0.253,0.153,1,"1","Casp4"
0.00279926829943023,0.597643640085724,0.271,0.176,1,"1","Zbed6"
0.00280098250490478,0.386267117443378,0.556,0.423,1,"1","Fto"
0.00281226649115832,0.33147373514985,0.698,0.602,1,"1","Ckap5"
0.00281251699052383,0.502408373699174,0.307,0.202,1,"1","Baz2a"
0.00286383763995741,0.510251406373122,0.298,0.193,1,"1","Wipf2"
0.00287101959739276,0.482362917473496,0.311,0.205,1,"1","Scaf4"
0.00287196871451459,0.675134612813854,0.276,0.181,1,"1","Gpbp1l1"
0.00290232128484126,0.403783620649889,0.76,0.662,1,"1","Cdc20"
0.00290685792381235,0.439803373697829,0.542,0.403,1,"1","Slc25a13"
0.0029169839851237,0.464466565788529,0.511,0.363,1,"1","Faap20"
0.00292275384607931,0.471211054964564,0.378,0.266,1,"1","Kank2"
0.0029265084479975,0.451738050733693,0.258,0.156,1,"1","Pole2"
0.00294880679400325,0.316376091704094,0.48,0.334,1,"1","Rad23a"
0.00296345043295309,0.446217268965932,0.258,0.158,1,"1","Plekhf2"
0.00296945238315952,0.321945388027495,0.631,0.496,1,"1","Atxn2"
0.00297590673013967,0.457724976101634,0.276,0.175,1,"1","Wipf1"
0.00298826051258124,0.370368868307774,0.538,0.409,1,"1","Tox4"
0.00300447391256314,0.304607592529922,0.644,0.527,1,"1","Ikbip"
0.00302084759656405,0.322342926240496,0.742,0.609,1,"1","Adi1"
0.00305948171444787,0.384861811901344,0.782,0.681,1,"1","Fn1"
0.00306998622252877,0.315895444161044,0.596,0.449,1,"1","Usp37"
0.00307732846335859,0.410956357944657,0.276,0.17,1,"1","Ahdc1"
0.00308197954937726,0.351397458533512,0.338,0.217,1,"1","Ppp4r1l-ps"
0.00308725135681128,0.382102806233604,0.684,0.573,1,"1","Ddx47"
0.00308799089730873,0.3748643072965,0.556,0.413,1,"1","Casp8"
0.00309920162888775,0.401770674821988,0.4,0.273,1,"1","Zfp869"
0.0031346263345189,0.470227765380448,0.387,0.268,1,"1","Lbr"
0.00319450456656845,0.308763068791353,0.689,0.544,1,"1","Anapc1"
0.00319837127042072,0.722131536771258,0.262,0.17,1,"1","Ly75"
0.00323030522937423,0.573265505396532,0.298,0.191,1,"1","Stam2"
0.00324493369603703,0.269225609751517,0.867,0.781,1,"1","Rnf126"
0.00328253026611624,0.58536003273794,0.271,0.175,1,"1","Runx2"
0.00333093096091798,0.30908514994709,0.658,0.51,1,"1","Imp4"
0.00334119569299839,0.410256193683179,0.316,0.204,1,"1","Gm57857"
0.00334314614473334,0.303399175627849,0.756,0.662,1,"1","Strn3"
0.00338296612418272,0.302381936800606,0.853,0.732,1,"1","Pmpcb"
0.00338392561239832,0.444315481734391,0.333,0.224,1,"1","Rap2c"
0.00340455698233016,0.363670972295315,0.649,0.544,1,"1","Snd1"
0.00343281051695597,0.399670169568619,0.44,0.314,1,"1","Rc3h2"
0.00345958524696423,0.384786117635449,0.729,0.643,1,"1","Akirin2"
0.00348366510846182,0.307453551252032,0.631,0.467,1,"1","Hnrnpll"
0.0035238992735263,0.358019108743284,0.373,0.248,1,"1","Trappc11"
0.00354241826358058,0.351657826457824,0.52,0.384,1,"1","Rprd1b"
0.00355296414413109,0.54528270849158,0.364,0.262,1,"1","Dusp19"
0.00355610776378973,0.474122854032203,0.369,0.256,1,"1","Tanc1"
0.00356021567942001,0.292799916502621,0.36,0.233,1,"1","Tulp3"
0.00357812168830229,0.387382529705177,0.538,0.407,1,"1","Arih1"
0.00358855834636011,0.37619944166233,0.56,0.43,1,"1","Ets1"
0.00360427152196685,0.288747140304442,0.689,0.554,1,"1","Prrc2b"
0.00361085754736443,0.402903552901154,0.631,0.508,1,"1","Trpm7"
0.00365015993930222,0.347512044848706,0.676,0.541,1,"1","Bri3bp"
0.0036629877486654,0.32381110242681,0.347,0.228,1,"1","Zmym5"
0.00367317694139365,0.283296898307676,0.418,0.294,1,"1","Ppt1"
0.00370362874267625,0.565581822467738,0.284,0.188,1,"1","Fryl"
0.00371115144826306,0.273240364320443,0.769,0.68,1,"1","Metap1"
0.00372816581959794,0.290149844603922,0.791,0.712,1,"1","Supt16"
0.00372820548966845,0.338406879024213,0.658,0.522,1,"1","Tmem120a"
0.00373003567368591,0.280212860920067,0.671,0.533,1,"1","Hint2"
0.00374830401577884,0.423891652656047,0.556,0.435,1,"1","Ppm1b"
0.00376357365142224,0.633871824596853,0.262,0.168,1,"1","Dmtf1"
0.00376788865372822,0.47774131874473,0.302,0.196,1,"1","Mcu"
0.00379020604415378,0.267486269710354,0.871,0.776,1,"1","Mcm6"
0.00380334747510423,0.406385704567377,0.347,0.236,1,"1","Fbxo8"
0.00381812633088765,0.44052323311422,0.293,0.194,1,"1","C87436"
0.00382744701313528,0.328891163093668,0.698,0.582,1,"1","Mars1"
0.00384980593835376,0.423272643856948,0.462,0.345,1,"1","Rcor1"
0.0038499051094321,0.407406100244382,0.329,0.214,1,"1","Dvl1"
0.00385238380116198,0.453616935350373,0.324,0.216,1,"1","Rbl1"
0.0038785964634626,0.412936196535752,0.538,0.4,1,"1","Zfp637"
0.00387870244281553,0.383669208966406,0.48,0.352,1,"1","Cwf19l2"
0.003904236129571,0.42722842307428,0.484,0.368,1,"1","Trio"
0.00391077177606756,0.276187272178227,0.547,0.418,1,"1","Klf7"
0.00392353338019415,0.323634001503089,0.702,0.574,1,"1","Rrp1b"
0.00393512148037002,0.331377880252852,0.502,0.378,1,"1","Sephs1"
0.00395678395906148,0.347806504224447,0.529,0.417,1,"1","Lats2"
0.00395911080260443,0.389410975791235,0.36,0.242,1,"1","Map2k7"
0.00398634711956926,0.35505368444198,0.316,0.207,1,"1","Rab23"
0.00398692262713956,0.523945057222531,0.298,0.198,1,"1","Pex5"
0.00400241151089311,0.374311823812132,0.569,0.424,1,"1","Reps1"
0.00401602012303726,0.371738916935944,0.547,0.41,1,"1","Trim26"
0.00405050575827594,0.4035342557455,0.533,0.412,1,"1","Dera"
0.00405165679700005,0.501990760329121,0.427,0.309,1,"1","Paxip1"
0.00409294108470792,0.503926532066017,0.324,0.217,1,"1","Pdxk"
0.00411429829659602,0.408125627313419,0.422,0.296,1,"1","Ptpn12"
0.00412044638660874,0.30211220400032,0.742,0.588,1,"1","Sap30bp"
0.00412800840124573,0.304017389654571,0.587,0.435,1,"1","Aven"
0.00416933366877542,0.343829820856858,0.498,0.369,1,"1","Khsrp"
0.00419140402482097,0.410741072684698,0.453,0.348,1,"1","Dpagt1"
0.00420537414359818,0.267723770011899,0.462,0.322,1,"1","Ccng1"
0.00433198153720916,0.315135130006757,0.4,0.28,1,"1","Cstf2"
0.0043385935322332,0.567335871519726,0.276,0.182,1,"1","Tet3"
0.00434485003908024,0.565346579287713,0.347,0.245,1,"1","Gmcl1"
0.00438678424774765,0.503352081606272,0.307,0.208,1,"1","Sos1"
0.00439969877178995,0.321603608638543,0.68,0.567,1,"1","Aga"
0.00440298375667832,0.287599535588149,0.8,0.68,1,"1","Spg7"
0.00444955654043717,0.412403038160501,0.453,0.332,1,"1","Pawr"
0.00447384189463972,0.250358190376904,0.729,0.585,1,"1","Wdr26"
0.00454759052922887,0.321087123157875,0.64,0.508,1,"1","Etv4"
0.00461545938104608,0.431316226743055,0.467,0.326,1,"1","Anapc7"
0.00461617481230573,0.288044478822714,0.804,0.697,1,"1","Map4k4"
0.00466327468933758,0.371459947947463,0.316,0.21,1,"1","Kmt2c"
0.00468070111616599,0.377084435001499,0.427,0.309,1,"1","Tlnrd1"
0.00468355447902042,0.644389162378119,0.276,0.184,1,"1","Socs4"
0.00468805828506288,0.30227075516603,0.484,0.346,1,"1","Asxl2"
0.0047148290566123,0.396168207108716,0.538,0.401,1,"1","Haus8"
0.00474680306385511,0.557325142018415,0.267,0.178,1,"1","Zbtb45"
0.00474999290104454,0.431785521911514,0.347,0.234,1,"1","St3gal2"
0.00475947604697566,0.287021822522135,0.796,0.665,1,"1","Akap9"
0.00477288627840121,0.494178209752754,0.404,0.286,1,"1","B3glct"
0.00477706860307254,0.434882726192257,0.302,0.196,1,"1","Arhgap42"
0.00480944033325904,0.356169572246983,0.6,0.45,1,"1","Sh3gl1"
0.00487191584344449,0.250947221924008,0.836,0.729,1,"1","Ten1"
0.00488027129310627,0.550109561258868,0.298,0.196,1,"1","Kctd9"
0.0049061500219943,0.405696058600695,0.302,0.199,1,"1","Tnfrsf11a"
0.00491668388102344,0.298220070809047,0.569,0.433,1,"1","Pdpn"
0.00493955724033953,0.454512563785205,0.316,0.208,1,"1","Tmem94"
0.00495469865117738,0.515855148668305,0.333,0.228,1,"1","Rsbn1l"
0.00502087805095126,0.27904823549064,0.409,0.283,1,"1","Macc1"
0.00502362679548023,0.268344977702876,0.364,0.245,1,"1","Sec24c"
0.00502480160311419,0.313240534745626,0.689,0.539,1,"1","Mier1"
0.00503609628480692,0.452284063131702,0.307,0.207,1,"1","Dennd10"
0.00503742154772967,0.473691034276786,0.369,0.251,1,"1","Clock"
0.00503785949283646,0.33693687682359,0.36,0.242,1,"1","Osbp"
0.00506690962390083,0.283371444993554,0.578,0.432,1,"1","Ubl3"
0.00510715562669721,0.396249268660432,0.307,0.205,1,"1","Socs5"
0.00512605949393544,0.440238892854839,0.391,0.286,1,"1","Nav3"
0.00512827291250341,0.498970732493931,0.307,0.211,1,"1","Rpl14-ps1"
0.00514395194789445,0.289812782983798,0.649,0.522,1,"1","Bltp2"
0.00515523559137892,0.254822411712831,0.858,0.753,1,"1","Serf2"
0.00516790563007557,0.339070968776377,0.436,0.309,1,"1","Ist1"
0.00519481992018875,0.295164744992367,0.88,0.799,1,"1","Steap1"
0.00522235203743582,0.281265433155979,0.791,0.672,1,"1","Rnpep"
0.00522892554940533,0.332403412516276,0.809,0.806,1,"1","Cdca8"
0.0052700199971065,0.324990666807503,0.698,0.557,1,"1","Alad"
0.00529758399748527,0.55182404820512,0.262,0.172,1,"1","Wdsub1"
0.00532884749330862,0.384937536018615,0.276,0.179,1,"1","Oas3"
0.00533537749752446,0.484147128397628,0.418,0.3,1,"1","Pias1"
0.00535261178662331,0.371113916498315,0.373,0.26,1,"1","Inpp1"
0.0053547496502442,0.460880538222747,0.369,0.266,1,"1","Pbp2"
0.00535924797118375,0.358281409508449,0.698,0.617,1,"1","Eea1"
0.005364089330725,0.35484802035968,0.311,0.202,1,"1","Lysmd3"
0.00538115128097867,0.370049330266034,0.476,0.345,1,"1","Safb2"
0.00538985860370919,0.426374763709372,0.4,0.286,1,"1","Trim24"
0.00543137510382474,0.446140373078099,0.48,0.369,1,"1","Kif2c"
0.00544650922362774,0.305831996492002,0.556,0.423,1,"1","Rbmx2"
0.00548652664919906,0.334602990471182,0.44,0.312,1,"1","Wdr46"
0.00550435901250438,0.382728813555928,0.507,0.4,1,"1","Jpt2"
0.00551010712305658,0.254054060234629,0.631,0.482,1,"1","Procr"
0.00551371037592677,0.261589779556462,0.382,0.259,1,"1","Stx6"
0.00552766929079027,0.489183059470407,0.329,0.225,1,"1","Med16"
0.00554017074152827,0.32701596970404,0.596,0.462,1,"1","Znrf1"
0.00555779113940714,0.335960519579657,0.569,0.44,1,"1","Preb"
0.00558693656417078,0.514514223183308,0.311,0.216,1,"1","Hs1bp3"
0.00559801742206129,0.440305852153297,0.324,0.219,1,"1","Tmem39b"
0.00561345549940204,0.287770942821064,0.658,0.515,1,"1","Capn2"
0.00570029720946732,0.333506664908058,0.631,0.513,1,"1","Hook3"
0.0057812163751893,0.33888757507376,0.409,0.288,1,"1","Gba1"
0.00581800930723475,0.325542948519757,0.604,0.475,1,"1","Strbp"
0.00584263643364314,0.318011457478384,0.333,0.221,1,"1","Pyurf"
0.00585907951018661,0.445847018856849,0.524,0.418,1,"1","Prorsd1"
0.0058753552049194,0.672852193900671,0.373,0.276,1,"1","Aspm"
0.00588470711567988,0.370255423370864,0.471,0.348,1,"1","Spred2"
0.00590236117076508,0.402351284859578,0.467,0.346,1,"1","Baz2b"
0.00598759628731619,0.484274907907322,0.324,0.224,1,"1","Tmem209"
0.00599091511298612,0.344958249249592,0.462,0.325,1,"1","Mms22l"
0.00601982970894149,0.283042441260243,0.738,0.622,1,"1","Birc6"
0.00604493285534843,0.321651926313552,0.489,0.363,1,"1","Orc4"
0.00604700274074802,0.251969891829714,0.68,0.559,1,"1","Ep400"
0.00606794933181152,0.363294557805206,0.484,0.363,1,"1","Chpt1"
0.00607992371339133,0.342105334226711,0.551,0.418,1,"1","Rad51ap1"
0.00609520745849077,0.30883494280481,0.64,0.502,1,"1","Topors"
0.00616673955717404,0.264587526636071,0.667,0.522,1,"1","Dcps"
0.00618216859628336,0.421553734876549,0.404,0.292,1,"1","Ccnf"
0.00618379969862693,0.441793000013454,0.342,0.247,1,"1","Ppp1r21"
0.0061974947146737,0.317909837446309,0.849,0.717,1,"1","Itm2c"
0.00620981507085308,0.478137880445071,0.467,0.357,1,"1","Gfpt1"
0.00624177832466747,0.432711416015557,0.342,0.233,1,"1","Slc44a1"
0.00626850452500115,0.435421441163256,0.418,0.3,1,"1","Lncppara"
0.00630734504343887,0.250343440948475,0.698,0.567,1,"1","Tcf7l2"
0.00630766833723243,0.335602943565051,0.684,0.562,1,"1","Smarcd1"
0.00630794861245129,0.359176364601442,0.453,0.332,1,"1","Cab39l"
0.00638525691881765,0.301141354230979,0.604,0.472,1,"1","Arl8b"
0.00638663996761268,0.270619144482619,0.756,0.626,1,"1","Rbck1"
0.006395642145986,0.334641184955306,0.547,0.418,1,"1","Asph"
0.00642709623917884,0.57602414984784,0.382,0.282,1,"1","Tmcc1"
0.00645095381849585,0.373731485354418,0.48,0.36,1,"1","Arhgef5"
0.00645617015761877,0.565696689795796,0.32,0.227,1,"1","Arl5a"
0.00651569717419525,0.290340817315217,0.684,0.606,1,"1","Aifm1"
0.00654521282203124,0.316432690041707,0.578,0.461,1,"1","Vps26a"
0.00658004401300853,0.450251137879977,0.298,0.204,1,"1","Efna5"
0.00658406113065251,0.386966274089147,0.542,0.433,1,"1","Bub1"
0.00666872985620218,0.442324864512316,0.356,0.242,1,"1","Ccdc167"
0.00667180453014542,0.457636883797263,0.258,0.167,1,"1","Mlh1"
0.00672351511661997,0.43202300270779,0.373,0.259,1,"1","Abi2"
0.00674192853033395,0.637350945617496,0.302,0.211,1,"1","Sapcd2"
0.00676632318155832,0.287602863356813,0.622,0.493,1,"1","Pds5a"
0.00680034893198056,0.329235266980223,0.622,0.507,1,"1","Efhd2"
0.006801992841057,0.302977217512865,0.476,0.358,1,"1","Cdk8"
0.0068071071443082,0.304978207603346,0.564,0.45,1,"1","St6galnac4"
0.00683769593601364,0.32296753645336,0.636,0.516,1,"1","Pus1"
0.00683883804263735,0.336576857756919,0.573,0.456,1,"1","Nudt3"
0.00691561259109171,0.376217976459975,0.28,0.182,1,"1","Bhlhe41"
0.00693579308496712,0.39675203379544,0.489,0.371,1,"1","Ppp1r35"
0.00696337315283394,0.335125767308627,0.507,0.392,1,"1","Bdp1"
0.00698552987148786,0.447113259276444,0.36,0.257,1,"1","Cep43"
0.00710906870113807,0.524742904057175,0.347,0.251,1,"1","Vps52"
0.00715948383863573,0.496656068764138,0.276,0.185,1,"1","Nr2c2"
0.00716437827252234,0.344628056134227,0.533,0.426,1,"1","Heatr3"
0.00717187170061706,0.422769893216783,0.324,0.222,1,"1","Chek1"
0.00718558801237947,0.253923189533169,0.604,0.47,1,"1","Zdhhc20"
0.00720051055949586,0.282518180416206,0.347,0.231,1,"1","Mtmr4"
0.00721771906979248,0.289142869105964,0.667,0.527,1,"1","Htatsf1"
0.00724028362549138,0.307126018469962,0.618,0.508,1,"1","Chd8"
0.00724367116205765,0.634884558808677,0.284,0.198,1,"1","Dnmt3a"
0.00725710121144526,0.308160725122603,0.498,0.361,1,"1","Txndc12"
0.0073034342280613,0.385834381348233,0.556,0.426,1,"1","Exoc5"
0.00731622205895179,0.36830574399138,0.8,0.708,1,"1","Cd44"
0.00736099426339088,0.378697013040591,0.596,0.492,1,"1","Kmt2a"
0.00737043752489169,0.270868497631819,0.551,0.426,1,"1","Zbtb8os"
0.00739352758580321,0.323785062445022,0.511,0.403,1,"1","Jmjd1c"
0.00740240599220934,0.338952435965951,0.604,0.476,1,"1","Eif2s3x"
0.00743114276065594,0.317299189506438,0.676,0.577,1,"1","Wtap"
0.00746617412237102,0.398885329681563,0.684,0.564,1,"1","Clspn"
0.00747521020422208,0.476769487829102,0.4,0.294,1,"1","Plekhb2"
0.00750016993732124,0.296720645605334,0.644,0.516,1,"1","Trim47"
0.00752744749038113,0.526083051151282,0.489,0.378,1,"1","Prps2"
0.00752787964796485,0.410671016804659,0.498,0.374,1,"1","Abhd16a"
0.00754542751724501,0.474042445360595,0.458,0.358,1,"1","Pnrc2"
0.00761125656029087,0.270175052611618,0.418,0.294,1,"1","Cdc42ep1"
0.00762034619901426,0.440236262179488,0.258,0.165,1,"1","Zfyve9"
0.00764589045997984,0.505165779549778,0.342,0.239,1,"1","Atp6v0a1"
0.00765342425436277,0.350636482878961,0.516,0.392,1,"1","Pdk3"
0.00773276404321591,0.349762165624419,0.671,0.596,1,"1","Baz1b"
0.00774646540549049,0.316827958004386,0.36,0.25,1,"1","Pml"
0.00775967682330568,0.271625973212554,0.569,0.447,1,"1","Tmem259"
0.00778974978992196,0.250916505868661,0.791,0.632,1,"1","Pycr2"
0.00782812920843774,0.258543518145052,0.476,0.349,1,"1","Zfp664"
0.00782946896259827,0.377451158210777,0.529,0.397,1,"1","Acads"
0.00786996325049875,0.43692282214054,0.52,0.403,1,"1","Czib"
0.00795095747339142,0.267340930492707,0.489,0.363,1,"1","Fastk"
0.00798573391805271,0.390419042460375,0.267,0.176,1,"1","Cep104"
0.00799328682744289,0.468016951853492,0.276,0.182,1,"1","Nedd4l"
0.00805832372470631,0.431293258791257,0.36,0.257,1,"1","Lypla2"
0.00806699166861619,0.417310694736079,0.311,0.213,1,"1","9330162G02Rik"
0.00809596757289681,0.397732304367347,0.28,0.181,1,"1","Hsdl2"
0.008107851827258,0.346732111732965,0.764,0.662,1,"1","Sdcbp"
0.00812824008319824,0.390229051807349,0.262,0.165,1,"1","Rara"
0.00814132761712729,0.578723606284464,0.258,0.173,1,"1","ENSMUSG00000140682"
0.00818795644565211,0.327769139337966,0.471,0.349,1,"1","Gmppa"
0.00821321534957394,0.285620947282283,0.28,0.184,1,"1","Lif"
0.00826969853562308,0.260978265620664,0.724,0.597,1,"1","Maea"
0.00827799497675796,0.389314760606405,0.649,0.521,1,"1","Rps10-ps1"
0.0083975446746889,0.290050197437094,0.48,0.358,1,"1","Usp4"
0.00843685424822403,0.369123863305423,0.449,0.337,1,"1","Atf6b"
0.00843908040715485,0.316744848010981,0.613,0.508,1,"1","Ccdc174"
0.0084667817184192,0.263146766409685,0.742,0.642,1,"1","Rbms2"
0.00846724480629873,0.338695889216754,0.542,0.424,1,"1","Gm8186"
0.00846782418161318,0.296098702589518,0.662,0.548,1,"1","Bod1l"
0.00852599185445362,0.330366068491599,0.578,0.455,1,"1","Nt5c3"
0.00857461994903225,0.372745578161978,0.498,0.38,1,"1","ENSMUSG00000121779"
0.00868255692931405,0.261325435809701,0.751,0.663,1,"1","Ccdc88a"
0.00876421543878738,0.385156792423531,0.396,0.299,1,"1","Nid1"
0.00877282870335551,0.311374025897729,0.658,0.508,1,"1","Polr1c"
0.00878739210238109,0.259003803769416,0.653,0.53,1,"1","Cmas"
0.00889625908757741,0.49932046021004,0.591,0.484,1,"1","Ifitm1"
0.00894783017103352,0.313284571172499,0.609,0.489,1,"1","Pik3r2"
0.00897782155840553,0.376787098949355,0.396,0.285,1,"1","Nbeal1"
0.0089801759071183,0.37226118463237,0.342,0.233,1,"1","Pcyox1"
0.00904794117360333,0.344000739214616,0.52,0.397,1,"1","Xpot"
0.00904916211909108,0.487916270466244,0.28,0.193,1,"1","Slc35b4"
0.00906108669220376,0.528130927710737,0.32,0.221,1,"1","Capn15"
0.00910239888834197,0.408788795830259,0.476,0.371,1,"1","Gpn3"
0.00912983971972265,0.338221418457075,0.502,0.384,1,"1","Msantd4"
0.0091596741559354,0.435606895543944,0.293,0.196,1,"1","Tfip11"
0.00916836264499544,0.357717186223812,0.471,0.352,1,"1","Tpgs2"
0.00924913124511303,0.49667941815532,0.316,0.224,1,"1","Btbd9"
0.00930160428506859,0.390690973799328,0.52,0.4,1,"1","Taf5l"
0.00930583411236441,0.34768718447646,0.4,0.289,1,"1","Gm47585"
0.00933109945002947,0.284213001210413,0.564,0.455,1,"1","Zfand3"
0.00949050211865277,0.377006302108411,0.4,0.288,1,"1","Ilrun"
0.00950837747258813,0.321271612940628,0.631,0.499,1,"1","Cnot7"
0.0095364912207339,0.267168289774803,0.733,0.603,1,"1","Dhx9"
0.00953858330808917,0.263065287170031,0.764,0.645,1,"1","Csnk1g2"
0.00957539560837776,0.629436911806879,0.431,0.343,1,"1","Spry2"
0.00960463126160872,0.388384405568514,0.356,0.256,1,"1","Ormdl1"
0.00963221842705326,0.630959973064853,0.302,0.214,1,"1","Ankib1"
0.00966930957862481,0.338392134614588,0.636,0.538,1,"1","Zfpm2"
0.00969832536756559,0.252438648309068,0.547,0.412,1,"1","Dhx40"
0.00972465134327931,0.286336510689633,0.64,0.533,1,"1","Rad51"
0.00972495136339952,0.330736925459699,0.382,0.254,1,"1","Gas7"
0.00972587826988244,0.305593205228559,0.684,0.59,1,"1","Prps1"
0.00988727797696487,0.414588527718185,0.28,0.185,1,"1","C1ra"
3.76242181242828e-43,0.661950513225659,1,0.994,7.38977268179038e-39,"2","Snrpd1"
4.40772035905073e-42,1.34511903624718,0.995,0.47,8.65720355721155e-38,"2","Rhox5"
2.34713774009418e-39,1.15908039347124,1,0.981,4.61001323531899e-35,"2","Zfp131"
1.16580138091853e-37,1.01464680799287,0.995,0.999,2.28975049226209e-33,"2","mt-Rnr2"
4.47558173714954e-36,1.41304677751013,0.892,0.489,8.79049008993542e-32,"2","Ddah1"
7.24772823617825e-36,3.85394263839626,0.287,0.016,1.42352630286777e-31,"2","Armcx3"
9.19429423829367e-34,2.20017660135935,0.585,0.177,1.80585133134326e-29,"2","Upp1"
1.30902163189427e-32,0.436730231528654,1,1,2.57104938720353e-28,"2","Npm1"
2.35502038985154e-31,0.677601974440756,0.985,0.993,4.62549554770742e-27,"2","Tmsb4x"
3.68517098565225e-30,0.739897280578549,0.99,0.937,7.23804433291959e-26,"2","Strap"
5.31797442849917e-30,1.59600917801725,0.723,0.288,1.04450335750152e-25,"2","Ccnd2"
2.18087054895284e-29,2.24083886439444,0.441,0.094,4.28344784519828e-25,"2","Iqgap2"
1.93237409835775e-28,1.33796714897844,0.933,0.773,3.79537596658445e-24,"2","Ndrg3"
3.19325598557097e-27,2.43648492842305,0.354,0.06,6.27187408125995e-23,"2","Enah"
4.10596576697207e-27,2.36675666363135,0.426,0.1,8.06452736290985e-23,"2","Gap43"
4.67666767037107e-27,0.38646249005579,1,1,9.18544297137581e-23,"2","Rps12"
7.7758180950177e-27,1.44849692629901,0.944,0.748,1.52724843204243e-22,"2","Dct"
3.81274206390962e-26,1.23798494719609,0.79,0.351,7.48860668772489e-22,"2","Angptl7"
7.31959740493512e-25,1.42705126024207,0.682,0.266,1.43764212630331e-20,"2","Nicol1"
1.53622321738796e-24,2.87356771477665,0.297,0.047,3.0172960212717e-20,"2","Alcam"
7.02376044538942e-24,1.12638778538237,0.918,0.706,1.37953678907894e-19,"2","Khdrbs3"
9.84421249828538e-24,1.67092979786327,0.636,0.28,1.93350177678823e-19,"2","Gm41253"
5.35846821236028e-23,1.48562065525121,0.769,0.411,1.05245674158968e-18,"2","Phlda2"
1.13155300071443e-22,0.504372180572404,1,1,2.2224832487032e-18,"2","Ctsl"
2.18081795983432e-22,2.27931235260375,0.292,0.048,4.28334455491058e-18,"2","Slc7a11"
4.49097749071469e-22,0.56422477657295,1,0.997,8.82072888951273e-18,"2","Sparc"
4.42100981729534e-21,1.67522757627514,0.559,0.22,8.68330538214977e-17,"2","Slc14a1"
1.23652274194852e-20,0.568082108236327,0.995,0.956,2.42865431746109e-16,"2","Ppic"
2.03376863074628e-20,1.39085166248628,0.656,0.302,3.99452496764876e-16,"2","Ldhb"
4.40832059735032e-20,0.692657601498046,0.985,0.911,8.65838248525577e-16,"2","Gtpbp4"
1.56803499570167e-19,0.263563181270267,1,1,3.07977753505765e-15,"2","Rps29"
1.73465111160572e-19,0.345745219658349,1,0.996,3.4070282483048e-15,"2","H2az1"
5.83159556950645e-19,0.897329738924004,0.856,0.606,1.14538368580676e-14,"2","Rnf138"
9.01527044584924e-19,0.26383305104823,1,1,1.77068926826925e-14,"2","Rack1"
1.00106114421267e-18,1.4764987090418,0.574,0.268,1.9661841933481e-14,"2","Plekha5"
1.80604858416359e-18,1.53368408085931,0.503,0.192,3.54726002415571e-14,"2","Tubb2b"
1.19980439157422e-17,0.434555319348247,1,0.984,2.35653580549093e-13,"2","Hspd1"
1.450729704868e-17,0.306356758224818,1,1,2.84937821333123e-13,"2","Cox7c"
3.67481807067835e-17,1.09073851795883,0.774,0.539,7.21771017261935e-13,"2","Itga6"
7.80879770260394e-17,0.49708898257406,0.995,0.959,1.53372595676844e-12,"2","Snu13"
1.36402257695121e-16,0.575696428367116,0.979,0.943,2.67907674338987e-12,"2","Tomm5"
1.64127555741673e-16,0.426262235407175,1,0.991,3.2236293223222e-12,"2","C1qbp"
1.78844032939409e-16,0.429054772085402,0.99,0.962,3.51267565096294e-12,"2","Slc25a5"
2.98143928082102e-16,0.767732975398343,0.913,0.71,5.85584489146056e-12,"2","Hmga2"
4.00514962014898e-16,1.44384307435699,0.6,0.309,7.86651436893461e-12,"2","Cth"
9.78707985071277e-16,0.621264323181005,0.969,0.878,1.9222803534785e-11,"2","Eif1a"
1.5126907852181e-15,0.762100622269384,0.933,0.726,2.97107597124687e-11,"2","Lmo4"
1.7734827026033e-15,1.70793765250705,0.528,0.258,3.48329737618315e-11,"2","ENSMUSG00000132274"
3.42974824626637e-15,1.02758458224581,0.718,0.452,6.73636853049178e-11,"2","Gja1"
3.43515320726316e-15,1.04507138918389,0.774,0.504,6.74698441438558e-11,"2","Glrx"
3.89461438325255e-15,0.55293159484727,0.979,0.912,7.64941211014633e-11,"2","Kif5b"
4.95114535277749e-15,0.965883146369836,0.687,0.369,9.72454458739027e-11,"2","Dbn1"
5.59072408612246e-15,0.680483685533171,0.949,0.804,1.09807411775531e-10,"2","Usp14"
1.37433438391613e-14,1.44067019383885,0.436,0.173,2.69933016344967e-10,"2","Wnt5a"
1.50240441878859e-14,0.482375830977323,0.99,0.965,2.95087251894266e-10,"2","Rsl1d1"
1.55285832448859e-14,0.687073616634904,0.938,0.805,3.04996903512804e-10,"2","Asns"
2.39697840319523e-14,0.883709601349201,0.887,0.758,4.70790528171575e-10,"2","Brip1os"
2.51408124336122e-14,1.31678851013135,0.528,0.242,4.93790697008578e-10,"2","ENSMUSG00000131361"
2.69759870864194e-14,0.599175206463425,0.938,0.804,5.29835362364363e-10,"2","Cenpv"
3.37589998382053e-14,0.500830114037726,0.985,0.899,6.63060515822191e-10,"2","Pals2"
3.94030844222754e-14,0.793486145116893,0.923,0.764,7.73915981137912e-10,"2","Mapk6"
3.96774564647635e-14,0.982103732610109,0.687,0.388,7.7930492242442e-10,"2","Esm1"
5.38894429755612e-14,0.434642127356621,0.995,0.962,1.058442549483e-09,"2","Nhp2"
7.73122211721122e-14,1.66183931055262,0.323,0.102,1.51848933604146e-09,"2","Dlk2"
1.07009790549405e-13,0.554097076078128,0.959,0.865,2.10177929618087e-09,"2","Eef1e1"
1.22125335708068e-13,0.43721658978833,0.99,0.988,2.39866371864216e-09,"2","mt-Rnr1"
1.59604166440413e-13,0.500606210388744,0.979,0.881,3.13478543305615e-09,"2","Sfxn1"
1.884963067957e-13,0.436878337917608,0.995,0.971,3.70225596177433e-09,"2","Mrpl12"
1.94576444192021e-13,1.27882822132945,0.472,0.206,3.82167594037549e-09,"2","Adgrl2"
2.02830186399762e-13,0.586563164194068,0.959,0.832,3.98378769107773e-09,"2","Smn1"
2.029839724626e-13,0.864115757461457,0.692,0.397,3.98680820313793e-09,"2","Arhgdig"
2.13458096959385e-13,0.440862818971235,0.99,0.952,4.19253048237929e-09,"2","Odc1"
2.88104279341055e-13,1.17285170797348,0.559,0.281,5.65865615053766e-09,"2","ENSMUSG00000133375"
3.29493946365158e-13,0.586375037077852,0.949,0.839,6.47159060055807e-09,"2","Wbp11"
3.79734938032864e-13,0.488097095765969,0.985,0.912,7.45837391790349e-09,"2","Sms"
4.83427855030227e-13,0.369981760955472,1,0.993,9.49500650064869e-09,"2","Timp2"
5.1155150734268e-13,0.351179152250229,1,0.991,1.00473831557176e-08,"2","Arhgdib"
5.78081764075913e-13,0.396018711803189,0.995,0.984,1.1354103928215e-08,"2","Cct8"
6.30587302805228e-13,0.308551192180524,0.995,0.994,1.23853652143975e-08,"2","Hnrnpab"
1.03243549747902e-12,0.557076209740753,0.933,0.82,2.02780656059855e-08,"2","Fxyd5"
1.3383686745214e-12,0.471270976371364,0.985,0.939,2.62868991362748e-08,"2","Hspa4"
1.71749510767597e-12,1.07256095658359,0.451,0.192,3.37333214098637e-08,"2","Ncam1"
1.95985545195536e-12,0.468156254194136,0.995,0.955,3.84935209318553e-08,"2","Nars1"
2.24210929354318e-12,0.534187495209446,0.995,0.937,4.40372686344817e-08,"2","Ccnd1"
2.64036192408484e-12,0.574701045042912,0.959,0.892,5.18593485509503e-08,"2","Rbpj"
3.31159349265925e-12,0.251609417129163,1,1,6.50430077893203e-08,"2","Ptma"
3.64666901881016e-12,0.959697682204799,0.697,0.47,7.16242261984503e-08,"2","Dusp14"
4.84581545125354e-12,0.631866037345322,0.887,0.722,9.51766612780708e-08,"2","Hmga1"
5.29599490384002e-12,1.01118691573153,0.595,0.318,1.04018635906322e-07,"2","Myh10"
1.09225675048508e-11,0.992881004570541,0.287,0.097,2.14530148362774e-07,"2","Areg"
1.42002065234928e-11,0.647614599921837,0.944,0.813,2.78906256327922e-07,"2","Zyx"
1.50627030945036e-11,0.96852925998145,0.61,0.365,2.95846551479146e-07,"2","Adgra2"
2.08261915251591e-11,0.583614473137046,0.923,0.77,4.0904722774565e-07,"2","Tars1"
2.56787293404901e-11,0.281377205071332,1,0.991,5.04355922976566e-07,"2","Cct5"
3.2827240714835e-11,0.572393619821324,0.933,0.832,6.44759834880074e-07,"2","H2aj"
3.85850326219639e-11,0.369027668297905,0.995,0.985,7.57848625727992e-07,"2","Rtn4"
4.01176341708649e-11,0.274477001395609,1,0.996,7.87950452749957e-07,"2","Hspe1"
4.25273916272544e-11,0.547704918756185,0.949,0.804,8.35280498950904e-07,"2","Rab18"
5.58834108434196e-11,0.996299627808035,0.549,0.299,1.09760607237561e-06,"2","Acot1"
5.60950869423762e-11,0.439572107185071,0.969,0.884,1.10176360263521e-06,"2","Tomm40"
5.82045882902057e-11,0.608531736454577,0.872,0.691,1.14319631860793e-06,"2","Syngr1"
6.38484995892057e-11,0.93665231834858,0.595,0.335,1.25404838043159e-06,"2","Ass1"
1.00226254829583e-10,0.472794498692067,0.985,0.906,1.96854387110785e-06,"2","Ssr1"
1.54258687736002e-10,1.05074938442602,0.436,0.198,3.02979488582282e-06,"2","1700025G04Rik"
1.62234264067955e-10,0.586439194211361,0.918,0.84,3.18644318055871e-06,"2","Poldip2"
1.68650225883233e-10,0.403322771003716,0.99,0.947,3.31245908657257e-06,"2","Rwdd1"
1.69875766469107e-10,1.22466372848088,0.482,0.253,3.33652992921973e-06,"2","Gm43123"
2.60494531887996e-10,0.336147265854183,1,0.98,5.11637310081212e-06,"2","Phgdh"
2.64353381901073e-10,0.447509775560988,0.954,0.908,5.19216477391897e-06,"2","Wdr43"
2.66445781993911e-10,0.97378669031458,0.554,0.324,5.2332616041424e-06,"2","Svil"
2.74535102603378e-10,0.879746428589771,0.697,0.499,5.39214395023294e-06,"2","Bcat1"
2.79420062836062e-10,1.25790750726599,0.364,0.152,5.4880894541631e-06,"2","Rbp1"
2.85934708157256e-10,0.392316716652068,1,0.984,5.61604360291667e-06,"2","Tpm1"
2.91868073785262e-10,0.591392432734486,0.877,0.684,5.73258083721634e-06,"2","Plscr1"
3.05848371485033e-10,0.472006112146315,0.99,0.944,6.00716786433754e-06,"2","Oaf"
3.28091416254578e-10,1.3660846289456,0.39,0.182,6.44404350665616e-06,"2","Angptl4"
3.45704423294524e-10,0.333057870021445,1,0.993,6.78998057792774e-06,"2","Ncl"
3.93209478096494e-10,0.461812086210337,0.985,0.896,7.72302735929324e-06,"2","Dpysl3"
4.18644038483621e-10,1.2017149899904,0.569,0.346,8.2225875598568e-06,"2","Ank"
4.56259067854702e-10,1.59752602816417,0.282,0.105,8.96138435173421e-06,"2","Odad4"
6.03490134342774e-10,0.411966399924409,0.979,0.924,1.18531497286264e-05,"2","Tubb6"
6.23245309272242e-10,0.410092816416589,0.974,0.924,1.22411611194161e-05,"2","Lrrc59"
6.60820737120014e-10,0.458473825508164,0.969,0.9,1.29791800977742e-05,"2","Eps8"
7.2669871572318e-10,0.433582385469027,0.938,0.839,1.4273089475519e-05,"2","Tnfrsf12a"
8.6890822682377e-10,0.708130338307189,0.682,0.449,1.70662264830457e-05,"2","Sgk1"
8.70138634147492e-10,0.677775400979591,0.749,0.504,1.70903929132909e-05,"2","Isoc1"
8.77682116031875e-10,0.754604941899434,0.615,0.369,1.7238554440982e-05,"2","Hdgfl3"
9.22177822630513e-10,0.364309223879362,1,0.968,1.81124946142859e-05,"2","Anxa3"
9.28029331425511e-10,0.26238297998361,1,0.991,1.82274240985285e-05,"2","Eif2s2"
9.68983566604992e-10,0.294662865500299,0.99,0.994,1.90318062316887e-05,"2","Prdx6"
9.94163468375368e-10,0.514714610735877,0.974,0.928,1.95263646823606e-05,"2","Tnfaip2"
1.02532896947401e-09,1.00639726978564,0.487,0.262,2.0138486289439e-05,"2","Epdr1"
1.20499120267482e-09,0.420751926520825,0.918,0.761,2.36672322117361e-05,"2","Junb"
1.35437552125166e-09,0.284644165877057,1,0.991,2.66012896129039e-05,"2","Sub1"
1.44095618548431e-09,0.602334628500011,0.908,0.695,2.83018204390974e-05,"2","Mrps35"
1.59540869502913e-09,0.686764664236463,0.744,0.533,3.13354221790671e-05,"2","Wnt7b"
1.70011173421318e-09,1.05431199038654,0.487,0.264,3.3391894571681e-05,"2","Ramp2"
1.71397496626303e-09,0.431191568846311,0.979,0.896,3.36641823123723e-05,"2","Htra1"
1.83626881565106e-09,0.916858177045272,0.395,0.183,3.60661558082025e-05,"2","Gstm2"
2.16023017067806e-09,0.941088910159409,0.523,0.293,4.24290807822878e-05,"2","Rgs17"
3.10645497906691e-09,0.696396759189718,0.81,0.63,6.10138822438532e-05,"2","Timm10"
3.40790055040562e-09,0.425945415718845,0.969,0.877,6.69345747105168e-05,"2","Brix1"
4.02188675269911e-09,0.38904517157195,0.985,0.955,7.89938777097633e-05,"2","Tmem14c"
4.46276274551357e-09,0.41060020743341,0.979,0.896,8.76531230846321e-05,"2","Plec"
4.56305929933386e-09,0.376363430689008,0.995,0.928,8.96230476982163e-05,"2","Dap"
6.95793169807422e-09,0.571126709214573,0.851,0.691,0.000136660736481876,"2","Nsun2"
7.14255363843849e-09,1.25565933083674,0.323,0.143,0.00014028689601257,"2","ENSMUSG00000123742"
7.54014106115474e-09,0.996121878165414,0.426,0.217,0.00014809591058214,"2","Chd7"
7.56771750480643e-09,0.505941237549649,0.949,0.886,0.000148637539511903,"2","Pak1ip1"
7.57187416162419e-09,0.432556537111913,0.974,0.867,0.000148719180408461,"2","Txndc5"
7.64750547314237e-09,0.549900177637741,0.862,0.691,0.000150204654997989,"2","Lamb1"
8.05511539603943e-09,1.304269721413,0.297,0.122,0.00015821052149361,"2","Parvb"
8.17506347497329e-09,0.376228000721999,0.979,0.922,0.00016056642171195,"2","Zc3h15"
8.66099789719416e-09,1.00939118471889,0.272,0.101,0.00017011065969879,"2","Mlf1"
8.86451811077171e-09,0.533358473719059,0.841,0.662,0.000174108000213667,"2","Iars1"
9.43087271730536e-09,0.971726200950366,0.467,0.259,0.000185231771040595,"2","Akr1c12"
9.57953841964302e-09,0.342622090666429,0.99,0.963,0.000188151714100209,"2","Phf5a"
1.00928747475954e-08,0.624193958581437,0.831,0.644,0.000198234152917522,"2","Hacd1"
1.01300945095578e-08,0.398485918356469,0.979,0.952,0.000198965186262225,"2","Hnrnpa0"
1.36965356992366e-08,0.360830449096848,0.985,0.931,0.000269013657668707,"2","Gnl3"
1.4429048273444e-08,0.753349803563192,0.708,0.505,0.000283400937138713,"2","Ier5l"
1.46629638260863e-08,0.293459251479384,0.99,0.969,0.000287995272508161,"2","G3bp1"
1.46901568634526e-08,1.30016285425698,0.369,0.183,0.000288529370955073,"2","Loxl2"
1.4699885639785e-08,0.666187223244885,0.759,0.594,0.000288720453851017,"2","Fasn"
1.54948466153567e-08,0.604804387508588,0.831,0.643,0.00030433428237222,"2","Marcksl1"
1.59771487569929e-08,0.945946275208787,0.492,0.29,0.000313807178736098,"2","Cdr2"
1.64101002298776e-08,0.705617642178946,0.713,0.489,0.000322310778615025,"2","Prrx1"
1.64167739103603e-08,1.19415783943563,0.287,0.117,0.000322441856373386,"2","Npr3"
1.66255174052009e-08,0.36648260909686,1,0.933,0.000326541787355551,"2","Rars1"
1.85147633987094e-08,0.714875129466897,0.682,0.447,0.000363648467914051,"2","Dusp9"
1.86053466087906e-08,0.461471462003534,0.938,0.826,0.000365427612743256,"2","Clns1a"
1.97140082959531e-08,0.983577163592861,0.292,0.119,0.000387202836940816,"2","Bmal1"
2.28312335452483e-08,0.262162435527464,1,0.994,0.000448428258062221,"2","Psma2"
2.28659609315668e-08,0.449613027594296,0.903,0.755,0.000449110338656903,"2","Emp3"
2.44011632671069e-08,0.819482386623189,0.497,0.269,0.000479263247729246,"2","Metrnl"
2.67161858800257e-08,0.316191747090936,0.995,0.977,0.000524732606869586,"2","Vdac1"
2.67655471754341e-08,0.397738149837778,0.944,0.854,0.000525702112072701,"2","Idh3a"
2.72799861245873e-08,0.862855004755014,0.533,0.321,0.000535806207473019,"2","Mid1ip1"
2.73590095683824e-08,0.398709787504127,0.959,0.889,0.000537358306932599,"2","Eif4b"
2.79567008998608e-08,0.920889689254532,0.508,0.294,0.000549097562374166,"2","Pxdc1"
2.83077976055262e-08,0.340127197195597,1,0.999,0.000555993452770141,"2","Actg1"
3.02001365045415e-08,0.915941361985009,0.528,0.305,0.0005931608810857,"2","Rgs16"
3.23334859863829e-08,0.565300196868801,0.826,0.66,0.000635061998258547,"2","Qdpr"
3.5673390960873e-08,0.446542169688067,0.933,0.821,0.000700661071862507,"2","Tcof1"
3.66792759814161e-08,0.297453110302959,1,0.982,0.000720417659550993,"2","Uchl3"
3.84980242226669e-08,0.360327859936558,0.99,0.958,0.0007561396937574,"2","Eif3d"
3.97265733166666e-08,0.32552315741233,0.995,0.977,0.000780269626512649,"2","Tpm4"
4.27937698345247e-08,0.330826504332509,1,0.994,0.0008405124333199,"2","Spp1"
4.3570829470852e-08,0.294053387557808,1,0.977,0.000855774661637005,"2","Alyref"
4.72346064400722e-08,1.00068648933704,0.421,0.223,0.000927734905089459,"2","Tle1"
5.07541063912242e-08,0.522723097895664,0.887,0.766,0.000996861403630035,"2","Timp1"
5.53291043912474e-08,0.470879320586955,0.923,0.779,0.00108671893934849,"2","Ddx21"
6.22532031790111e-08,0.828238405377133,0.615,0.439,0.00122271516363896,"2","Klf5"
6.58028765505753e-08,0.308404380946503,0.995,0.972,0.00129243429832985,"2","Zfp706"
6.6396134882985e-08,0.440156091660899,0.892,0.773,0.00130408648523671,"2","Hddc2"
6.89714242315093e-08,1.29963189763514,0.323,0.151,0.00135466774333107,"2","Gm15862"
6.92552353206014e-08,1.09671302690722,0.262,0.105,0.00136024207693193,"2","Socs2"
7.01495252313318e-08,0.5932498755601,0.708,0.545,0.00137780682506859,"2","Rpf2"
1.01630026514924e-07,0.585580632516852,0.667,0.426,0.00199611535077962,"2","Cbr1"
1.06012488561467e-07,0.827745145430356,0.497,0.293,0.00208219128783577,"2","Smarcad1"
1.29473810628804e-07,0.459593212744068,0.897,0.773,0.00254299511456033,"2","Rock1"
1.32046220672608e-07,0.493141532441267,0.877,0.738,0.00259351982023068,"2","Ddx46"
1.38274075954477e-07,0.282150312407804,0.979,0.966,0.00271584112582189,"2","Cbx1"
1.46628419987419e-07,0.840245083108651,0.523,0.328,0.0028799287969729,"2","Hebp2"
1.52037125245536e-07,0.534466203456205,0.795,0.625,0.00298616117694758,"2","Serf1"
1.69351990442266e-07,0.47355796010836,0.626,0.372,0.00332624244427656,"2","Grem1"
1.78330710249225e-07,0.453667659091781,0.908,0.757,0.00350259348000503,"2","Kras"
1.86981927126002e-07,0.349747629029997,0.959,0.934,0.0036725120306818,"2","Txn2"
1.87399988669987e-07,0.804684833317358,0.497,0.297,0.00368072317746721,"2","2010204K13Rik"
1.9107654534881e-07,0.643363600255443,0.692,0.51,0.00375293442719597,"2","Usp39"
1.98831693259091e-07,0.890975741580187,0.364,0.183,0.00390525328730181,"2","Wwc1"
2.00694783591359e-07,1.27716236461794,0.303,0.143,0.00394184624451788,"2","ENSMUSG00000137308"
2.0451214260442e-07,0.527862965914324,0.826,0.679,0.00401682299289341,"2","Prrx2"
2.082363960669e-07,0.655889447266476,0.733,0.555,0.00408997105514999,"2","Pop1"
2.39282424461208e-07,0.315322274606353,0.985,0.944,0.00469974609884258,"2","Hspa9"
2.65475596610066e-07,0.462876426314934,0.933,0.811,0.0052142061930183,"2","2200002D01Rik"
2.97641696894432e-07,0.356171090112217,0.974,0.928,0.00584598056870355,"2","Lman2"
3.19226840851099e-07,0.414462123081176,0.933,0.835,0.00626993438115643,"2","Lap3"
3.43446097677456e-07,0.942040281823292,0.4,0.209,0.00674562480448291,"2","ENSMUSG00000123382"
3.44850851327805e-07,0.283230918922469,0.985,0.94,0.00677321557092943,"2","Mrpl13"
3.54259532989268e-07,1.0911276635555,0.318,0.152,0.00695801148744221,"2","Apln"
3.55499979833549e-07,0.259750650248078,0.995,0.993,0.00698237510391074,"2","Tomm22"
3.93464305531554e-07,0.306795248943682,0.995,0.958,0.00772803242494525,"2","Macroh2a1"
4.12182868555674e-07,0.372349052928286,0.959,0.887,0.008095683721302,"2","Map1b"
4.31753682186014e-07,0.537102036860113,0.81,0.666,0.0084800740718155,"2","Gatm"
4.32433638077702e-07,1.5688232864226,0.251,0.11,0.00849342908548415,"2","ENSMUSG00000122251"
4.56067153248352e-07,0.490951745023492,0.877,0.802,0.00895761495695088,"2","Mthfd2"
4.68490582393721e-07,0.345931034714412,0.969,0.868,0.00920162352879508,"2","Mrto4"
5.14026404923397e-07,0.514893825572105,0.903,0.805,0.0100959926191004,"2","Nop16"
5.45623186851297e-07,0.437696463489979,0.897,0.839,0.0107165850129463,"2","Gar1"
5.64398558354666e-07,0.618800391824082,0.728,0.552,0.011085352084644,"2","Bok"
5.70111827080389e-07,0.253294285608666,1,0.997,0.0111975663956859,"2","Eif3c"
5.7438019211412e-07,0.588348842281211,0.733,0.553,0.0112814013533134,"2","Pwp1"
6.09745359100221e-07,0.752845498141279,0.579,0.4,0.0119760085980874,"2","Rhou"
6.64367724748839e-07,0.261364184030488,0.974,0.975,0.013048846481792,"2","Eif5"
6.73828927154364e-07,0.548725758384915,0.795,0.64,0.0132346739582389,"2","Slc7a5"
6.7521875415107e-07,0.565400652526135,0.764,0.57,0.0132619715502812,"2","Phb1"
6.84165237695474e-07,0.946803504463437,0.559,0.375,0.0134376894335768,"2","Ptgs2"
7.37295561016445e-07,1.07428546101874,0.282,0.13,0.014481222113924,"2","Peg12"
7.54448395820031e-07,0.518715658678809,0.821,0.665,0.0148181209423012,"2","Ltbp1"
7.97433748992128e-07,0.433059431763385,0.933,0.876,0.0156623962639544,"2","Specc1"
8.25788212520956e-07,1.00448193716813,0.313,0.154,0.0162193062821241,"2","ENSMUSG00000126915"
8.66268823123268e-07,1.01929744931974,0.405,0.234,0.0170143859549641,"2","Nrg1"
8.79306803834794e-07,0.338310665424794,0.908,0.76,0.0172704649341192,"2","H2ax"
9.34719977602891e-07,0.276804850154424,1,0.968,0.0183588350800984,"2","Psmd8"
9.69267565090643e-07,0.387264304573945,0.826,0.609,0.0190373842459453,"2","Pimreg"
1.04338762720884e-06,0.893932176148782,0.754,0.546,0.0204931763860089,"2","H2bc4"
1.07082644840561e-06,0.280257784683281,0.99,0.977,0.0210321022731346,"2","Polr2f"
1.08320725161961e-06,0.31639159070648,0.908,0.685,0.0212752736290607,"2","Mfap5"
1.25638835748703e-06,0.500173838878935,0.805,0.681,0.0246767237294028,"2","Pes1"
1.35677108146562e-06,0.315709753963274,0.954,0.937,0.0266483408110663,"2","Galk1"
1.45852939106639e-06,0.267530296677206,1,0.978,0.028646975769935,"2","Mtdh"
1.50216323263895e-06,0.674870446052621,0.554,0.357,0.0295039880522617,"2","Trim16"
1.75549800807034e-06,0.325837444047974,0.979,0.939,0.0344797363765096,"2","Nudt4"
1.84601873869681e-06,0.348171703322507,0.805,0.673,0.0362576540467441,"2","Sox4"
1.88764324061057e-06,0.435689975970046,0.841,0.706,0.0370752008888322,"2","Eif5a"
1.89158397947167e-06,0.409198079408876,0.923,0.833,0.0371526009408032,"2","Bzw2"
1.97971707795922e-06,0.753098940200774,0.508,0.321,0.0388836231281971,"2","Heatr1"
2.04060682437532e-06,0.494667017344706,0.723,0.534,0.0400795586375557,"2","Polr3h"
2.12539598151385e-06,0.414694132661507,0.918,0.818,0.0417449024729135,"2","Mbnl2"
2.27838652156839e-06,0.539895517965365,0.759,0.57,0.0447497896701247,"2","Nr2c2ap"
2.45256645149374e-06,0.559000387238127,0.697,0.504,0.0481708576737886,"2","Dis3"
2.46786246700312e-06,1.09410785226833,0.256,0.119,0.0484712867144082,"2","Sinhcaf"
2.50647186508085e-06,0.365926947936437,0.908,0.854,0.049229613902053,"2","Cyrib"
2.53872086504245e-06,0.673463551034255,0.6,0.428,0.0498630165102988,"2","Arhgap29"
2.71990350886377e-06,0.808446532360593,0.497,0.327,0.0534216248175933,"2","Mrps27"
2.76846453534005e-06,0.570719257484064,0.744,0.583,0.054375411938614,"2","Chd1"
2.77969929031027e-06,0.28885605090452,0.979,0.96,0.054596073760984,"2","Eif3l"
2.85893115286273e-06,0.414696836734294,0.903,0.76,0.0561522667733768,"2","Nop56"
2.93783377215174e-06,0.631699537940799,0.667,0.518,0.0577019931188323,"2","Errfi1"
2.95926356318286e-06,0.4113570910686,0.892,0.763,0.0581228956444745,"2","Rrp7a"
3.00569413145493e-06,0.499494235621396,0.692,0.498,0.0590348384359062,"2","Hes1"
3.00974815548643e-06,0.294404058267774,0.99,0.955,0.059114463521909,"2","Ddx1"
3.05953972887185e-06,0.317324929926516,0.985,0.941,0.060092419814772,"2","Zranb2"
3.1469585677774e-06,0.643156216282238,0.513,0.31,0.061809413229716,"2","Cpox"
3.61557729403332e-06,0.738158954328689,0.554,0.378,0.0710135536321085,"2","Fbxo17"
3.66354846701277e-06,0.676555265587991,0.579,0.404,0.0719557554405978,"2","Thoc1"
3.7710786779323e-06,0.400406073344696,0.79,0.586,0.0740677563132682,"2","Mrpl22"
4.21806248082465e-06,0.341675532546712,0.954,0.848,0.0828469651858769,"2","Dnttip2"
4.27150791476668e-06,0.266139285102787,0.979,0.949,0.0838966869539324,"2","Dnajc15"
4.42335722024411e-06,0.575699950914523,0.697,0.512,0.0868791591628146,"2","Myc"
4.73934811365718e-06,0.756028994960973,0.472,0.281,0.0930855363003407,"2","Mtpap"
4.79289537604708e-06,0.535629142462929,0.738,0.577,0.0941372580809407,"2","Pcbp4"
4.85842924713725e-06,0.316763426993379,0.969,0.94,0.0954244088430228,"2","Ifrd1"
4.87593795196931e-06,0.278010688479537,0.995,0.93,0.0957682973146292,"2","Srm"
5.11442619200099e-06,0.831431444465682,0.354,0.193,0.100452444837092,"2","Ccdc71l"
5.21698272476779e-06,0.336518246213207,0.969,0.881,0.102466757697164,"2","Cks2"
5.28085602525419e-06,0.333479790565683,0.969,0.899,0.103721293192018,"2","Guk1"
5.34593340396563e-06,0.55354913272506,0.703,0.556,0.104999477987289,"2","Dimt1"
5.39372445486699e-06,0.424380029426465,0.867,0.761,0.105938142018043,"2","Tfg"
5.77633963025283e-06,0.329745387120388,0.949,0.878,0.113453086677796,"2","Eif3b"
5.92050894977909e-06,0.261318003344142,0.969,0.939,0.116284716282611,"2","Prmt1"
5.92155521554811e-06,0.483604070386066,0.851,0.7,0.11630526598858,"2","Cdk6"
6.06923549994828e-06,0.642676657588958,0.508,0.313,0.119205854454484,"2","Hspe1-rs1"
7.0786473034141e-06,0.371831860923014,0.851,0.72,0.139031711686356,"2","Klf6"
7.4223229868485e-06,0.291397154692098,0.954,0.941,0.145781845784691,"2","Emc8"
7.42894917722206e-06,0.365096690777883,0.913,0.792,0.145911990789819,"2","mt-Atp8"
7.52749160935507e-06,0.474162982297652,0.779,0.592,0.147847462699343,"2","Nes"
8.10745836054614e-06,0.519059965709177,0.81,0.685,0.159238589659487,"2","Gtf3c6"
8.26646943620409e-06,0.362252108606206,0.959,0.878,0.162361726196485,"2","Med10"
8.7585765150982e-06,0.412201266559011,0.805,0.643,0.172027201333044,"2","Snhg15"
9.3456922182999e-06,0.35049139294666,0.944,0.867,0.183558740859628,"2","Dnajc21"
9.82221982211197e-06,0.545220536534639,0.646,0.441,0.192918219526101,"2","Mtres1"
1.00028614977751e-05,0.441975114893278,0.862,0.712,0.1964662026778,"2","Utp18"
1.01831262655682e-05,0.298032379035202,0.974,0.9,0.200006782982026,"2","Mybbp1a"
1.020113922078e-05,0.489337946296544,0.728,0.587,0.20036057543534,"2","Dus1l"
1.04237627915775e-05,0.328421065679479,0.944,0.883,0.204733124989375,"2","Arglu1"
1.07015575534658e-05,0.524760441964546,0.738,0.612,0.210189291907622,"2","Pim3"
1.10538222617724e-05,0.474059224503211,0.79,0.649,0.217108123043472,"2","Cars1"
1.12116343812126e-05,0.302233211842703,0.969,0.903,0.220207710881396,"2","Glrx5"
1.16372574632792e-05,0.681596731333176,0.395,0.233,0.228567373836267,"2","C130089K02Rik"
1.2238333547255e-05,0.674827442540314,0.544,0.37,0.240373109201635,"2","Qrich1"
1.22975830748918e-05,0.672476134871116,0.462,0.288,0.241536829173951,"2","Wdr4"
1.2361932668671e-05,0.373978718372716,0.815,0.725,0.242800719545368,"2","Polr2h"
1.28334705098883e-05,0.985801122542908,0.338,0.187,0.252062194284715,"2","Spry4"
1.35479442829142e-05,0.493593960644255,0.61,0.42,0.266095173660717,"2","Prep"
1.49237819150957e-05,0.552044774795833,0.697,0.534,0.293118000594395,"2","Loxl1"
1.49324394572862e-05,0.507786180660257,0.59,0.392,0.293288043380558,"2","Smyd5"
1.50856469694686e-05,0.282071321807918,0.995,0.95,0.296297192127332,"2","Pdcd6"
1.54037318962469e-05,0.370036134197685,0.918,0.767,0.302544698174184,"2","Ak6"
1.54473415741333e-05,0.438442297597983,0.492,0.299,0.303401235857551,"2","Ramp3"
1.55805738138705e-05,0.255001486869162,0.99,0.963,0.306018050278231,"2","Cct6a"
1.57382191788188e-05,0.482438168471134,0.774,0.633,0.30911436289118,"2","Btg3"
1.68234850638012e-05,0.394621506902286,0.887,0.755,0.330430070138119,"2","Ftsj3"
1.69872015291795e-05,0.276308173696123,0.979,0.952,0.333645625234615,"2","Hnrnpm"
1.76764832002963e-05,0.78276723242689,0.282,0.141,0.34718380653702,"2","Eomes"
1.84295727305475e-05,0.467999841900933,0.759,0.586,0.361975238000683,"2","Pgrmc1"
1.86624023148317e-05,0.512944796326376,0.667,0.51,0.36654824386561,"2","Ppp5c"
1.95169163797723e-05,0.352121277051353,0.949,0.854,0.383331754615107,"2","Med21"
2.03002249295554e-05,0.416158018407478,0.754,0.583,0.398716717841398,"2","F2r"
2.13004205469768e-05,0.546276014952924,0.503,0.322,0.418361559963171,"2","Smim36"
2.24064727767933e-05,0.347623218869512,0.918,0.886,0.440085531808997,"2","Erh"
2.306144340384e-05,1.07903819257656,0.256,0.129,0.452949809894822,"2","E230016M11Rik"
2.47878319645734e-05,0.386475864993944,0.836,0.666,0.486857807616187,"2","Bin1"
2.58353581984194e-05,0.503689954884919,0.544,0.354,0.507432270375155,"2","Net1"
2.60827651562643e-05,0.503646084636004,0.733,0.594,0.512291590434188,"2","Wdr70"
2.61650280646062e-05,0.437278723580464,0.728,0.577,0.51390731621693,"2","Dkk2"
2.72315216100435e-05,0.885265011166316,0.251,0.122,0.534854315942865,"2","Smpd2"
2.73382346262199e-05,0.281109259845066,0.949,0.898,0.536950266293585,"2","Snhg6"
2.88591748937049e-05,0.284775935481168,0.933,0.849,0.566823054087258,"2","Samm50"
2.93016493077225e-05,0.850915617788123,0.333,0.193,0.575513694052977,"2","Aldh5a1"
3.05679097514687e-05,0.892336238895546,0.354,0.214,0.600384315428596,"2","Il2rg"
3.11283978954257e-05,0.784025551673457,0.313,0.168,0.611392863064056,"2","Etv5"
3.22987616159334e-05,0.383099159453681,0.774,0.59,0.634379976898548,"2","Pdlim4"
3.28705189183132e-05,0.256583168774618,0.995,0.952,0.645609862074589,"2","Eif2s1"
3.5477688318937e-05,0.458915155335661,0.785,0.622,0.696817276272242,"2","Tma16"
3.60336023188375e-05,0.956810512784988,0.251,0.129,0.707735983144287,"2","Efnb2"
3.70668385775447e-05,0.308971001096104,0.949,0.887,0.728029776501556,"2","Ndufaf2"
3.72688785011386e-05,0.764214729867281,0.4,0.258,0.731998042640862,"2","Fyn"
3.91139048777274e-05,0.66127580776268,0.574,0.42,0.768236205703444,"2","Gm15417"
3.92825112891009e-05,0.431811662839797,0.785,0.654,0.771547804229231,"2","Rras2"
3.95967672757401e-05,0.308530688413835,0.964,0.914,0.777720106062811,"2","Lyar"
4.14059341242675e-05,0.677559028581824,0.492,0.338,0.813253952134738,"2","Tpbg"
4.23773611636171e-05,0.418507278765337,0.846,0.717,0.832333750614603,"2","Nob1"
4.29577182570375e-05,0.278333521415717,0.949,0.93,0.843732544286473,"2","Scaf11"
4.32188521157197e-05,0.373342838103,0.703,0.539,0.848861474404851,"2","Impact"
4.35133459625776e-05,0.407568494569873,0.8,0.646,0.854645628050987,"2","Ppan"
4.51418222086576e-05,0.636429450966574,0.441,0.272,0.886630530000244,"2","Smad7"
4.75095633022183e-05,0.42115833777956,0.672,0.533,0.933135332818871,"2","Wdr77"
4.84784869333e-05,0.34767488140109,0.959,0.906,0.952165961856945,"2","Atf4"
4.89368209678309e-05,0.409389653353099,0.8,0.673,0.961168100629166,"2","Ptcd2"
4.91316190638947e-05,0.648711664328491,0.636,0.47,0.964994130033955,"2","Slc16a1"
5.00016526270325e-05,0.284551475601988,0.938,0.868,0.982082459247545,"2","Eif4e"
5.00492556648425e-05,0.658259500780723,0.503,0.335,0.983017430513172,"2","P4ha2"
5.07270171563814e-05,0.854260353441506,0.308,0.179,0.996329343968486,"2","Bhlhe41"
5.12083135143116e-05,0.349404691523514,0.938,0.865,1,"2","Akt1"
5.13985746663932e-05,0.874605786383143,0.369,0.223,1,"2","Ttc39c"
5.14284970113635e-05,0.722847392453853,0.467,0.316,1,"2","Scrib"
5.14694257920309e-05,0.567594249343729,0.579,0.416,1,"2","Cul2"
5.18440874463188e-05,0.414358691678986,0.769,0.676,1,"2","Ppa2"
5.49858574331381e-05,0.572093756032152,0.569,0.411,1,"2","Sigirr"
5.52153918342783e-05,0.671439147788672,0.574,0.436,1,"2","Prkg2"
5.62123277386664e-05,0.488303107359445,0.667,0.501,1,"2","Galnt7"
5.75076113075124e-05,0.29150721224277,0.938,0.878,1,"2","Ruvbl1"
5.87628543542508e-05,0.743979823537369,0.303,0.167,1,"2","Abtb3"
5.91199672360742e-05,0.365925370338703,0.903,0.779,1,"2","Bnip2"
5.9334038426601e-05,0.822156982248216,0.308,0.177,1,"2","L3hypdh"
6.01472888763117e-05,0.385995761844259,0.733,0.551,1,"2","Cdc40"
6.16347051841016e-05,0.393023166726853,0.723,0.571,1,"2","Utp23"
6.16960296552867e-05,0.312093080781208,0.851,0.772,1,"2","Chd3"
6.28904265341995e-05,0.562973391961208,0.61,0.464,1,"2","Pam"
6.28988615065041e-05,0.298590400855072,0.482,0.303,1,"2","Lsp1"
6.35069784845646e-05,0.539803921380458,0.662,0.518,1,"2","Aggf1"
6.51000066739283e-05,0.629321901336392,0.359,0.215,1,"2","Zfp703"
6.66214091127905e-05,0.459585614673306,0.846,0.716,1,"2","Stard3nl"
6.69961137280488e-05,0.346140141561723,0.903,0.826,1,"2","Dhx15"
6.76431854119947e-05,0.2583109534581,0.933,0.899,1,"2","Mrpl32"
6.88547310782087e-05,0.492676745349888,0.703,0.565,1,"2","Gnb4"
7.5185991367968e-05,0.292101769997761,0.815,0.695,1,"2","Txnrd1"
7.6889991028843e-05,0.552915001072698,0.554,0.382,1,"2","Aen"
7.7908147908157e-05,0.564807278981277,0.492,0.324,1,"2","Syne2"
8.01829877272455e-05,0.443060075025082,0.636,0.466,1,"2","Ube2o"
8.48657621013703e-05,0.631582670117864,0.369,0.23,1,"2","A830082K12Rik"
8.77476957211152e-05,0.506557798521852,0.554,0.376,1,"2","Pja1"
8.90811741130287e-05,0.356645015921518,0.846,0.719,1,"2","Lars1"
8.99809659111459e-05,0.310452959051985,0.918,0.823,1,"2","Ube2e3"
9.24319971275316e-05,0.50444727061028,0.708,0.568,1,"2","Slc1a5"
9.28379515323984e-05,0.467210492300898,0.8,0.688,1,"2","Adsl"
9.40654329649756e-05,0.434193169968015,0.744,0.633,1,"2","Wac"
9.44621400468168e-05,0.289855441104158,0.964,0.914,1,"2","Sfpq"
9.85165658456681e-05,0.343192969282243,0.754,0.637,1,"2","Epb41l4aos"
0.000101716641354013,0.353441436528902,0.846,0.714,1,"2","Smarce1"
0.000103920684860399,0.439418520356229,0.81,0.707,1,"2","Thoc3"
0.000105376123011535,0.540769965665538,0.631,0.473,1,"2","Rcc1"
0.00010676905239824,0.626824412920657,0.39,0.237,1,"2","Osbpl1a"
0.000107906648172822,0.534570838068404,0.574,0.406,1,"2","Dera"
0.000108540015962726,0.437461976775985,0.544,0.379,1,"2","Vcan"
0.000108668778401952,0.336061626163185,0.851,0.747,1,"2","Anp32a"
0.000108832113233058,0.541896824581276,0.626,0.464,1,"2","Riok2"
0.00011002024504049,0.381117320937593,0.851,0.786,1,"2","Abce1"
0.000110275753410161,0.802345520137611,0.4,0.253,1,"2","Acp3"
0.000113861664549534,0.544612922999227,0.431,0.266,1,"2","Csnk1g3"
0.000114405021695585,0.35307835823476,0.882,0.823,1,"2","Hax1"
0.000119472852153855,0.480579110270746,0.672,0.518,1,"2","Rrp9"
0.000123102364696499,0.357784939331449,0.836,0.703,1,"2","Atp1a1"
0.000124448507532078,0.319507918997744,0.882,0.775,1,"2","Fgfr1op2"
0.000125287908649409,0.577517751114931,0.415,0.261,1,"2","Sema4b"
0.000125800219436706,0.515118681326206,0.282,0.148,1,"2","Olfm1"
0.000127637369812743,0.678889866686108,0.41,0.262,1,"2","Mib1"
0.000128793918289637,0.390110581223683,0.759,0.622,1,"2","Hk2"
0.000133189431779351,0.403166879168243,0.708,0.53,1,"2","Rsl24d1"
0.000135504198212994,0.490538106933653,0.621,0.492,1,"2","Dph5"
0.000135665381577185,0.71166760031778,0.436,0.291,1,"2","Cert1"
0.000138578531360561,0.551922631162387,0.528,0.369,1,"2","Krr1"
0.000142599526160071,0.481965541129581,0.641,0.505,1,"2","Zpr1"
0.000142794490075819,0.26157403303442,0.99,0.958,1,"2","Rnf187"
0.000144426220373661,0.777369242021911,0.287,0.163,1,"2","Gm56582"
0.000146091687012789,0.625246557333643,0.308,0.168,1,"2","Snta1"
0.000151502145452882,0.256334385107124,0.969,0.914,1,"2","Gars1"
0.000154724699625758,0.529236980817907,0.626,0.461,1,"2","Stag1"
0.000159710137628021,0.31446940131044,0.944,0.909,1,"2","Slc3a2"
0.000161395084543109,0.489473793436048,0.462,0.291,1,"2","Tspan9"
0.000162684435427608,0.266498245412328,0.795,0.643,1,"2","Ncbp2"
0.000173261070356972,0.600571871513111,0.477,0.337,1,"2","Pus7"
0.000173654010317489,0.587725785324955,0.328,0.189,1,"2","Ano6"
0.000175400287585361,0.376805601831025,0.769,0.678,1,"2","Nifk"
0.000178652708464403,0.310214096425432,0.892,0.786,1,"2","Copz1"
0.000179510867085101,0.596934162362557,0.492,0.318,1,"2","Mdn1"
0.000181073296373738,0.27971394280998,0.892,0.821,1,"2","Alg5"
0.000181433233990397,0.280334382865778,0.923,0.821,1,"2","Kif2a"
0.00018793467891079,0.255061949781193,0.959,0.908,1,"2","Ndufa10"
0.000188101560531862,0.350222486692095,0.795,0.688,1,"2","Mafg"
0.000194076311758732,0.467094254903552,0.759,0.652,1,"2","Arf1"
0.000200006437113726,0.592000909256345,0.303,0.174,1,"2","Irx1"
0.000200663624607778,0.363729423403874,0.815,0.685,1,"2","Nradd"
0.000200874131795001,0.412365611967268,0.718,0.572,1,"2","Atg101"
0.000202291351865635,0.312661622936422,0.933,0.82,1,"2","Dtnbp1"
0.000203570155181796,0.371222013217778,0.815,0.698,1,"2","Map4k4"
0.000204338070605408,0.735269055351242,0.436,0.283,1,"2","Gm6477"
0.000205353448979445,0.458705049937828,0.708,0.553,1,"2","Soat1"
0.000214463480091434,0.3950901899951,0.733,0.59,1,"2","Farp1"
0.000217355104326675,0.318022215368039,0.938,0.859,1,"2","Psph"
0.000218839826297703,0.531642169332787,0.415,0.265,1,"2","Smim3"
0.00021892947132561,0.356468441981345,0.908,0.814,1,"2","Klra4"
0.000226025293817401,0.250387781541119,0.964,0.895,1,"2","Dnajc2"
0.000231151313445919,0.355019660151017,0.887,0.786,1,"2","Slc5a3"
0.000234266597571372,0.299950675567336,0.933,0.837,1,"2","Nip7"
0.000239483805296114,0.272805239305003,0.938,0.827,1,"2","Uba2"
0.000243205862990292,0.530000183172669,0.462,0.309,1,"2","Gart"
0.000243859855473484,0.57166961840104,0.487,0.343,1,"2","Lrp8"
0.000244499762901211,0.709792456567602,0.267,0.146,1,"2","Tyw3"
0.000248643867938917,0.578076102424706,0.426,0.277,1,"2","Pdia5"
0.000259816826256402,0.406128898690708,0.677,0.477,1,"2","Lyrm4"
0.000260029267581666,0.251778682271907,0.99,0.955,1,"2","U2af1"
0.000261240091229112,0.46024992995514,0.523,0.37,1,"2","Nif3l1"
0.00026435125265942,0.472111563600715,0.579,0.413,1,"2","Pycr3"
0.000267046202380754,0.485985477855675,0.523,0.359,1,"2","Ylpm1"
0.000271339515244351,0.697287694072427,0.277,0.157,1,"2","Klk10"
0.000276934864918135,0.283599778024242,0.944,0.877,1,"2","Csnk2a2"
0.000278784588509749,0.269916539360931,0.938,0.892,1,"2","Dctpp1"
0.000278860067543265,0.377749764505813,0.615,0.467,1,"2","Nr2f1"
0.000280421288294008,0.475238097115608,0.462,0.299,1,"2","Wipi1"
0.000281545383414059,0.262959604246343,0.908,0.877,1,"2","Ebna1bp2"
0.000287021882834389,0.785284301326231,0.374,0.245,1,"2","Daam1"
0.000293059833381101,0.37304052601291,0.877,0.758,1,"2","Rrp15"
0.000293263588608961,0.389927031194252,0.759,0.621,1,"2","Ipo7"
0.000300482333042141,0.294743792849904,0.867,0.816,1,"2","Mak16"
0.000311820671930767,0.282860560614655,0.944,0.87,1,"2","Snx5"
0.000315832684358149,0.760987688624534,0.344,0.215,1,"2","Iffo2"
0.000316076412913305,0.480250819829781,0.59,0.448,1,"2","Dync2i1"
0.000316732276555576,0.484072156055267,0.549,0.397,1,"2","Rap2a"
0.00032106742925245,0.288141679066308,0.81,0.659,1,"2","Adh7"
0.000326263777496308,0.708818264772689,0.292,0.179,1,"2","Ppm1l"
0.000327902643968797,0.367095154717472,0.764,0.599,1,"2","Rhobtb3"
0.000337574986374,0.477097126004255,0.749,0.589,1,"2","Chordc1"
0.00034224340473529,0.474253084962969,0.682,0.561,1,"2","Filip1l"
0.000350831959266438,0.690422765074636,0.344,0.214,1,"2","Sgcd"
0.000357185849183576,0.556410756040567,0.441,0.284,1,"2","Ndrg1"
0.000360052573844427,0.839510717846991,0.297,0.179,1,"2","Acsl6"
0.000361941159832065,0.466600683717723,0.528,0.373,1,"2","Crcp"
0.000385135560007527,0.517168649695228,0.415,0.269,1,"2","Trub1"
0.000389328320457473,0.483508958745474,0.646,0.526,1,"2","Nnmt"
0.00039324787505617,0.317280832469574,0.851,0.693,1,"2","Tbl1x"
0.000396372614458053,0.748547047947263,0.323,0.205,1,"2","Tle3"
0.000417676081529911,0.636471694113641,0.292,0.167,1,"2","Artn"
0.000418966993839975,0.396284590874675,0.826,0.709,1,"2","Ptges"
0.000442975745131391,0.626575533590752,0.369,0.234,1,"2","Ythdc2"
0.000454699983693062,0.702691704431385,0.308,0.186,1,"2","Hus1"
0.000462405155506277,0.615248883275277,0.308,0.183,1,"2","Adgrl1"
0.000463608431114817,0.273309852385021,0.944,0.896,1,"2","Tcp1"
0.000469689113720048,0.266415787547246,0.954,0.843,1,"2","Ssbp1"
0.000481341798428519,0.436947399112389,0.79,0.671,1,"2","Timm9"
0.000487739336970702,0.319516318579253,0.723,0.567,1,"2","Rrp8"
0.000501941661951454,0.442926021929173,0.733,0.619,1,"2","Atad3a"
0.000509542075726816,0.286176220717226,0.877,0.779,1,"2","Syngr2"
0.000527525333428196,0.655670287289756,0.374,0.256,1,"2","Noc3l"
0.00053208228309421,0.62852194505742,0.364,0.225,1,"2","Ints14"
0.000537744770605921,0.310191843421952,0.795,0.663,1,"2","Klf13"
0.000546009465523645,0.300699889215409,0.831,0.704,1,"2","Mphosph10"
0.000547398578768401,0.391689303218322,0.544,0.388,1,"2","Tbpl1"
0.000581597327297214,0.263527367084449,0.928,0.804,1,"2","Cyb5b"
0.000588764254031159,0.583055296118689,0.467,0.329,1,"2","Mrs2"
0.000600902155395076,0.727713749756162,0.262,0.152,1,"2","Efna4"
0.000603428892893553,0.520933081542874,0.497,0.357,1,"2","Sox9"
0.000628919708849762,0.62778353389002,0.262,0.148,1,"2","Crem"
0.000631051182238639,0.534052826080992,0.554,0.41,1,"2","Bysl"
0.000639881107089221,0.523693455295509,0.497,0.359,1,"2","Zfp704"
0.000642245515142306,0.415377627577753,0.826,0.776,1,"2","Herpud1"
0.000653276195223617,0.482601383377047,0.462,0.305,1,"2","Tst"
0.000661839090101526,0.687945810074816,0.308,0.189,1,"2","Trappc8"
0.00066344819133017,0.515773350515289,0.467,0.331,1,"2","Ap1b1"
0.00066807848232901,0.465443873647003,0.662,0.537,1,"2","Tbrg4"
0.000685831474708098,0.278737778181972,0.836,0.726,1,"2","Clint1"
0.00070514046641973,0.421021976510096,0.538,0.385,1,"2","Impdh1"
0.000706372675302009,0.860676272283201,0.364,0.249,1,"2","Mettl3"
0.000721797827048448,0.416797051850208,0.764,0.663,1,"2","Ywhag"
0.000722506239868233,0.506140641044565,0.549,0.408,1,"2","Dnajc11"
0.000729966449204515,0.41684427859457,0.533,0.381,1,"2","Jdp2"
0.000737942767057977,0.253865330389456,0.867,0.782,1,"2","Mrps10"
0.000738659581569052,0.309234625662519,0.897,0.827,1,"2","Larp1"
0.000741185753685431,0.436911265300889,0.821,0.638,1,"2","Eif2b3"
0.000750363300132569,0.407396527562661,0.631,0.483,1,"2","Ppp2r2a"
0.000753409294519952,0.310886012331762,0.805,0.735,1,"2","Rpap3"
0.000816679086520486,0.276768015520829,0.882,0.805,1,"2","Polr1f"
0.000821200046538496,0.674869887618406,0.369,0.246,1,"2","Ipo8"
0.000827848506622963,0.517370381908117,0.287,0.17,1,"2","AA467197"
0.000834275043944245,0.589853171069113,0.523,0.369,1,"2","Elovl6"
0.000834662341722385,0.56700940272854,0.318,0.193,1,"2","Ngf"
0.000838989031641905,0.518424349807088,0.441,0.307,1,"2","Vegfa"
0.000856126363777229,0.445016450717307,0.646,0.514,1,"2","Mia2"
0.000881974372906905,0.56886648862295,0.262,0.152,1,"2","Asrgl1"
0.000882014875883663,0.528134051545269,0.513,0.388,1,"2","Smim13"
0.000900260163935922,0.637706647062876,0.487,0.365,1,"2","Fblim1"
0.000939078815917898,0.501780242711593,0.533,0.419,1,"2","Smtn"
0.000945569556216232,0.387072708169629,0.574,0.422,1,"2","Ranbp2"
0.000949524119940664,0.546090923565785,0.59,0.452,1,"2","F2rl1"
0.000966990090536689,0.334988671963718,0.754,0.625,1,"2","Srprb"
0.00100564497037171,0.551487660117177,0.523,0.387,1,"2","Exosc2"
0.00101605401495324,0.375892392236804,0.713,0.577,1,"2","Rrp1b"
0.00102731919368673,0.501397102269665,0.441,0.307,1,"2","Akap1"
0.00103198668580786,0.264870269963506,0.933,0.851,1,"2","Eif4g1"
0.00103206339924983,0.365714611819738,0.723,0.567,1,"2","Mfsd1"
0.00105067144032636,0.298782183667246,0.903,0.861,1,"2","Tmem97"
0.00105361525573957,0.548091713744416,0.4,0.278,1,"2","Slc12a2"
0.00106505495417977,0.406188117955369,0.764,0.649,1,"2","Phf10"
0.00109087619771275,0.556939347171097,0.503,0.384,1,"2","Lsm11"
0.00110468301297094,0.284335974202186,0.815,0.71,1,"2","Atp2a2"
0.00112690234309857,0.541510211063915,0.544,0.395,1,"2","Tnk2"
0.00112908989318088,0.412867495445123,0.749,0.606,1,"2","Naa35"
0.00112914855097535,0.470011604321547,0.456,0.329,1,"2","Bmi1"
0.00113046998656889,0.447290863160393,0.446,0.315,1,"2","Fancl"
0.00113874433824008,0.617388217534155,0.272,0.161,1,"2","Ankrd13b"
0.00114044046068312,0.287914334987871,0.805,0.716,1,"2","Csnk1e"
0.00114286973379285,0.371375470503256,0.672,0.514,1,"2","Trim47"
0.0011504775917093,0.357387347353773,0.61,0.477,1,"2","Mmd"
0.00116069222940987,0.707908772666169,0.297,0.192,1,"2","Zfp52"
0.00118218275356104,0.484175375796426,0.523,0.391,1,"2","Nol8"
0.00118234323512649,0.318267625771463,0.759,0.643,1,"2","Aasdhppt"
0.00118351944957684,0.46612354973376,0.523,0.394,1,"2","Shmt1"
0.00118422078791826,0.729495181729281,0.262,0.158,1,"2","Fmn1"
0.00118983225504448,0.359574130275692,0.738,0.589,1,"2","Bcl2l1"
0.00122377978383034,0.505849327264587,0.359,0.225,1,"2","Skic3"
0.00122727084675542,0.567282187824975,0.374,0.258,1,"2","Dip2c"
0.00122907833612525,0.356558365632544,0.841,0.726,1,"2","Ruvbl2"
0.00123573549346904,0.470618633458893,0.672,0.53,1,"2","Cmas"
0.00127668557681166,0.297866159905835,0.513,0.37,1,"2","Gm35113"
0.00131820391246119,0.601902774615144,0.313,0.199,1,"2","mt-Tt"
0.00134706041695249,0.291038504448066,0.846,0.753,1,"2","Oat"
0.00137223111796054,0.483926332604489,0.579,0.457,1,"2","Sdc1"
0.00137391102596825,0.392190489217442,0.749,0.673,1,"2","Acly"
0.00138189864651586,0.616927780674973,0.313,0.202,1,"2","Dus4l"
0.00139121097149121,0.430773738358135,0.518,0.398,1,"2","Sema5a"
0.00140886487430567,0.373408863768086,0.815,0.709,1,"2","Ppfibp1"
0.00148547455135396,0.296086398405302,0.836,0.758,1,"2","Otulin"
0.00149422128315671,0.355505541397299,0.554,0.407,1,"2","Aebp2"
0.00151223224239827,0.589059970286077,0.318,0.208,1,"2","Tmem41a"
0.00152081911734072,0.385688305616614,0.518,0.373,1,"2","Far1"
0.00155931085254086,0.274883869942519,0.851,0.764,1,"2","Degs1"
0.00158475951125152,0.510629791726533,0.395,0.268,1,"2","Chd1l"
0.00159191151224253,0.754094356278264,0.4,0.284,1,"2","ENSMUSG00000121510"
0.00160269449888486,0.403844763693829,0.723,0.596,1,"2","Ago2"
0.00160812152527329,0.425428078941668,0.451,0.319,1,"2","Pitrm1"
0.00161787586752304,0.350896583700194,0.513,0.359,1,"2","Adgrg6"
0.00161853187321736,0.541032801115641,0.333,0.214,1,"2","Adgra3"
0.00162203633108306,0.324192457827501,0.667,0.523,1,"2","Ndufaf4"
0.00163336244149315,0.298642409711538,0.815,0.726,1,"2","Taf15"
0.00163391184156288,0.2804426436489,0.774,0.656,1,"2","Pla2g12a"
0.0017249901035396,0.454765446726333,0.749,0.641,1,"2","Yae1d1"
0.00173616623918807,0.445728747611285,0.662,0.556,1,"2","ENSMUSG00000134258"
0.00173620949349697,0.782036993302423,0.297,0.193,1,"2","Cry1"
0.00175104190660946,0.44031242685585,0.549,0.392,1,"2","Slc25a33"
0.00175362694216777,0.383417576737835,0.672,0.533,1,"2","Ctu2"
0.00175491310958891,0.477739625999,0.379,0.246,1,"2","Oxnad1"
0.00175898317057497,0.762916872428381,0.267,0.168,1,"2","Trmt61a"
0.0018000742312674,0.310758007261054,0.815,0.697,1,"2","Ppil1"
0.00180748914105621,0.303766233023567,0.8,0.684,1,"2","Tnfaip1"
0.00183496803215407,0.284418730240017,0.862,0.741,1,"2","Gpatch4"
0.00183593650494532,0.619098122649369,0.262,0.161,1,"2","ENSMUSG00000123335"
0.0018419194722602,0.515870485923049,0.579,0.46,1,"2","Pfas"
0.00184746318816879,0.497348015944274,0.303,0.193,1,"2","Zfp57"
0.00190132348163908,0.322512743179392,0.456,0.309,1,"2","Rap1gds1"
0.00191534493815174,0.498829412075703,0.59,0.477,1,"2","Pck2"
0.00191932692667312,0.720064309152248,0.338,0.223,1,"2","Cdyl"
0.00196083944830343,0.297378477290602,0.81,0.757,1,"2","Gatad2a"
0.00198773246232577,0.566412896872733,0.354,0.233,1,"2","Haus5"
0.00201704933291968,0.627398485905974,0.318,0.212,1,"2","Ddx54"
0.00202400817486944,0.287495083885308,0.836,0.732,1,"2","Ppp2r2d"
0.0020372296390788,0.348415702752411,0.585,0.442,1,"2","Ccny"
0.00206788725157935,0.271593469549491,0.821,0.717,1,"2","Ube2v2"
0.00208320782460598,0.305168338043591,0.841,0.716,1,"2","Diaph3"
0.00208713233736246,0.442917676321374,0.544,0.422,1,"2","Slc35a4"
0.00209990694573521,0.578857116715351,0.323,0.212,1,"2","Cd14"
0.00213378380331261,0.485821706138815,0.487,0.351,1,"2","Tmem245"
0.00214271069460292,0.382387176242355,0.687,0.628,1,"2","Larp4"
0.00216462868712505,0.28976322816178,0.908,0.845,1,"2","Knop1"
0.00218162696437617,0.311901177898653,0.8,0.687,1,"2","Mxra7"
0.00220497624189157,0.260993911389348,0.733,0.597,1,"2","Mgat4b"
0.00220551571149194,0.704207875046722,0.251,0.154,1,"2","Eme1"
0.00222322320931084,0.274295580145395,0.841,0.701,1,"2","Supt16"
0.0022362247773123,0.439243703224897,0.313,0.193,1,"2","Fmnl2"
0.00223849490344435,0.320454708944186,0.61,0.479,1,"2","Exosc9"
0.00224060818744408,0.75180678355231,0.251,0.158,1,"2","Pde4dip"
0.00224133257034194,0.388914673609631,0.544,0.398,1,"2","Wdr82"
0.00228285392737265,0.330129235996666,0.785,0.633,1,"2","Cmtm4"
0.00228705913080038,0.355663766461907,0.79,0.679,1,"2","Ppm1a"
0.0022932845646651,0.657875553227714,0.364,0.256,1,"2","Bcar3"
0.00230064688405649,0.306204146906939,0.744,0.643,1,"2","Luc7l"
0.00230500520751382,0.305477855547362,0.749,0.624,1,"2","Bop1"
0.00232094858065011,0.2996749529534,0.877,0.785,1,"2","Timm50"
0.00235747085269301,0.367812159417032,0.692,0.539,1,"2","Leo1"
0.00236123345036787,0.288798179330572,0.897,0.775,1,"2","Eci2"
0.00239908200233286,0.455862203694829,0.456,0.328,1,"2","Pkp4"
0.00241007146714772,0.360926936683183,0.451,0.31,1,"2","Klhl22"
0.00243594179606444,0.52354053497503,0.374,0.259,1,"2","Tdrkh"
0.00257823427014818,0.366362776443402,0.713,0.596,1,"2","Gtf2f2"
0.00259047777884538,0.294293018894984,0.754,0.649,1,"2","Ddx3x"
0.00262637122883519,0.365169937582639,0.492,0.357,1,"2","Thumpd1"
0.00262794245506827,0.261206720010967,0.913,0.794,1,"2","Tcerg1"
0.0026788716775658,0.449372658409247,0.364,0.242,1,"2","Mthfd1l"
0.00269525176915743,0.405454489903589,0.626,0.512,1,"2","Kcnn4"
0.00273844436962585,0.307669623188191,0.938,0.84,1,"2","Esf1"
0.00276775346951887,0.371843951850463,0.503,0.379,1,"2","Enoph1"
0.002778248132608,0.458345623804884,0.513,0.389,1,"2","Rpl37rt"
0.00283996411621466,0.540942194326269,0.487,0.367,1,"2","Fstl1"
0.00284586652643917,0.462855156382755,0.328,0.214,1,"2","C1galt1"
0.00284973120538278,0.462475959896478,0.262,0.158,1,"2","Flrt2"
0.00286559506537499,0.288296581024418,0.892,0.817,1,"2","Ufm1"
0.00295014334445274,0.390810254600801,0.477,0.334,1,"2","Pak1"
0.00296112704029317,0.376189748512238,0.267,0.164,1,"2","Lbh"
0.0030087951169447,0.312218550905848,0.821,0.682,1,"2","Csrp2"
0.00307105237496228,0.464280978338626,0.395,0.268,1,"2","Idh1"
0.00307633421422969,0.314317528791681,0.846,0.755,1,"2","Nop14"
0.00308696963731943,0.281323866563753,0.831,0.71,1,"2","Myg1"
0.00311912225169555,0.31368939834058,0.774,0.649,1,"2","Trip13"
0.00314464739987519,0.400167586220326,0.6,0.476,1,"2","Golt1b"
0.00315512101296728,0.266555726575853,0.821,0.747,1,"2","Dnajb11"
0.00316418817075866,0.446125684599581,0.436,0.306,1,"2","Dnaja3"
0.00316720402532739,0.298523600095293,0.821,0.713,1,"2","Parp1"
0.00317575017391254,0.280779694811954,0.328,0.212,1,"2","Glul"
0.00318014447176663,0.284946868459757,0.923,0.868,1,"2","Taf1d"
0.00335320819850899,0.476074131808241,0.503,0.363,1,"2","Ss18"
0.00337985253612587,0.470237290593496,0.518,0.406,1,"2","Gtf2h2"
0.00339150987405246,0.457544414687664,0.528,0.42,1,"2","Spryd7"
0.00343905811904057,0.43843571223262,0.559,0.429,1,"2","Prxl2c"
0.00346942048920241,0.280126975044376,0.826,0.7,1,"2","Zfp330"
0.00347370341877864,0.283129310703949,0.841,0.788,1,"2","Sdha"
0.00357536644172676,0.672909711816035,0.292,0.183,1,"2","Fbxo34"
0.00358344619180564,0.323693391309834,0.677,0.551,1,"2","Cd320"
0.00360812562916344,0.50900276797253,0.354,0.24,1,"2","Tmem17"
0.00361485413219507,0.361173762612607,0.549,0.414,1,"2","Igf2bp2"
0.00362170604370496,0.327931217045742,0.6,0.463,1,"2","Plaur"
0.00373362347419361,0.432457063647258,0.554,0.43,1,"2","Utp15"
0.00378565656018188,0.46200714445062,0.349,0.242,1,"2","Amacr"
0.00383734095757716,0.555411003484055,0.262,0.167,1,"2","Rpusd4"
0.0038396893719148,0.589836099683409,0.369,0.259,1,"2","Pi4k2b"
0.00384784604078141,0.497434111373552,0.41,0.299,1,"2","Epc1"
0.00384841611403101,0.465049921915852,0.487,0.376,1,"2","E2f8"
0.00391383953422122,0.345227359377651,0.487,0.354,1,"2","Sik3"
0.00401176457147124,0.468384869674785,0.308,0.202,1,"2","Api5"
0.00408983630679516,0.407059694508746,0.503,0.388,1,"2","Senp3"
0.00412056446104529,0.346870666379575,0.523,0.392,1,"2","Ankrd54"
0.00412371968155596,0.411101102104695,0.328,0.217,1,"2","Mterf4"
0.00416507150999412,0.465918816784132,0.431,0.312,1,"2","Acaca"
0.00418460544079511,0.625274240071021,0.328,0.224,1,"2","Sirt5"
0.00419061599719218,0.266315332271635,0.769,0.637,1,"2","Plpp2"
0.00426698264003593,0.404615293760506,0.615,0.483,1,"2","Wdr3"
0.00430805489637221,0.483095713657607,0.385,0.272,1,"2","Amd1"
0.00437179201043005,0.390636867260488,0.344,0.228,1,"2","Bbc3"
0.00438248318141248,0.260592777781504,0.836,0.728,1,"2","Ubap2"
0.00446482572609151,0.254231293490424,0.918,0.906,1,"2","Mrps6"
0.00450278106006619,0.251091924135334,0.903,0.789,1,"2","Trim27"
0.00451386748147398,0.469894564103279,0.456,0.335,1,"2","Morc4"
0.0045167456405971,0.328372299237208,0.856,0.764,1,"2","Afdn"
0.00453370672478362,0.295664104402202,0.713,0.583,1,"2","Utp4"
0.00486447335158226,0.30832543538982,0.605,0.466,1,"2","Riok3"
0.00495785092914383,0.594072976165877,0.349,0.246,1,"2","Pvr"
0.00502020868878153,0.321297017859771,0.61,0.492,1,"2","Pdgfa"
0.00505374567435833,0.473155659706333,0.492,0.369,1,"2","Slc7a1"
0.00506858085396148,0.700101706040267,0.287,0.19,1,"2","Arid5a"
0.00511046334493904,0.763271038078202,0.262,0.173,1,"2","Dennd5b"
0.00517174154138235,0.601516153152152,0.323,0.221,1,"2","Polr3e"
0.00520414547865557,0.312212667058963,0.641,0.492,1,"2","Mcfd2"
0.0052602608668556,0.274707373921413,0.733,0.621,1,"2","Zfp622"
0.0052724180298468,0.31681302716863,0.728,0.609,1,"2","Map1s"
0.00527265247346194,0.651897341737154,0.282,0.184,1,"2","Med20"
0.00529428364328881,0.362799569824751,0.436,0.312,1,"2","Timm21"
0.00530514489584151,0.329888458731501,0.59,0.441,1,"2","Gm14057"
0.00534374564692895,0.388993640163089,0.456,0.332,1,"2","Prr7"
0.00534660517516276,0.257183640060468,0.677,0.523,1,"2","Mrps22"
0.00534734861656526,0.40582917828239,0.446,0.331,1,"2","Zkscan3"
0.00535362780456179,0.66806114437597,0.323,0.218,1,"2","Fbln1"
0.00536880172144309,0.292080978253562,0.769,0.654,1,"2","Fam136a"
0.00537011897750842,0.608727123898281,0.344,0.242,1,"2","Insr"
0.00539196682712453,0.325114578855222,0.744,0.635,1,"2","Wdr12"
0.00558685393035789,0.619672264531042,0.328,0.233,1,"2","Faap24"
0.00560605718053502,0.374085944056684,0.713,0.599,1,"2","Gjc1"
0.00561800605575357,0.303176674689513,0.651,0.531,1,"2","Ankrd10"
0.00566405566967866,0.392938480934758,0.379,0.269,1,"2","Fdxr"
0.00574087081288658,0.44483063908679,0.385,0.277,1,"2","Champ1"
0.00576656550452573,0.29950001879182,0.61,0.498,1,"2","Tns3"
0.00580632897307411,0.472081733295684,0.39,0.265,1,"2","Hgh1"
0.00581096198738658,0.285039214462363,0.744,0.619,1,"2","Naf1"
0.00590938716566396,0.394218453181822,0.595,0.458,1,"2","Akap8"
0.00594038240464723,0.278099280381479,0.677,0.555,1,"2","Exoc3"
0.00594481541845819,0.411323412726068,0.703,0.592,1,"2","Pwwp3a"
0.0059544264210528,0.35997251954159,0.564,0.423,1,"2","Hcfc1"
0.00597511166817547,0.264036889029413,0.81,0.701,1,"2","Mta1"
0.0059823300793877,0.27187240145228,0.892,0.796,1,"2","Skic8"
0.00602026748000174,0.447001126114564,0.441,0.324,1,"2","Nol10"
0.00611729498533525,0.354882486784004,0.415,0.299,1,"2","Kat8"
0.00616221171546945,0.26381999707017,0.815,0.732,1,"2","H4c9"
0.00616345955210803,0.363222245734975,0.251,0.157,1,"2","Ghr"
0.00624481591529831,0.279375746381593,0.744,0.618,1,"2","Brd1"
0.00628212618459624,0.351371699051871,0.497,0.376,1,"2","Ntpcr"
0.006287648794103,0.448411025370721,0.328,0.228,1,"2","Arl5a"
0.00629128433988749,0.612953217686315,0.297,0.202,1,"2","Jcad"
0.00632366172104938,0.272936369266219,0.733,0.602,1,"2","Hdac2"
0.00635671204027231,0.421010278485066,0.518,0.406,1,"2","Jmjd1c"
0.00637067630828503,0.297741432172202,0.779,0.669,1,"2","Ppm1g"
0.00648532394563283,0.353077745551546,0.503,0.381,1,"2","Wasl"
0.00653147992285233,0.380027170346141,0.472,0.344,1,"2","Scarb1"
0.00658311608412674,0.528308989610534,0.277,0.182,1,"2","Gng2"
0.00661822761133422,0.289925971472675,0.605,0.489,1,"2","Tarbp2"
0.00662241226157499,0.504818630199726,0.385,0.277,1,"2","Amd2"
0.00662370237831611,0.565776220885435,0.333,0.233,1,"2","Pard6g"
0.0066500609177092,0.362588929806455,0.708,0.6,1,"2","Ebf1"
0.00666940681532173,0.285460055744844,0.446,0.318,1,"2","Pex6"
0.00668408205404609,0.498846674522491,0.379,0.272,1,"2","Abcd4"
0.00672635850572982,0.565157084136618,0.297,0.198,1,"2","Gm48146"
0.00674815435204389,0.454002913706367,0.395,0.291,1,"2","Ric8a"
0.00680874686155885,0.522196632352415,0.282,0.183,1,"2","Wnt10b"
0.00695307181618554,0.420424119339808,0.338,0.23,1,"2","Gypc"
0.00698646164202112,0.300741876640845,0.785,0.666,1,"2","Xpo1"
0.00700830767516558,0.437234371384982,0.344,0.242,1,"2","Krt80"
0.00708347246083905,0.403053983583562,0.472,0.346,1,"2","Suv39h1"
0.00716106650041997,0.324757302737781,0.487,0.36,1,"2","Zfp593"
0.00724112647855038,0.27914570478697,0.646,0.533,1,"2","Ublcp1"
0.0072512457931768,0.280409758816133,0.738,0.631,1,"2","Nadk"
0.00725283758010862,0.346730811471998,0.513,0.376,1,"2","Ubqln4"
0.00729464476018801,0.542061042858566,0.364,0.261,1,"2","Thap1"
0.00740434325816395,0.489161575712178,0.385,0.281,1,"2","Irx2"
0.00742903782911425,0.487537030215182,0.297,0.199,1,"2","Polk"
0.00747219218083176,0.371688873299398,0.344,0.233,1,"2","Ppp1r8"
0.00763373541023603,0.468619138536943,0.262,0.167,1,"2","Nat10"
0.00768121793489403,0.426806425253184,0.59,0.498,1,"2","Mtln"
0.00770476012216221,0.345034799938558,0.364,0.258,1,"2","Gen1"
0.00771879613090649,0.523326748623956,0.369,0.271,1,"2","Elp3"
0.00772094217150138,0.533955233102995,0.431,0.312,1,"2","Fundc1"
0.00779114788663942,0.280437498267348,0.877,0.78,1,"2","Dazap2"
0.00789394676366214,0.253862850261759,0.749,0.657,1,"2","Zc3h18"
0.00795546692845216,0.521587522560912,0.369,0.274,1,"2","Ino80"
0.00802377570765769,0.444449383955705,0.421,0.318,1,"2","Myo5a"
0.00807050176830606,0.27262356646375,0.738,0.625,1,"2","Ankrd40"
0.00812033804107645,0.31408958495009,0.564,0.432,1,"2","Palld"
0.00818448768705893,0.413021274589572,0.533,0.429,1,"2","Noa1"
0.00823502046878375,0.307517784443256,0.667,0.565,1,"2","Uqcc4"
0.00825460398264059,0.325535133722583,0.333,0.224,1,"2","Tbc1d9b"
0.00833121874492411,0.395353943015979,0.374,0.271,1,"2","Ralgps2"
0.00835426330433158,0.329321610329061,0.523,0.4,1,"2","Siah2"
0.0084124098771244,0.442453145384922,0.431,0.313,1,"2","Clmp"
0.00847163343233332,0.274918998835129,0.487,0.366,1,"2","Nmral1"
0.00865082197342899,0.25213844132588,0.754,0.618,1,"2","Gxylt2"
0.00871936335688281,0.421291759891871,0.354,0.249,1,"2","Hrob"
0.00874361944169828,0.479175920308642,0.256,0.165,1,"2","Mllt1"
0.00879710173098867,0.497333092697064,0.333,0.239,1,"2","Vac14"
0.00880351372048544,0.58549161703872,0.277,0.184,1,"2","Txnrd3"
0.00931130889958797,0.465794733755064,0.364,0.255,1,"2","Hyal2"
0.00932988570484394,0.370372044152353,0.503,0.392,1,"2","Dusp3"
0.00947902232812793,0.33591651170425,0.574,0.435,1,"2","Ctbp2"
0.00954953030608113,0.298631740101764,0.544,0.422,1,"2","Mboat1"
0.00958578642847179,0.331861685165778,0.641,0.502,1,"2","C1qtnf12"
0.00960417666058137,0.272103693242303,0.779,0.716,1,"2","Tomm70a"
0.00983719538585902,0.258018317864253,0.672,0.551,1,"2","Tmed4"
0.00995099500354619,0.301195889254226,0.564,0.46,1,"2","Cad"
2.25904163283095e-43,1.03180135696864,1,0.996,4.43698367104327e-39,"3","H2-K1"
5.10745636845435e-41,2.68764998319636,0.608,0.126,1.00315550532812e-36,"3","Mgarp"
9.1934473731017e-40,3.83244799828391,0.354,0.025,1.80568499855091e-35,"3","Ddah2"
1.06909106988802e-35,0.742982817076992,1,0.995,2.09980177036706e-31,"3","Ndufc1"
3.50187347161858e-35,2.42255076780376,0.7,0.21,6.87802968560605e-31,"3","Egr1"
1.28057346467434e-32,1.45371478552349,0.962,0.615,2.51517434196687e-28,"3","S100a16"
7.23856084250568e-32,3.25443293379351,0.385,0.052,1.42172573507654e-27,"3","Cd302"
8.63195367446924e-31,1.55320822960069,0.869,0.467,1.6954020212025e-26,"3","Cystm1"
5.82336035933527e-30,3.1359081518042,0.331,0.037,1.14376620817704e-25,"3","Cib2"
1.78940389453219e-29,3.91355014194885,0.262,0.019,3.51456818925067e-25,"3","Gpha2"
8.40574180096427e-29,1.42145074210756,0.962,0.729,1.65097174712739e-24,"3","Pmvk"
1.37604791290213e-28,1.47486499282303,0.862,0.516,2.70269570573107e-24,"3","Plaat3"
1.04023428246507e-27,0.476110332059923,1,1,2.04312415418964e-23,"3","S100a6"
2.48955487146842e-27,0.609470646477031,1,1,4.88973472305113e-23,"3","Anxa5"
5.0422000230446e-26,1.51712513490044,0.892,0.695,9.90338506526189e-22,"3","Csf1"
1.38214717413212e-24,1.66453613344165,0.754,0.365,2.71467526471289e-20,"3","Fbxo2"
1.65304895640712e-24,0.63384294614301,1,0.997,3.24675345527922e-20,"3","H2-D1"
1.80663822212072e-24,0.596238672749571,1,0.999,3.54841813206731e-20,"3","Sec62"
4.13852382957602e-24,0.805505764383902,1,0.997,8.12847465367026e-20,"3","Anxa1"
5.21490592518521e-24,1.43194540892033,0.908,0.667,1.02425967276563e-19,"3","Neat1"
1.97541795118652e-23,1.13513339249187,0.931,0.627,3.87991839792544e-19,"3","Ccdc85b"
8.4370920608993e-23,1.69417836826509,0.669,0.266,1.65712925168123e-18,"3","Slc16a3"
1.21643647048738e-22,2.42117685789309,0.377,0.078,2.38920287168427e-18,"3","Fcgrt"
1.36166414242114e-22,1.29769112165278,0.885,0.575,2.67444454212936e-18,"3","Pfn2"
3.76813119234276e-22,1.21437543907215,0.992,0.932,7.40098647488041e-18,"3","H1f0"
4.12338944602265e-22,1.791885816438,0.723,0.374,8.09874921093308e-18,"3","Cx3cl1"
1.04417992314022e-21,1.50122527133617,0.931,0.683,2.05087378703971e-17,"3","Ier2"
1.13931030513207e-21,1.84010224227206,0.677,0.336,2.2377193703099e-17,"3","Larp1b"
2.72790990839228e-21,0.98785828508509,0.969,0.87,5.35788785107328e-17,"3","S100a13"
8.65639589418856e-20,0.526357323587407,1,0.996,1.70020271757757e-15,"3","Pgam1"
2.58094927196626e-19,2.45963395272074,0.446,0.135,5.06924246506893e-15,"3","Fos"
5.27653751732447e-19,0.656336491039178,0.985,0.973,1.0363647337777e-14,"3","Mtap"
1.26154767777719e-18,2.4115517100199,0.338,0.078,2.47780579392218e-14,"3","Sis"
2.4833893977068e-18,0.747987352071206,1,0.944,4.87762511603593e-14,"3","Tmem176b"
3.40022952411914e-18,0.693084446350715,0.992,0.945,6.6783908083224e-14,"3","Naxe"
5.27057424362275e-18,0.668005374184782,1,0.956,1.03519348718995e-13,"3","Psmb8"
7.84293102803312e-18,0.593852816792298,0.992,0.971,1.54043008321599e-13,"3","Ndufb8"
2.90904539106438e-17,0.968596994014436,0.862,0.545,5.71365605258955e-13,"3","H2bc4"
4.48735915602204e-17,0.835818038321099,0.962,0.862,8.81362211834289e-13,"3","Tmem176a"
4.75543997109137e-17,0.624455362232155,1,0.971,9.34015964722056e-13,"3","Rpl22l1"
7.87280409994515e-17,0.456217815378154,1,0.995,1.54629745327023e-12,"3","Krtcap2"
1.0086546975591e-16,0.749317445858014,0.969,0.846,1.98109869147583e-12,"3","Mfge8"
1.2679639179389e-16,2.39876426670121,0.323,0.079,2.49040793122379e-12,"3","Sdsl"
1.6059794088567e-16,2.23812105509628,0.346,0.092,3.15430415693544e-12,"3","Stard10"
2.31179794378872e-16,1.59418911734276,0.685,0.428,4.54060234139542e-12,"3","Aspa"
5.03149758412622e-16,1.60267290881607,0.508,0.194,9.88236440498232e-12,"3","Crip2"
1.0913793774542e-15,0.629818025341096,1,0.96,2.14357823525779e-11,"3","Rhoc"
1.30914389903808e-15,0.596007515838823,1,0.953,2.57128953210069e-11,"3","Rap1a"
1.86730467010523e-15,1.03108463927969,0.908,0.737,3.66757310255368e-11,"3","Amigo2"
2.79661171575402e-15,0.713435574031866,0.954,0.89,5.49282507091247e-11,"3","S100a1"
3.29488904693403e-15,0.501739221173499,1,0.996,6.47149157708313e-11,"3","Bst2"
3.55653098569507e-15,0.406323752942354,0.992,0.996,6.98538250900368e-11,"3","Psmb4"
7.57595038310357e-15,0.446669984077387,1,0.987,1.48799241474537e-10,"3","Ndufb5"
7.73497684934174e-15,1.71383255096208,0.477,0.184,1.51922680297921e-10,"3","Fam241a"
1.26106649988862e-14,0.855357229925583,0.9,0.674,2.47686071243124e-10,"3","Syce2"
2.0246264637651e-14,1.02795514156482,0.792,0.598,3.97656883748103e-10,"3","Man1a2"
2.33166835373956e-14,1.23001836853276,0.708,0.42,4.57962981357987e-10,"3","Eno3"
2.94666257812161e-14,0.576611885909365,0.962,0.924,5.78753996968865e-10,"3","Stip1"
3.33325078809299e-14,0.916233983987044,0.985,0.941,6.54683787289345e-10,"3","Fdps"
4.33901431581164e-14,0.468266762443796,1,0.995,8.52225801768565e-10,"3","Atox1"
6.47145211050851e-14,1.65918824353229,0.469,0.186,1.27105790902498e-09,"3","Car13"
8.38663936288567e-14,0.579029586573137,0.969,0.921,1.64721983726437e-09,"3","Dap3"
1.32118895068242e-13,0.921490407880561,0.892,0.68,2.59494721803534e-09,"3","Tubb2a"
1.7015815928271e-13,0.488108062202021,1,0.993,3.3420764064717e-09,"3","Lmna"
1.80245641689086e-13,0.812951562005924,0.9,0.787,3.54020464841534e-09,"3","Prkar2b"
2.12488822000398e-13,0.755071189417297,0.969,0.877,4.17349295290982e-09,"3","Chchd7"
4.61613971691826e-13,0.541622514176769,0.985,0.936,9.06656001799915e-09,"3","Actn1"
4.71527107385428e-13,0.684699146907175,0.954,0.857,9.2612639161572e-09,"3","Blvrb"
7.67095743947815e-13,0.37436286223815,1,0.999,1.5066527506879e-08,"3","Uqcr10"
7.90813449794638e-13,0.86082068072998,0.862,0.733,1.55323669674165e-08,"3","Scamp3"
1.2868088388366e-12,0.464090688053341,1,0.993,2.52742124035897e-08,"3","S100a4"
1.3402848639585e-12,0.916168065546776,0.838,0.689,2.63245350130089e-08,"3","Hcfc1r1"
2.37740463349218e-12,1.25740691167321,0.638,0.386,4.66946044064198e-08,"3","Cisd3"
2.83131815882792e-12,1.33455445747431,0.531,0.263,5.56099199575391e-08,"3","Itga3"
3.09462407086157e-12,0.915884279481996,0.792,0.607,6.07815113757922e-08,"3","Pcgf5"
3.29277301284217e-12,1.67688996747978,0.546,0.271,6.46733547452331e-08,"3","Btg2"
3.43678396031836e-12,0.56407871839,0.846,0.575,6.75018737646129e-08,"3","Cxcl10"
3.69324008680282e-12,1.06143200289396,0.754,0.512,7.25389285448942e-08,"3","H1f2"
4.61647102550174e-12,0.445692358670573,0.985,0.952,9.06721074118796e-08,"3","Prdx5"
4.66243505419258e-12,0.480630630739562,1,0.997,9.15748868993964e-08,"3","S100a10"
6.13307032298496e-12,0.408576996986207,1,0.997,1.20459634213748e-07,"3","Ly6e"
9.92537762103436e-12,0.339449597872093,1,0.999,1.94944341854736e-07,"3","Atp5pb"
1.27817490472711e-11,0.495548710929961,1,0.973,2.51046333037452e-07,"3","Rbm8a"
1.27826609351731e-11,1.22986090674962,0.646,0.388,2.51064243427735e-07,"3","Col18a1"
1.3757711226856e-11,1.00653947002093,0.808,0.6,2.70215206206678e-07,"3","Spry1"
2.19400904945307e-11,0.716655148924262,0.938,0.838,4.30925317403078e-07,"3","Usp50"
2.40309401974116e-11,1.47491494539928,0.462,0.214,4.71991696417361e-07,"3","Egfl7"
2.76724190876392e-11,0.260545589114651,1,1,5.43513983300321e-07,"3","Rpl34"
2.77088278621632e-11,0.669915139421611,0.938,0.881,5.44229088040747e-07,"3","Avpi1"
3.78525919408203e-11,1.98818792767162,0.277,0.083,7.43462758309652e-07,"3","Ppm1j"
3.81079946305742e-11,1.33920774158332,0.654,0.451,7.48479122539109e-07,"3","Gm56671"
3.89482356490339e-11,1.7187024342651,0.346,0.124,7.64982296382675e-07,"3","Smim1"
4.77001767597998e-11,1.07453748329843,0.762,0.567,9.36879171739227e-07,"3","Unc119"
4.93749827615516e-11,0.876812361998311,0.962,0.882,9.69774036419634e-07,"3","Ankrd1"
5.60037632010955e-11,0.500080507742212,1,0.961,1.09996991303272e-06,"3","Ifi27"
5.7714429553812e-11,0.642421334891826,0.962,0.846,1.13356911086642e-06,"3","Rnaseh2c"
6.17323878567738e-11,0.800350147435642,0.862,0.723,1.21248582989489e-06,"3","Ethe1"
7.53945657715347e-11,0.3286729637305,1,1,1.48082466631871e-06,"3","Calm1"
9.20503698597199e-11,0.533931186114448,0.977,0.934,1.80796131441476e-06,"3","Fkbp2"
1.04886845571745e-10,0.732658062724702,0.869,0.774,2.06008253387464e-06,"3","Jtb"
1.09293548258926e-10,0.464977445128993,0.992,0.987,2.14663458135356e-06,"3","Tpm1"
1.20503123841941e-10,0.400718189649351,1,0.993,2.36680185537956e-06,"3","Ppp1ca"
1.28247438343845e-10,0.936497987766283,0.938,0.9,2.51890793651146e-06,"3","Nupr1"
1.47389764556753e-10,0.847806324595659,0.808,0.608,2.89488236565919e-06,"3","Bad"
1.60499637718034e-10,0.285633215360613,1,0.996,3.1523733844199e-06,"3","Gng5"
1.86259572265128e-10,0.493989824121317,0.992,0.968,3.65832425885937e-06,"3","Bcas2"
1.92500687321458e-10,0.675734570895758,0.892,0.858,3.78090599968076e-06,"3","Pkn2"
2.04462137993525e-10,0.573207422105065,1,0.993,4.01584085233082e-06,"3","Tm4sf1"
3.07015209628617e-10,1.76036030920388,0.3,0.104,6.03008573231567e-06,"3","Cgref1"
3.98919124016578e-10,0.452424156137137,0.969,0.968,7.83517051480962e-06,"3","Psma5"
5.42068889472369e-10,0.57741341703398,0.946,0.82,1.06467750581268e-05,"3","2200002D01Rik"
5.81612777158386e-10,0.253146937234256,1,1,1.14234565561679e-05,"3","Cox8a"
5.93312575519218e-10,0.841136359435677,0.885,0.767,1.1653252295773e-05,"3","Itgb5"
6.32460858071383e-10,0.890768076705955,0.762,0.553,1.242216371338e-05,"3","Ehd4"
6.35280316890917e-10,0.96063213654852,0.731,0.539,1.24775407040545e-05,"3","Gstm5"
6.51038137113775e-10,0.95049711438251,0.769,0.606,1.27870400510516e-05,"3","Mettl26"
6.811936939487e-10,0.666436691409142,0.9,0.789,1.33793253428464e-05,"3","Mrps28"
9.14878229617008e-10,0.590091549716887,0.923,0.848,1.79691233079077e-05,"3","Rsrc1"
9.8158235562001e-10,1.8419773115228,0.377,0.168,1.92792590467326e-05,"3","Csn3"
1.16084851746292e-09,0.389711850813046,0.992,0.984,2.28002257314891e-05,"3","1810037I17Rik"
1.20486802773449e-09,0.818022659498998,0.831,0.64,2.36648129327331e-05,"3","Clu"
1.6035851360219e-09,0.596125492552552,0.946,0.91,3.14960156566061e-05,"3","Malat1"
1.7551754960784e-09,0.850041155802374,0.785,0.592,3.44734019184759e-05,"3","Otud7b"
1.85894230465555e-09,0.362893059799364,1,0.992,3.65114858057397e-05,"3","Cct3"
2.86976421277338e-09,0.852931862165491,0.754,0.594,5.63650389030819e-05,"3","Hoxc9"
3.0432838240262e-09,0.955052124543467,0.354,0.143,5.97731375876986e-05,"3","Ifi27l2a"
3.13494820089292e-09,1.31570574019574,0.477,0.271,6.15735176137377e-05,"3","H2-DMb1"
3.45608649190208e-09,0.367572608090871,1,0.991,6.78809947874488e-05,"3","Tmem258"
3.54763681834211e-09,0.365205133039911,1,0.992,6.96791347490575e-05,"3","S100a11"
3.99400252295377e-09,1.17562722414039,0.477,0.251,7.8446203553335e-05,"3","H2-Q4"
5.09402692001101e-09,0.39375022373505,0.992,0.984,0.000100051782735936,"3","Sh3glb1"
5.34211110045215e-09,0.686132327938867,0.831,0.709,0.000104924404123981,"3","Larp7"
7.30390403254779e-09,0.432338421200825,0.985,0.952,0.000143455979103271,"3","Drap1"
7.4385272837322e-09,0.878425064914166,0.977,0.914,0.000146100114379784,"3","Ppid"
9.61850925626147e-09,0.850681935633953,0.692,0.503,0.000188917140302232,"3","Mrpl16"
9.696303898097e-09,0.79637162077295,0.731,0.56,0.000190445104862523,"3","Rce1"
1.10062329430092e-08,1.17655200150748,0.454,0.238,0.000216173421233643,"3","Zfp385a"
1.52715041254304e-08,1.22998924824777,0.531,0.309,0.000299947612527578,"3","Cotl1"
1.58457202061564e-08,0.862764216377893,0.777,0.59,0.000311225790569118,"3","Apol9a"
1.60269584371015e-08,1.67836692893419,0.277,0.104,0.00031478549066311,"3","Exoc6"
1.78270700984398e-08,0.984339418368186,0.692,0.501,0.000350141483803455,"3","Psmb9"
1.87413373687502e-08,0.591987985401675,0.9,0.722,0.000368098607259623,"3","Map1lc3a"
1.98239891510364e-08,0.781877014435494,0.777,0.588,0.000389362970915506,"3","Grhpr"
2.08278401818215e-08,1.10901860245507,0.492,0.275,0.000409079609011156,"3","Nudt22"
2.25333508369423e-08,0.264947718375492,1,0.995,0.000442577543788383,"3","Banf1"
2.26019319340574e-08,0.634061439198543,0.831,0.714,0.000443924545116821,"3","Syngr1"
2.3528031940659e-08,1.52031717637069,0.254,0.087,0.000462114075346484,"3","ENSMUSG00000125616"
2.40538961155973e-08,0.47838363899298,0.985,0.939,0.000472442573606447,"3","Snf8"
2.49890783162898e-08,0.346911333062469,1,0.996,0.000490810487210248,"3","Bsg"
2.69587918664593e-08,0.621743688649506,0.938,0.882,0.000529497631049126,"3","Scd2"
2.75956439275519e-08,0.468602689920064,0.962,0.933,0.000542006042381047,"3","Fxr1"
2.78221825966016e-08,0.437350261617317,0.992,0.953,0.000546455488379852,"3","Pitpna"
3.25169265290166e-08,0.38011646240021,0.992,0.949,0.000638664953956416,"3","Hpf1"
4.03714196865628e-08,0.596625657791326,0.877,0.758,0.00079293505406378,"3","Hspa4l"
4.87301243242241e-08,0.347941197058556,0.985,0.993,0.000957108371852086,"3","Selenof"
4.8917030122818e-08,0.274742475060954,0.992,0.967,0.000960779388642268,"3","Plac8"
5.36353118613604e-08,0.426318709254021,0.985,0.956,0.00105345116026898,"3","Snx3"
5.47007699300147e-08,0.868157282860291,0.7,0.52,0.00107437782219542,"3","Cenpm"
5.95073889580672e-08,0.500898567297063,0.962,0.9,0.0011687846265254,"3","Tmem134"
6.05784141833603e-08,0.886787971723831,0.562,0.324,0.00118982063297538,"3","Nicol1"
6.2881713223142e-08,1.06358107678181,0.631,0.461,0.00123505972941573,"3","Idi1"
6.43877480505696e-08,0.800798789352236,0.685,0.507,0.00126463975946124,"3","C1qtnf12"
6.56814657695487e-08,0.612207345073907,0.854,0.721,0.00129004966917971,"3","Zfand5"
6.59745211113102e-08,1.11738659018089,0.515,0.332,0.00129580556914724,"3","Top1mt"
7.95439588137345e-08,0.881527069362368,0.708,0.568,0.00156232289506056,"3","Sqle"
8.12477934396372e-08,0.545364240278823,0.946,0.857,0.00159578791094791,"3","Naa15"
8.19335916381791e-08,0.414723399517656,0.954,0.914,0.00160925767336548,"3","Ndufs6"
8.74726802977096e-08,0.6287310874505,0.854,0.726,0.00171805091372731,"3","Churc1"
1.04233620656586e-07,0.555036807803016,0.862,0.717,0.002047252543316,"3","Pten"
1.12398569663183e-07,0.31058250006706,1,0.989,0.00220762030675458,"3","Cks1b"
1.21398555198732e-07,0.623425594544108,0.823,0.652,0.00238438902265829,"3","Fibp"
1.37760056357419e-07,0.99244071232185,0.538,0.344,0.00270574526691607,"3","P4ha2"
1.39258595330227e-07,1.67354782314949,0.3,0.135,0.002735178070881,"3","Ablim1"
1.43588703071876e-07,0.660389079851226,0.838,0.709,0.00282022571703472,"3","Vcam1"
1.50213759343925e-07,1.06603245485312,0.569,0.378,0.00295034844727403,"3","Apol9b"
1.58392981665033e-07,0.465740477972703,0.954,0.924,0.00311099655288292,"3","Sdc4"
1.58728503107917e-07,0.368785943112663,1,0.979,0.0031175865295426,"3","Smdt1"
1.81828505665439e-07,0.43402200792092,0.977,0.906,0.00357129367977489,"3","Sf3b4"
1.84531389697381e-07,0.396272976981938,0.977,0.968,0.00362438102504625,"3","Dynll2"
1.84955365899111e-07,1.63449266261603,0.3,0.134,0.00363270834162444,"3","Gdpd5"
1.92043329474331e-07,0.86090742907503,0.6,0.388,0.00377192303420533,"3","Ap1ar"
2.04406229775529e-07,0.636594034034591,0.815,0.739,0.00401474275902116,"3","Ctnnbip1"
2.06343926175547e-07,0.46735940252755,0.954,0.908,0.00405280105401393,"3","Htra1"
2.07996513125158e-07,0.477123489747168,0.992,0.933,0.00408525951429124,"3","Mpc2"
2.09041053281752e-07,0.838968267499472,0.615,0.416,0.00410577532750689,"3","Cdc42se1"
2.28123995902264e-07,0.403421064417141,0.977,0.959,0.00448058340351636,"3","Lamtor2"
2.32054396695413e-07,0.515035818313819,0.8,0.687,0.00455778040549461,"3","Gstm1"
2.45101201332219e-07,1.25330246479375,0.5,0.316,0.00481403269536611,"3","Rgs10"
2.56050378169134e-07,0.463300248904464,0.954,0.894,0.00502908547761996,"3","Csde1"
2.56377218430762e-07,1.65046365378516,0.3,0.132,0.00503550494719859,"3","Cryl1"
2.57721456461604e-07,0.909223877931158,0.692,0.549,0.00506190712636236,"3","Tcim"
2.63879151408406e-07,0.93500219686448,0.538,0.326,0.00518285041281251,"3","Acadvl"
2.75863363510606e-07,1.67228599529141,0.277,0.115,0.00541823232271181,"3","Mlf1"
2.99556128936567e-07,0.799068606545392,0.746,0.614,0.0058835819284431,"3","Nes"
3.1302037736641e-07,0.852330473195004,0.731,0.567,0.00614803323185366,"3","Pmm1"
3.15850232416468e-07,0.504379533046569,0.938,0.902,0.00620361441489184,"3","Mcl1"
3.18155137394595e-07,0.427570380468131,0.977,0.949,0.00624888505356725,"3","Smc4"
3.18729479856285e-07,1.04584713890884,0.385,0.186,0.00626016571385729,"3","Ccdc80"
3.59689181215405e-07,0.35880312949999,0.992,0.964,0.00706465520825178,"3","Atp6v0c"
3.7102399216856e-07,0.318945147016482,0.992,0.989,0.00728728223018268,"3","Nol7"
4.14796573585618e-07,0.52219952551237,0.823,0.656,0.00814701950179512,"3","Ubac2"
4.21586759557852e-07,0.518617265641568,0.946,0.896,0.00828038554447577,"3","Sfxn1"
4.22198205738211e-07,1.14715428498303,0.469,0.287,0.00829239495890421,"3","Dock8"
4.38782354226157e-07,1.20246355378218,0.562,0.402,0.00861812421935595,"3","Hbegf"
4.73540327110055e-07,1.15912633716462,0.346,0.168,0.00930080556476859,"3","Asah2"
4.80898286550219e-07,0.503179476619095,0.877,0.799,0.00944532324613285,"3","Card19"
5.64491074991814e-07,0.415441485839085,0.954,0.951,0.0110871692039142,"3","Mrps21"
5.75226815079148e-07,0.337390507074099,1,0.972,0.0112980298749695,"3","Ube2m"
6.0369553692442e-07,0.926971807874348,0.554,0.39,0.0118571840407325,"3","Bltp1"
6.60337658200411e-07,1.25740039542834,0.323,0.152,0.0129696919447143,"3","Olfm1"
6.92201855639981e-07,0.629020841733205,0.808,0.652,0.0135955366466249,"3","H2-T22"
7.34079181836244e-07,0.386919226124866,0.992,0.98,0.0144180492104457,"3","Psme2"
7.40863420131519e-07,0.446733134254,0.938,0.877,0.0145512984348032,"3","Asap1"
7.52776370389154e-07,0.886460730356835,0.623,0.475,0.0147852806908134,"3","Pde7a"
7.71913081441937e-07,0.344662984187555,0.962,0.832,0.0151611448326011,"3","Isg15"
7.82324938330878e-07,0.666980332150247,0.792,0.676,0.0153656441137568,"3","Tgfbr2"
7.87529712589291e-07,0.682230510477473,0.769,0.612,0.0154678710849663,"3","Glmp"
8.57695730479267e-07,0.607562802509693,0.854,0.691,0.0168460018423433,"3","Ehd2"
8.65105140119115e-07,0.309133278670334,0.992,0.988,0.0169915300570795,"3","Tpm3"
8.73434642219798e-07,0.314180926302192,1,0.991,0.0171551298078391,"3","Edf1"
8.73477414939526e-07,0.912584959332729,0.862,0.755,0.0171559699068272,"3","Ccn1"
9.51690762106714e-07,0.713005804289954,0.715,0.582,0.018692158258538,"3","Notch2"
9.89019533365431e-07,0.889268815558027,0.592,0.439,0.0194253326548304,"3","Kdelr3"
9.96389743638632e-07,1.5736470249479,0.262,0.114,0.0195700909548064,"3","1190005I06Rik"
1.0842845717107e-06,0.520565667679663,0.869,0.737,0.0212964332729699,"3","Efemp2"
1.31886067195375e-06,0.405824601360192,0.977,0.913,0.0259037424578436,"3","Gmnn"
1.33711415105409e-06,0.77510016724838,0.723,0.594,0.0262622590408535,"3","Prss23"
1.3995700170007e-06,0.478650034010024,0.938,0.9,0.0274889547039107,"3","Naa38"
1.42112097615242e-06,0.394822361081725,0.985,0.944,0.0279122370926097,"3","Ccnd1"
1.58013972900767e-06,0.535079831468099,0.808,0.707,0.0310355244174397,"3","Ccdc107"
1.59912140322754e-06,0.494933568469167,0.969,0.88,0.0314083434807922,"3","Ccna2"
1.73156810716233e-06,0.503206534506841,1,0.943,0.0340097291927752,"3","Jund"
1.75389338822407e-06,0.768966936693921,0.569,0.372,0.0344482200381089,"3","Ppp1r35"
2.11732704975946e-06,0.422959051983714,0.931,0.869,0.0415864205843255,"3","Msln"
2.15048825029333e-06,0.423601965080638,0.969,0.953,0.0422377397240113,"3","Siva1"
2.16259461346058e-06,0.508236902769343,0.946,0.929,0.0424755208029793,"3","Papss1"
2.20035691854965e-06,0.574713811557321,0.792,0.741,0.0432172102372338,"3","Plgrkt"
2.26560307315905e-06,0.707517385083122,0.708,0.543,0.0444987099599168,"3","Rab13"
2.29429993442858e-06,0.664034625673121,0.746,0.622,0.0450623450121118,"3","2410004B18Rik"
2.40725202957745e-06,0.351136433957441,0.962,0.928,0.0472808371129307,"3","Cdc37"
2.41350358084189e-06,0.255634678129229,1,0.997,0.0474036238313156,"3","Gpx4"
2.50237135114174e-06,0.867851446064689,0.569,0.398,0.049149075707775,"3","Ecm1"
2.82543692679325e-06,0.533478821707383,0.892,0.81,0.0554944066791462,"3","Ndufv1"
3.34050172294627e-06,0.449495360830521,0.877,0.787,0.0656107943403877,"3","Pmepa1"
3.60829574189537e-06,0.424214126539445,0.962,0.93,0.070870536666567,"3","Cnn3"
3.72515574695642e-06,0.616278260586802,0.731,0.619,0.0731657840259711,"3","Mtfr1"
3.75782778197877e-06,1.00468994478004,0.469,0.317,0.0738074954658451,"3","Shisa4"
4.24962228219283e-06,0.453304868557017,0.969,0.908,0.0834668312445493,"3","Higd1a"
4.44995917855156e-06,0.949073322778734,0.554,0.39,0.0874016482259311,"3","H2ac6"
4.46836315048097e-06,0.836800935203335,0.538,0.377,0.0877631206385967,"3","4933434E20Rik"
4.56570145492288e-06,1.43461765354797,0.269,0.123,0.0896749422761403,"3","Fosb"
4.96797394193581e-06,0.498014660560455,0.877,0.763,0.0975759761935612,"3","Dhfr"
4.97473623112608e-06,0.453103680308958,0.885,0.881,0.0977087943155474,"3","Tmem147"
5.14113843836366e-06,0.562705774315219,0.785,0.701,0.100977100067901,"3","Coq7"
5.18124423170101e-06,0.726396199893512,0.708,0.564,0.101764817954839,"3","Cdkn3"
5.42041533775074e-06,0.278433875861167,1,0.985,0.106462377648762,"3","Ubxn1"
5.50787069610277e-06,1.2016512490398,0.5,0.357,0.108180088342154,"3","Sgms2"
5.74412337184524e-06,1.04773616389261,0.523,0.364,0.112820327146412,"3","Myo18a"
5.91409215434123e-06,0.584330697023614,0.9,0.805,0.116158684003416,"3","Gtf2b"
6.04523549461701e-06,1.0909171876925,0.508,0.349,0.118734470349773,"3","Klhdc8a"
6.37472469171307e-06,0.520894285683203,0.815,0.705,0.125205967669936,"3","Efr3a"
6.71000486797169e-06,0.296778870442743,0.992,0.977,0.131791205611832,"3","Polr2f"
6.80781667137535e-06,1.12739713728193,0.431,0.267,0.133712327242483,"3","Il11ra1"
6.86627675609663e-06,0.536273992244384,0.792,0.679,0.134860541766494,"3","Tm2d3"
7.21551835184705e-06,0.350812949513303,0.969,0.909,0.141719995948628,"3","Mrpl14"
7.4127704055793e-06,0.562367030232881,0.823,0.737,0.145594223535983,"3","Carnmt1"
7.77635641403658e-06,0.292726294210977,1,0.965,0.152735416328092,"3","Sf3b2"
8.22459138851698e-06,0.56813415690974,0.8,0.679,0.161539199461862,"3","Gnai3"
8.41439872736572e-06,0.529947337101001,0.585,0.384,0.16526720540419,"3","Irgm1"
8.58092228223479e-06,0.568545690908388,0.738,0.608,0.168537894545373,"3","Sec63"
1.02229374639166e-05,0.705618983136187,0.677,0.537,0.200788714728786,"3","Mrpl49"
1.03549741863183e-05,1.17607273136572,0.323,0.168,0.203382047993478,"3","Tlcd1"
1.03694573105146e-05,0.326192093515649,0.892,0.832,0.203666511035817,"3","Bola1"
1.03732994788149e-05,0.560123599723642,0.846,0.734,0.203741975063403,"3","H4c9"
1.05812499595096e-05,0.50214937276347,0.746,0.599,0.207826330454728,"3","Arid4b"
1.11160734028307e-05,0.765386428006575,0.677,0.508,0.218330797704998,"3","Bbln"
1.11487362550583e-05,0.679824800577435,0.715,0.591,0.2189723287856,"3","Plk4"
1.12521451496586e-05,0.314332048282588,0.985,0.976,0.221003382884444,"3","Pdcd5"
1.16999827051623e-05,0.415951011129378,0.946,0.874,0.229799360312092,"3","Rtn3"
1.31674262795507e-05,1.12814063301464,0.338,0.193,0.258621419556655,"3","Gm2a"
1.36528931154313e-05,0.812160861203783,0.277,0.127,0.268156473680186,"3","Gsta4"
1.4218237931265e-05,1.27237660617986,0.269,0.132,0.279260411207976,"3","Cela1"
1.42856394236974e-05,0.565239035799795,0.808,0.723,0.280584243920841,"3","Sh3d19"
1.43506241118428e-05,1.07240237416699,0.423,0.27,0.281860608180705,"3","Sqor"
1.44223348882141e-05,0.753004109029186,0.715,0.571,0.283269079539412,"3","Gde1"
1.55782935956792e-05,0.410438169212836,0.946,0.894,0.305973264512735,"3","Pdcd10"
1.55949756768239e-05,0.867682671390007,0.469,0.317,0.306300917268498,"3","Tst"
1.61349600259061e-05,0.576552113469158,0.785,0.71,0.316906749868822,"3","Rpf1"
1.62015910485722e-05,0.364987281902212,0.915,0.897,0.318215449785006,"3","Micos13"
1.66176192190881e-05,0.341693973417436,0.962,0.945,0.32638665908211,"3","Ndufa11"
1.66409663810213e-05,0.575785693777507,0.815,0.737,0.32684522068964,"3","Mrps12"
1.73091733752036e-05,0.466972988485696,0.854,0.751,0.339969474262375,"3","Nudcd3"
1.78110854091775e-05,0.841953128076579,0.492,0.334,0.349827528521655,"3","Mfn1"
1.83816451772456e-05,0.314456650092435,0.992,0.972,0.36103389292628,"3","Adh5"
1.88219631664524e-05,0.760184835717232,0.6,0.452,0.369682178552291,"3","Dmwd"
2.0009360728443e-05,0.465435713056547,0.946,0.889,0.393003854067349,"3","Mrpl17"
2.03052673954398e-05,0.556516573535505,0.815,0.741,0.398815756913832,"3","Creld2"
2.07199875244606e-05,0.27190635118888,0.977,0.943,0.40696127496793,"3","Tpm2"
2.12226701230166e-05,0.261672431369087,1,0.999,0.416834463886169,"3","B2m"
2.12731811063133e-05,1.25323058912983,0.431,0.291,0.417826550109099,"3","Insig1"
2.12889137907649e-05,0.385855278490748,0.9,0.882,0.418135555764413,"3","Trappc2l"
2.1288975711924e-05,0.878379277155777,0.677,0.539,0.418136771957899,"3","Cp"
2.17954759075214e-05,0.672245112950981,0.915,0.833,0.428084942299629,"3","Msmo1"
2.1929529908755e-05,0.403453698460374,0.931,0.884,0.430717896937858,"3","Gask1b"
2.2039708876406e-05,0.404493990667471,0.962,0.918,0.432881922041491,"3","Anp32e"
2.29352209674687e-05,0.599291119500162,0.654,0.525,0.450470675022052,"3","Dpcd"
2.36758961923786e-05,0.498292657728271,0.762,0.686,0.465018277114507,"3","Rab24"
2.40065098923893e-05,0.357421640821888,0.938,0.933,0.471511860796418,"3","Polr2k"
2.45220660913098e-05,0.633121910983132,0.723,0.622,0.481637900099415,"3","Pttg1"
2.50132867498544e-05,0.712501357150904,0.615,0.493,0.49128596505389,"3","Hs2st1"
2.50566990356672e-05,0.940795104758382,0.654,0.516,0.49213862575954,"3","D17H6S56E-5"
2.51852585943196e-05,1.15415914010281,0.315,0.174,0.494663664051031,"3","Shc1"
2.57946678821637e-05,0.521517788942987,0.754,0.576,0.506633071873577,"3","Ccn4"
2.58825526878265e-05,0.447052723811055,0.838,0.745,0.5083592173416,"3","Ifi35"
2.76700441679424e-05,0.504778146017154,0.723,0.561,0.543467337502556,"3","Gsdmd"
2.78789490417686e-05,0.88750258998892,0.469,0.328,0.547570438129378,"3","Ssx2ip"
2.85957753844927e-05,0.264788398273254,1,0.985,0.561649624326821,"3","Ostc"
2.88543505714152e-05,0.454797574105192,0.908,0.841,0.566728299573165,"3","Nexn"
3.19424687858642e-05,0.372265083333531,0.9,0.869,0.627382029423158,"3","Nxn"
3.27090081059499e-05,0.492027057025936,0.762,0.667,0.642437628208963,"3","Timm17b"
3.2912748314081e-05,0.583230997318215,0.815,0.789,0.646439289636864,"3","Slc50a1"
3.34483295352447e-05,0.8507376609229,0.423,0.269,0.656958640401742,"3","St3gal5"
3.3865667055868e-05,0.324550208229954,0.962,0.953,0.665155566644303,"3","Mrpl54"
3.55995010585475e-05,0.440188284986434,0.862,0.826,0.699209800290932,"3","Ssbp4"
3.57876036258516e-05,0.452593938170805,0.792,0.755,0.702904322815351,"3","Arl2"
3.72843749888717e-05,0.278135240092948,0.985,0.975,0.73230240915643,"3","Nmt1"
3.75739514620175e-05,0.491020066109625,0.808,0.69,0.737989980665485,"3","Pigp"
3.75807012916674e-05,0.314768389029836,0.969,0.902,0.738122554069639,"3","Selenom"
3.88972096063817e-05,0.313293939339673,0.992,0.981,0.763980093878943,"3","Psme1"
3.91547734214483e-05,1.12354163962179,0.254,0.122,0.769038904770667,"3","H4c14"
3.92548294222396e-05,0.418534211422151,0.8,0.65,0.771004104682208,"3","Copz2"
3.97545635664481e-05,0.607150351484217,0.708,0.582,0.780819383008608,"3","Il34"
4.01922252767579e-05,0.536579520641104,0.531,0.357,0.789415496660802,"3","Igtp"
4.09371587272476e-05,0.615523584760095,0.662,0.548,0.80404673456187,"3","Cda"
4.19998202669037e-05,0.964275283622472,0.369,0.215,0.824918469862255,"3","E130311K13Rik"
4.37045103790166e-05,1.23206729987102,0.254,0.124,0.858400288354264,"3","Ift80"
4.80652621661512e-05,0.561544334313698,0.7,0.6,0.944049814205375,"3","Spart"
4.98535087442214e-05,0.361112663642188,0.931,0.918,0.979172765245252,"3","Serp1"
5.27986804574723e-05,0.44330723765179,0.762,0.65,1,"3","Blvra"
5.32161944527734e-05,0.432588122562837,0.862,0.822,1,"3","Txndc15"
5.43082739378907e-05,0.553056798184902,0.762,0.639,1,"3","Rfxap"
5.64402936702705e-05,0.438060884715875,0.808,0.68,1,"3","Xaf1"
5.66196278733541e-05,0.528793187282394,0.831,0.757,1,"3","Gpatch4"
5.69487666528319e-05,1.15411302971862,0.269,0.136,1,"3","Tkfc"
5.93660174519453e-05,0.480925163504555,0.862,0.781,1,"3","H2ax"
6.18354720002891e-05,1.1382884064789,0.285,0.146,1,"3","Podnl1"
6.30429665292382e-05,0.670286193574588,0.638,0.487,1,"3","Hmgcs1"
6.40171336820796e-05,0.403948360123866,0.931,0.885,1,"3","Cd47"
6.47731477782974e-05,0.335643104076354,0.931,0.898,1,"3","Ilf2"
6.48569315435073e-05,0.442482844304989,0.862,0.789,1,"3","Selenot"
6.79706016955659e-05,0.491592204678274,0.785,0.691,1,"3","Ebp"
7.20729513424616e-05,0.916169257520746,0.531,0.426,1,"3","Tnip1"
7.3549604209748e-05,0.624932356457777,0.662,0.531,1,"3","Vps13a"
7.42688959263545e-05,0.417533499702451,0.869,0.803,1,"3","Polr2g"
8.00192089221784e-05,0.505986287484986,0.823,0.717,1,"3","Rfc4"
8.04352233798433e-05,0.290698587687121,0.946,0.94,1,"3","Ift20"
8.15996819223449e-05,0.406739642750792,0.862,0.799,1,"3","Myh9"
8.25776227328958e-05,0.82742755710444,0.508,0.358,1,"3","Dennd5a"
9.22348810798522e-05,0.681104516287308,0.538,0.405,1,"3","Xrcc1"
9.27547240191751e-05,0.488524186518397,0.9,0.826,1,"3","Gmps"
0.000104450215790402,0.305166689971901,0.931,0.912,1,"3","Guk1"
0.000105053141662463,1.04577807006279,0.331,0.194,1,"3","Arhgap19"
0.00010518862010924,0.455431831962546,0.762,0.651,1,"3","Zfp771"
0.000105850953910548,0.95314859365599,0.362,0.225,1,"3","Inpp4a"
0.000106865441641993,0.61832038539277,0.623,0.509,1,"3","Tbcc"
0.000107794763171059,0.920646150784134,0.462,0.321,1,"3","ENSMUSG00000139920"
0.000108298079816693,0.61885613207945,0.638,0.513,1,"3","Cpd"
0.000111596279572908,0.672222451538826,0.669,0.571,1,"3","Akip1"
0.000112959540436531,0.888940271896086,0.392,0.255,1,"3","Mknk2"
0.000115247979900353,0.847621111057983,0.562,0.444,1,"3","Palld"
0.000116334031478204,0.377597297097477,0.915,0.878,1,"3","Ndufs8"
0.000119389430522057,0.917635759978447,0.462,0.342,1,"3","Sh3bp4"
0.000119449612633425,0.362229283833189,0.915,0.877,1,"3","Ap2s1"
0.000126540775952035,0.738310644272349,0.562,0.439,1,"3","Mcur1"
0.000126849888245221,1.00012623444739,0.3,0.171,1,"3","Rps6kb2"
0.000129150959408942,0.296329207454258,0.977,0.947,1,"3","Atxn10"
0.000129448146589995,0.378827359027808,0.892,0.828,1,"3","Alg5"
0.000133887780146133,0.439751803070977,0.877,0.795,1,"3","Pop5"
0.000139896036266213,0.430709502752672,0.777,0.654,1,"3","Yif1a"
0.000140682367091172,0.316969732895692,0.908,0.868,1,"3","Cltb"
0.000140816893283519,0.337392329492441,0.938,0.901,1,"3","Ccdc124"
0.000144740486614044,0.661163855572135,0.554,0.444,1,"3","Tmem9b"
0.000148015132452477,1.17655126712732,0.315,0.183,1,"3","Gng2"
0.000149134419731143,0.618461314241262,0.662,0.547,1,"3","Scnm1"
0.000152858789495105,0.355322917968427,0.962,0.943,1,"3","Ubap2l"
0.000155764395975906,0.450580199914708,0.8,0.726,1,"3","Timm22"
0.000156238426124209,0.488478219654221,0.731,0.614,1,"3","Srebf2"
0.000161807788333508,0.300830463739694,0.969,0.951,1,"3","Ndufs4"
0.000162442081607766,0.259120961097547,0.985,0.952,1,"3","Rwdd1"
0.000165894653590389,0.442915878162629,0.831,0.789,1,"3","Chmp2a"
0.000167690080922725,0.276467994599738,0.731,0.587,1,"3","Ogn"
0.000182366286158022,0.606853044721698,0.546,0.413,1,"3","Cdkn2c"
0.000187579109976455,0.745309282096077,0.531,0.401,1,"3","Pik3ca"
0.000193604470203828,0.579673852996552,0.685,0.588,1,"3","Pcbd2"
0.000208140513314569,0.49079403767697,0.715,0.591,1,"3","Epn2"
0.000210610172541469,0.645424823235777,0.592,0.464,1,"3","F2rl1"
0.000227709654824348,0.74935624876421,0.423,0.275,1,"3","Inpp5f"
0.000228096559890156,0.377481353550138,0.877,0.861,1,"3","Ninj1"
0.000228205463322184,0.689515517282471,0.577,0.467,1,"3","1810055G02Rik"
0.00023091449519925,1.08508064898515,0.277,0.154,1,"3","Olfml3"
0.000233019412593615,0.324987670840463,0.885,0.888,1,"3","Mrpl36"
0.000236518755801469,0.675535661417144,0.608,0.491,1,"3","Mad2l2"
0.00024229145303093,0.544629495996845,0.585,0.426,1,"3","Fra10ac1"
0.000242678355774199,0.693562222564517,0.538,0.389,1,"3","Xpa"
0.000244801729364962,1.06614472374743,0.331,0.205,1,"3","Cep89"
0.000245602699602715,0.679402826310506,0.569,0.434,1,"3","Dynlt2b"
0.000250664330148187,0.63169507340435,0.623,0.52,1,"3","Abhd17b"
0.000250995464303558,0.575786981400546,0.631,0.492,1,"3","Apoo"
0.000252076098009687,0.843684485341293,0.408,0.278,1,"3","Hacd3"
0.000256084402122265,0.499008787382892,0.746,0.689,1,"3","Mrpl9"
0.000259372815462157,0.470589629583911,0.769,0.66,1,"3","Rpp30"
0.000263364914668096,0.481527882580162,0.885,0.809,1,"3","Ube2q1"
0.000263543280128016,0.746710686056253,0.554,0.432,1,"3","Lgmn"
0.000265969348112503,0.624772246214627,0.662,0.566,1,"3","Wnt7b"
0.000269239499685484,0.594092501227834,0.631,0.535,1,"3","Creg1"
0.000272361093762594,1.16644824212236,0.262,0.142,1,"3","Tsc1"
0.000275053193313532,0.271271294030318,0.977,0.972,1,"3","Pfdn1"
0.000283432454682026,0.555497807974228,0.7,0.599,1,"3","Dag1"
0.000290976146536495,0.436961430553629,0.8,0.762,1,"3","Etfa"
0.000291549238762702,0.473559663542661,0.869,0.86,1,"3","Tnfrsf12a"
0.00030238797969072,0.452854225929222,0.854,0.729,1,"3","Mki67"
0.000303315068921279,0.252310775344715,0.962,0.971,1,"3","Ssr3"
0.000307647118238844,0.424480013737139,0.808,0.727,1,"3","Mycbp2"
0.000331664451632265,0.811570324918327,0.477,0.354,1,"3","Tap1"
0.00033536651940236,0.380073682522471,0.877,0.793,1,"3","Prkcsh"
0.000338092718888879,0.661860539982184,0.5,0.365,1,"3","Ankrd13c"
0.000339735735536139,0.340908150831824,0.869,0.836,1,"3","Actn4"
0.000343157945573565,0.377195074749487,0.862,0.811,1,"3","Hdac1"
0.000344941663754018,0.315923178886234,0.885,0.832,1,"3","Htatip2"
0.000351009399746809,0.413729859602648,0.862,0.833,1,"3","Hikeshi"
0.000357683727637907,0.461733229926509,0.508,0.352,1,"3","Irf7"
0.000362146909101213,0.35822299033229,0.938,0.893,1,"3","Coa3"
0.00036427960970371,0.82446399245305,0.646,0.523,1,"3","Hes1"
0.00037632167779857,0.420581392585051,0.823,0.754,1,"3","Armc1"
0.000382818541480288,0.659703909907644,0.638,0.525,1,"3","Fnbp1l"
0.00038555478276237,0.375045914216991,0.923,0.861,1,"3","Rbis"
0.000392406621168374,0.557498727290535,0.746,0.691,1,"3","Gchfr"
0.000399505539678495,0.794225364887482,0.523,0.401,1,"3","Impdh1"
0.000404457795990988,0.393868172641981,0.908,0.841,1,"3","Mrpl11"
0.000414743829609392,0.352851685322672,0.831,0.806,1,"3","Lgals9"
0.000432458323525826,0.336405940055573,0.915,0.892,1,"3","Mrpl43"
0.000436693923302114,0.695693440768038,0.515,0.37,1,"3","Cxcl16"
0.000448423152558625,0.506576311035352,0.623,0.487,1,"3","Slc16a1"
0.000450739620933494,0.336856842816509,0.869,0.828,1,"3","Cenpv"
0.000458851807456246,0.321738672463373,0.931,0.889,1,"3","Lhfpl6"
0.000471539865373404,0.30424276888015,0.877,0.841,1,"3","Pnp"
0.000478447408269074,0.432517460324662,0.8,0.799,1,"3","Tead1"
0.000481645595441732,0.660482914095942,0.546,0.43,1,"3","Rhod"
0.000488659933956963,0.569751258234198,0.585,0.479,1,"3","Polr2l"
0.000507127721846229,0.50502916470169,0.738,0.636,1,"3","Bop1"
0.000509284208447135,0.625661163856854,0.577,0.443,1,"3","Arhgdig"
0.000523137928982985,0.451262648715028,0.854,0.77,1,"3","Svbp"
0.000524580995435495,0.507679153303498,0.662,0.583,1,"3","Ankra2"
0.00053188713268044,0.80203309627983,0.377,0.247,1,"3","Hes6"
0.000532204410913659,0.333579680078768,0.923,0.918,1,"3","Psmc4"
0.000546525143318767,0.445650324544055,0.815,0.739,1,"3","Rpap3"
0.000547670514806406,0.777809191103131,0.523,0.44,1,"3","Tmem65"
0.000553235772356181,0.391861605885425,0.877,0.769,1,"3","Epb41l2"
0.000556782595262771,0.297693540863524,0.923,0.897,1,"3","Ndufaf2"
0.000561496837318531,0.3513124882477,0.892,0.828,1,"3","Anapc13"
0.000570661621807337,0.389724999213002,0.823,0.799,1,"3","Polr2i"
0.000574806799197698,0.685413525079296,0.431,0.313,1,"3","Zzef1"
0.000577048446744713,0.367921561188448,0.862,0.773,1,"3","Dnajb6"
0.000583725288916406,0.358224111212602,0.877,0.75,1,"3","Aopep"
0.000590758831996141,0.480627108526221,0.692,0.579,1,"3","Gnb4"
0.00059214268809416,0.274910730621804,0.992,0.976,1,"3","Ndufb11"
0.000595379960333112,0.646769484058704,0.569,0.447,1,"3","Swap70"
0.000606265090180502,1.02411860820814,0.3,0.182,1,"3","Gm56741"
0.000617591719757062,0.537538866046229,0.723,0.64,1,"3","Csrp1"
0.000623319335629116,0.924957000361771,0.269,0.155,1,"3","Hook2"
0.000645849228184653,0.341316802279641,0.862,0.761,1,"3","Ostf1"
0.000652366284452066,0.2671942941509,0.923,0.928,1,"3","Tbcb"
0.00067739901179977,0.527145848708694,0.6,0.483,1,"3","Cenps"
0.000684623362388355,0.358040903346581,0.908,0.841,1,"3","Tspan3"
0.000695528163431283,0.321002191171843,0.908,0.926,1,"3","Gkap1"
0.00070004309734296,0.728482230844713,0.446,0.326,1,"3","Sipa1"
0.000714876596449601,0.473219969654094,0.746,0.674,1,"3","Ide"
0.000716503157146805,0.449917963419849,0.669,0.54,1,"3","Hypk"
0.000731156374447685,0.703845516772864,0.538,0.43,1,"3","Abcd3"
0.00073406320981539,0.4805197761599,0.692,0.619,1,"3","Rnf115"
0.000738374436208809,0.300403255761588,0.938,0.912,1,"3","Ndufs5"
0.00073989866954414,0.511288804234279,0.654,0.539,1,"3","Haus1"
0.000741931939360825,0.852264961299078,0.385,0.267,1,"3","Rgs3"
0.000745224942345904,0.550903457364458,0.685,0.63,1,"3","Mast4"
0.000747194450148373,0.706763881716434,0.377,0.249,1,"3","Taf2"
0.000749474133045006,0.900122317344548,0.362,0.249,1,"3","Bhlhe40"
0.000757691681185065,1.18068598540688,0.262,0.154,1,"3","Lrba"
0.000758147313277429,0.582601951178591,0.538,0.412,1,"3","Ezh2"
0.000760245894906166,1.01267939104732,0.315,0.203,1,"3","Paxx"
0.000770293908973727,0.912441457614826,0.377,0.257,1,"3","Tjp2"
0.00078640945498767,0.405573146984134,0.8,0.742,1,"3","Clint1"
0.000806617920841616,0.279825202160963,0.992,0.943,1,"3","Taf10"
0.000818707999340478,0.337968825309593,0.854,0.785,1,"3","Prpf19"
0.000820682269226517,0.328526489988082,0.938,0.858,1,"3","Tmem97"
0.000821441857842639,0.480862713720699,0.685,0.56,1,"3","Ddah1"
0.000827319300399468,0.380113888664599,0.815,0.761,1,"3","Trappc3"
0.0008335575128964,0.542649569129492,0.646,0.6,1,"3","Tjp1"
0.000857890345732458,0.432344264945303,0.808,0.743,1,"3","Scpep1"
0.000863418145427099,0.483707476572521,0.731,0.642,1,"3","Bloc1s2"
0.000872609883204485,0.926979478721174,0.346,0.23,1,"3","Spire1"
0.000884531374393108,0.666211574616043,0.462,0.344,1,"3","Nudt14"
0.000896209467332747,0.494808003767485,0.738,0.709,1,"3","Vps72"
0.000911867549982889,0.454624377495676,0.785,0.702,1,"3","Trabd"
0.000914185322976787,0.856757647089469,0.346,0.223,1,"3","G930009F23Rik"
0.000914704227302148,0.688944860269128,0.554,0.476,1,"3","Mvk"
0.000919937861871917,0.515181253205864,0.785,0.715,1,"3","Mtx1"
0.000926986507758842,0.563167982455241,0.538,0.437,1,"3","Kdm2a"
0.00093270545996876,0.877062681771198,0.369,0.259,1,"3","Mtf1"
0.00093391330339084,0.777273495569818,0.477,0.386,1,"3","Tubgcp2"
0.000938349448562024,0.527838625574609,0.585,0.5,1,"3","Wdr3"
0.000975735712458278,0.35360079759378,0.923,0.86,1,"3","G3bp2"
0.000988931921426572,0.486097556445062,0.623,0.527,1,"3","Tmem37"
0.00100774777791621,0.588124163884705,0.615,0.524,1,"3","Ebpl"
0.00100822126699889,0.373262348021032,0.831,0.781,1,"3","Cdkn2aipnl"
0.00104086412095245,0.529308128786199,0.669,0.579,1,"3","Med31"
0.00106735212125699,1.02165715325608,0.354,0.231,1,"3","Id3"
0.00108624274405564,0.322787570438791,0.869,0.763,1,"3","Snap47"
0.00113670207090718,0.570540277728499,0.538,0.417,1,"3","Frmd6"
0.00116492867248897,0.539899236186258,0.585,0.455,1,"3","Stk3"
0.00116762947494509,0.334187717885615,0.908,0.913,1,"3","Psmg4"
0.00116885245892497,0.419008672633333,0.746,0.675,1,"3","Tmem109"
0.00119742801124196,0.537826919341115,0.646,0.552,1,"3","Gps2"
0.00121179449639952,0.41124800617177,0.938,0.872,1,"3","Cryab"
0.00121731738921309,1.12266055763401,0.254,0.147,1,"3","Cxcl1"
0.001223228574419,0.307468559415059,0.9,0.857,1,"3","Dgcr6"
0.00123014555282732,0.668982504564057,0.515,0.405,1,"3","Ctr9"
0.00124241726455407,1.02836059078854,0.292,0.189,1,"3","Tmem218"
0.00124331487805746,0.657980178695507,0.385,0.262,1,"3","Bcar3"
0.00124772151893622,0.472204735136182,0.677,0.59,1,"3","Cops3"
0.00126407866013259,0.275156307254038,0.885,0.882,1,"3","Nsmce4a"
0.00128414179797877,0.608354865787066,0.538,0.436,1,"3","Stx18"
0.00129299305848791,0.443686515242159,0.677,0.579,1,"3","Mkrn1"
0.00129831693298021,0.796228359487693,0.415,0.295,1,"3","Cnp"
0.00134722167229617,0.515125087072555,0.677,0.575,1,"3","Pigk"
0.00135284538880702,0.289652898668871,0.854,0.771,1,"3","Pold2"
0.00136043133757617,0.867141989823598,0.385,0.281,1,"3","Chd1l"
0.00136473045343377,1.12224793361444,0.277,0.178,1,"3","Cd248"
0.00136641910934587,0.293198776162369,0.938,0.909,1,"3","Pdlim2"
0.00136942167306856,0.557609650639491,0.6,0.512,1,"3","Pcdh18"
0.00138446737781452,0.630394535691641,0.523,0.425,1,"3","ENSMUSG00000135315"
0.00138726831944646,0.959490276331743,0.269,0.166,1,"3","Ece1"
0.0013873062379885,0.595081680353086,0.6,0.507,1,"3","Bcar1"
0.00139229502034578,0.775789139053785,0.338,0.223,1,"3","Pex16"
0.00143390666129135,0.335262941904402,0.885,0.841,1,"3","Rtca"
0.00144930078490463,0.909997908988609,0.285,0.171,1,"3","Efcab11"
0.00145860191089324,1.02157025531879,0.269,0.164,1,"3","Rap1gap2"
0.0014751002755586,0.578800140838546,0.469,0.346,1,"3","Stxbp3"
0.00150283597574737,0.443193227160828,0.754,0.658,1,"3","Sec22b"
0.00150592960275624,0.589447335505741,0.492,0.37,1,"3","Znrf3"
0.00151266019295729,0.644382807607501,0.346,0.222,1,"3","Ifi204"
0.00155228800165681,0.749583667985745,0.462,0.357,1,"3","Ift57"
0.00156980983985604,0.253754337016688,1,0.993,1,"3","Igfbp4"
0.00158577338113063,0.534988188009411,0.454,0.342,1,"3","Hexb"
0.0016132453125992,0.694581717506977,0.462,0.36,1,"3","Ttll12"
0.00163052809423072,0.495188141072568,0.638,0.571,1,"3","Gch1"
0.00163348260672548,0.442985402375997,0.731,0.69,1,"3","Vezf1"
0.00164234473982367,0.691589201901983,0.438,0.316,1,"3","Parp3"
0.00167795417641969,0.434522430985806,0.877,0.791,1,"3","Mrps23"
0.00170282067298791,0.346417758042803,0.885,0.822,1,"3","Ugdh"
0.00170555196939601,0.405782851741695,0.731,0.652,1,"3","Hagh"
0.00173207238106348,0.85862168043021,0.754,0.684,1,"3","Gadd45g"
0.00174433442930244,0.812696455299497,0.415,0.322,1,"3","Nf2"
0.00177890614999162,0.815643602896908,0.415,0.298,1,"3","St7l"
0.00178923690675422,0.465891760423862,0.608,0.52,1,"3","Rab1b"
0.00182909380047724,0.834577516639729,0.315,0.205,1,"3","Polk"
0.00183169257847351,0.729999516232837,0.446,0.345,1,"3","Usp25"
0.00184331830534865,0.671339426934111,0.369,0.245,1,"3","Nek10"
0.00185695190452164,0.604213595250301,0.454,0.33,1,"3","Ampd2"
0.00186129905351028,0.792404374019176,0.362,0.251,1,"3","Lpcat4"
0.00186248483519483,0.585949273524978,0.6,0.509,1,"3","Cog8"
0.00186874871867375,0.911759403643733,0.285,0.183,1,"3","Qrsl1"
0.00192961881834552,0.714096551534924,0.462,0.358,1,"3","Prcc"
0.00201438621952261,0.702290754059312,0.454,0.348,1,"3","Pawr"
0.00202777012210589,0.639661377884848,0.485,0.384,1,"3","Rfk"
0.00210354635353362,0.490053132653666,0.615,0.524,1,"3","Ugp2"
0.00212465604478467,0.309377773616551,0.823,0.731,1,"3","Nipbl"
0.00212810064210343,0.917039120645782,0.377,0.275,1,"3","Gm17501"
0.00215836510396675,0.435943213549593,0.5,0.358,1,"3","Myh10"
0.00216617009455073,0.672795988707574,0.508,0.402,1,"3","H1f3"
0.00218692990957737,0.373466720891132,0.815,0.725,1,"3","Wdr33"
0.00221388612533742,0.285052105257313,0.969,0.872,1,"3","Hells"
0.00222361226839069,0.333521355963879,0.762,0.668,1,"3","Pla2g12a"
0.00223162555004682,0.352746078221989,0.815,0.781,1,"3","Eif2a"
0.00224104277100809,1.14905377411172,0.262,0.17,1,"3","Esrra"
0.00226174362697563,0.517194918382816,0.523,0.443,1,"3","Auh"
0.00231064687405099,0.810637590244907,0.331,0.227,1,"3","Eid2"
0.00234150988321779,0.322045148874216,0.8,0.734,1,"3","Zcchc17"
0.00237024110802034,0.67782742024651,0.508,0.406,1,"3","Usp22"
0.00238798137232906,0.820192755108515,0.3,0.199,1,"3","Bcl9"
0.00248303888925811,0.477581900402255,0.631,0.536,1,"3","Elf2"
0.00250031613383447,0.578419152915331,0.485,0.37,1,"3","Ate1"
0.00250966907633828,0.483227816278459,0.708,0.635,1,"3","Abhd8"
0.00251769678183759,0.386443006205077,0.792,0.719,1,"3","Ccnh"
0.00252810107374264,0.352393440060393,0.862,0.794,1,"3","Gmds"
0.00256809708705386,0.680039717669921,0.508,0.4,1,"3","Eri3"
0.00259279415149023,0.690785357295198,0.462,0.369,1,"3","Isca2"
0.00261358370058108,0.435642432967482,0.692,0.62,1,"3","Hdac2"
0.0026399228981495,0.332471679898947,0.754,0.727,1,"3","Rras"
0.00265474284831683,0.533127958944933,0.5,0.416,1,"3","Atp11b"
0.00267793031805303,0.9877812031849,0.3,0.202,1,"3","Rnf141"
0.00268409562618734,0.283774580281511,0.862,0.789,1,"3","Pdlim7"
0.00272680714527912,0.624003635226377,0.508,0.433,1,"3","Sac3d1"
0.00274312477858374,1.09480492980959,0.269,0.175,1,"3","Qsox2"
0.00284433809972345,0.770740725850155,0.431,0.332,1,"3","Tmem101"
0.00289895646608573,0.31216178123906,0.854,0.833,1,"3","Hadh"
0.00293319551841437,0.623194573358903,0.546,0.436,1,"3","Afg2a"
0.00293931713230197,0.553910618961491,0.538,0.425,1,"3","Vcl"
0.00294297784209208,0.336601289051342,0.654,0.582,1,"3","Slc35b2"
0.00294526242604525,0.252703458446187,0.985,0.971,1,"3","Dpm3"
0.00296225033165988,0.510878045187617,0.408,0.293,1,"3","Prnp"
0.00297680560317039,0.966542740406438,0.292,0.195,1,"3","Gramd4"
0.00297688917029485,0.318317269222421,0.823,0.734,1,"3","Luzp1"
0.00298314450661373,0.492920454423142,0.6,0.507,1,"3","Plxnb2"
0.00307389160431858,0.931551260851846,0.285,0.179,1,"3","Cdkn1a"
0.00308138512349763,0.871228574988956,0.338,0.243,1,"3","Arhgap35"
0.00309111149982094,0.495754203813837,0.6,0.509,1,"3","Tns3"
0.00320912667824329,0.303061853743489,0.869,0.884,1,"3","Skp1"
0.00322673007246058,0.334995600970709,0.954,0.922,1,"3","Psmd3"
0.00323360550348184,0.369001873406744,0.862,0.85,1,"3","Znhit6"
0.00324725863181899,0.442318438640179,0.646,0.529,1,"3","Dis3"
0.00327321573193274,0.529855186698273,0.554,0.448,1,"3","Ctdspl"
0.00328427305688296,0.354240329979019,0.769,0.741,1,"3","Pak2"
0.00329238822547227,0.425474344409798,0.592,0.504,1,"3","Gm43362"
0.00333332927448396,0.455953197010701,0.7,0.622,1,"3","Ldlr"
0.00336849349058283,0.755089576831947,0.446,0.361,1,"3","Hint3"
0.00342144693411655,0.616599378080573,0.554,0.463,1,"3","Mrpl47"
0.00343481983446292,0.586195633761289,0.569,0.489,1,"3","Crlf3"
0.00345413805383363,0.507788352226234,0.546,0.449,1,"3","Tfrc"
0.00346729478052791,0.745666035060206,0.469,0.4,1,"3","Dcun1d1"
0.00347950403168509,0.460919064103646,0.577,0.491,1,"3","Med25"
0.00349240786606162,0.350458712365213,0.792,0.73,1,"3","Cenpk"
0.00349635919221584,1.01311683457173,0.262,0.168,1,"3","Clybl"
0.00352757148499864,0.522668526312886,0.446,0.337,1,"3","Wnt10a"
0.00353034465826184,0.406269298919686,0.769,0.715,1,"3","Ttc1"
0.00354888005208826,0.709444949354834,0.292,0.19,1,"3","Cep170b"
0.0035917948219573,0.593872928638223,0.508,0.433,1,"3","Prkacb"
0.0036186475184357,0.364896806150544,0.715,0.65,1,"3","Pex2"
0.00363163369154446,0.384327920137048,0.777,0.709,1,"3","Gyg1"
0.00365735261454547,0.251295856166546,0.954,0.933,1,"3","Rock2"
0.00371349790767084,0.299231068170641,0.877,0.842,1,"3","Use1"
0.00375884471482631,0.851269081313636,0.254,0.156,1,"3","Iqgap2"
0.00377473891289575,0.469687511862682,0.485,0.365,1,"3","Bphl"
0.00388655481607779,0.483968635531305,0.715,0.69,1,"3","Npepps"
0.00391009100726522,0.265335008758977,0.9,0.881,1,"3","Cebpz"
0.00398593072317714,0.776424716659953,0.323,0.213,1,"3","Baz2a"
0.00412441873825423,0.415688549494168,0.692,0.584,1,"3","Mfsd10"
0.00418523644623505,0.716311597939854,0.254,0.155,1,"3","Kptn"
0.00419456252364893,0.527624799727986,0.554,0.455,1,"3","Smc5"
0.00425732693444483,0.289430279240991,0.923,0.908,1,"3","Nfib"
0.00427647795111918,0.658029858825366,0.485,0.413,1,"3","H4c4"
0.00432922873317142,0.674191959550953,0.454,0.357,1,"3","Scrn2"
0.00436032094499349,0.54901991051529,0.5,0.414,1,"3","Stx7"
0.00439711786866485,0.40199044126991,0.708,0.631,1,"3","Cyp51"
0.00442576529139319,0.641995552319961,0.477,0.384,1,"3","Mthfsd"
0.00443490199015722,0.451522187318028,0.6,0.501,1,"3","Chka"
0.00449875993614091,0.347992290448058,0.885,0.825,1,"3","Cmc2"
0.00450680903322867,0.928182865321162,0.346,0.254,1,"3","Abcf3"
0.00462342534559739,0.581773243508179,0.508,0.428,1,"3","Bicd2"
0.00468150195969649,0.34315880925636,0.762,0.711,1,"3","Map2k3"
0.00468738801898134,0.652493475659164,0.508,0.413,1,"3","Siah2"
0.00484728171566916,0.70222444178733,0.377,0.277,1,"3","Kidins220"
0.00497402870103324,0.31780907458053,0.831,0.754,1,"3","Nt5c3b"
0.00497454435463384,0.815402577066256,0.377,0.281,1,"3","Ndufaf3"
0.00497484328984699,0.693689229310012,0.323,0.221,1,"3","Tmem216"
0.00497540711434662,0.618255821873977,0.415,0.318,1,"3","Rprd2"
0.00502320793707506,0.56817702428676,0.431,0.345,1,"3","Atp11a"
0.00503683292391847,0.509381776093947,0.515,0.424,1,"3","Diablo"
0.00508108917894673,0.452946239186298,0.723,0.664,1,"3","Ccdc86"
0.00514931501929103,0.374914422671311,0.654,0.559,1,"3","Nemf"
0.00515565690498839,0.289803196182034,0.877,0.845,1,"3","Ehd1"
0.00517182118848396,0.511679657951475,0.531,0.43,1,"3","Ap3d1"
0.0052659568001553,0.564853421922102,0.446,0.356,1,"3","Tgoln1"
0.00528363592704371,0.780983365064604,0.262,0.166,1,"3","Dtx2"
0.00535552468423709,0.567693014946185,0.354,0.255,1,"3","Wbp1"
0.00538194454033799,0.374651007633358,0.769,0.693,1,"3","Spc24"
0.00538996132480996,0.583425235837644,0.492,0.393,1,"3","Pold3"
0.00545806397854173,0.726681353824559,0.354,0.254,1,"3","Dgkh"
0.00546073298183258,0.369495790954777,0.7,0.647,1,"3","Pelp1"
0.0055277962668514,0.279029548254967,0.908,0.865,1,"3","Dnttip2"
0.00556777244702984,0.744083734154736,0.338,0.237,1,"3","Gbp3"
0.00563464778876182,0.600449693556776,0.469,0.385,1,"3","Pigbos1"
0.00566229603681629,0.781990003342805,0.354,0.27,1,"3","Traf3"
0.00567592625286892,0.518566147090973,0.469,0.369,1,"3","Sik3"
0.00567981234992015,1.09529484293991,0.254,0.167,1,"3","Gm56878"
0.00571143528196107,0.266996316896873,0.892,0.845,1,"3","Gar1"
0.00574694170401964,0.5986006715437,0.431,0.336,1,"3","Zng1"
0.00575358091492891,1.16514417909704,0.308,0.214,1,"3","Klf10"
0.00577437957423165,0.300946384140887,0.838,0.837,1,"3","Mrpl55"
0.00588177774298576,0.44612772682363,0.608,0.543,1,"3","Dhrs7b"
0.00590213812889967,0.712055932712719,0.285,0.183,1,"3","Cstf2t"
0.00592501443340334,0.58071615574985,0.423,0.333,1,"3","Smg1"
0.00601384097769226,0.602707001882427,0.531,0.447,1,"3","Crim1"
0.00601524592415349,1.0160154356361,0.254,0.168,1,"3","Kyat3"
0.00603609218804024,0.527573709659826,0.508,0.408,1,"3","Cnot3"
0.0060758797335603,0.600424163359121,0.338,0.229,1,"3","Samd9l"
0.00609379404741713,0.812439173816044,0.262,0.174,1,"3","Tnfrsf10b"
0.00613511553120831,0.544368252525054,0.508,0.412,1,"3","Atg5"
0.00615032443283485,0.574732026288925,0.438,0.334,1,"3","Btbd2"
0.00615300913522279,0.644410036023247,0.454,0.36,1,"3","Phf20"
0.00621727335917981,0.439976213212872,0.731,0.687,1,"3","Nsmce2"
0.00623767993038181,0.326175743522951,0.846,0.809,1,"3","Commd2"
0.00629121316248711,0.632194150987201,0.508,0.437,1,"3","Prpf3"
0.00641719149885323,0.45552872342294,0.515,0.422,1,"3","Pigs"
0.00642202883302511,0.585090410557082,0.477,0.402,1,"3","Mark2"
0.00643480668344176,0.760840319353774,0.292,0.202,1,"3","Gpnmb"
0.0065678046554119,0.584873559888517,0.554,0.477,1,"3","Acer3"
0.00665046557500731,0.89287963095109,0.277,0.189,1,"3","Mettl25b"
0.00665448680369868,0.825692691248463,0.277,0.186,1,"3","Snta1"
0.00665901412146673,0.760302973427036,0.338,0.253,1,"3","Zfp386"
0.00676120756814594,0.362148078515729,0.708,0.626,1,"3","Cmc1"
0.00680159280333441,0.47382612984316,0.492,0.388,1,"3","Elovl6"
0.00684268089182048,0.52986231029974,0.677,0.623,1,"3","Snrnp25"
0.00692781836593587,0.297425520416334,0.769,0.682,1,"3","Ext2"
0.0069590273222481,0.541315726867758,0.546,0.484,1,"3","Plaur"
0.00696043596206058,0.256440290224352,0.662,0.533,1,"3","Idnk"
0.00696512105937983,0.347630696210059,0.354,0.238,1,"3","Gm2619"
0.00704803182696192,0.321797581090739,0.831,0.824,1,"3","Myof"
0.00710156114839391,0.458455417934753,0.592,0.512,1,"3","Lrrc42"
0.007233907616299,0.37432786622116,0.754,0.713,1,"3","Parl"
0.00731219489247176,0.812131234980157,0.3,0.206,1,"3","Stam"
0.0073724948131711,0.54886692431102,0.5,0.408,1,"3","Ankrd54"
0.00740888596739416,1.16244412033654,0.292,0.203,1,"3","4930579G24Rik"
0.00746749930867091,0.681679674374692,0.3,0.201,1,"3","Sumf2"
0.00748894671905428,0.587128612393392,0.5,0.429,1,"3","Pgrmc2"
0.00749357480313653,0.659147638526997,0.392,0.301,1,"3","Mfhas1"
0.00751475218797413,0.580720052686778,0.423,0.329,1,"3","Khdc4"
0.00754904446864295,0.544860971610297,0.408,0.307,1,"3","Ydjc"
0.00761292685958462,0.898659257158493,0.323,0.241,1,"3","Zfp318"
0.00762031609568026,0.411092376014321,0.592,0.485,1,"3","Vkorc1l1"
0.00766295490322923,0.381840449738551,0.854,0.787,1,"3","Lamtor3"
0.00766584709391452,0.622816529139019,0.346,0.253,1,"3","Dnajc18"
0.00788981087212365,0.320791807518456,0.854,0.803,1,"3","Pmf1"
0.00789026049613351,0.326694241334777,0.7,0.619,1,"3","Nucb2"
0.00789516696553502,0.598077061110775,0.392,0.299,1,"3","Ramp2"
0.00791901800449284,0.517873139413527,0.662,0.636,1,"3","Ahcyl1"
0.00792878569647728,0.718721937661685,0.285,0.19,1,"3","Rcor2"
0.00797120400599565,0.333213293180815,0.885,0.816,1,"3","Nmd3"
0.00797821420081902,0.336575166725451,0.669,0.584,1,"3","Exosc5"
0.00799019704778493,0.987057234732739,0.315,0.234,1,"3","Xpr1"
0.00802525622552132,0.47931990561983,0.6,0.528,1,"3","Polr1g"
0.0080327474285736,0.631691734936606,0.392,0.313,1,"3","Mlx"
0.00803810512532556,0.765656746052781,0.385,0.314,1,"3","Rilpl2"
0.00816730521330786,0.614379695655756,0.431,0.338,1,"3","D5Ertd579e"
0.00817059783353552,0.403633828051552,0.546,0.448,1,"3","Gas2l1"
0.00825381569677268,0.369824053705032,0.708,0.671,1,"3","Ift25"
0.00829154075520027,0.423830924917519,0.685,0.632,1,"3","Mrpl24"
0.00830798864486419,0.283980310615271,0.831,0.822,1,"3","Pfdn6"
0.00832572320125775,0.523873689778111,0.485,0.388,1,"3","Tgfb1"
0.00836915097211879,0.86830182914372,0.354,0.267,1,"3","E2f5"
0.00837210661751146,0.669695171544272,0.462,0.38,1,"3","Anxa11"
0.00843472414899559,0.524746724007416,0.469,0.377,1,"3","Ints12"
0.00847686549508897,0.76497420249661,0.385,0.306,1,"3","Trib1"
0.00856983122432362,0.30664765727978,0.792,0.735,1,"3","Usp34"
0.00859984410223485,0.47208563319989,0.631,0.559,1,"3","Cib1"
0.00860090896867003,0.669570345742291,0.454,0.384,1,"3","Abraxas2"
0.00862522183435216,0.423331505601886,0.654,0.544,1,"3","Lrp10"
0.0087751562241349,0.745966330376688,0.285,0.195,1,"3","Slc38a9"
0.00881151702541707,0.519891224881591,0.562,0.512,1,"3","Clptm1"
0.00882924262117733,0.775531602494526,0.285,0.198,1,"3","Smg7"
0.00884132030504811,0.264719349487522,0.885,0.828,1,"3","Hax1"
0.0089375727842567,0.425149253282213,0.592,0.499,1,"3","Myl12b"
0.00894731167181078,0.469608264458759,0.423,0.314,1,"3","Fgfbp1"
0.00897933553117634,0.319301656473528,0.769,0.715,1,"3","Prmt7"
0.00903046480540905,0.309319338361269,0.777,0.753,1,"3","Mien1"
0.00906517500809776,0.369649215211239,0.777,0.759,1,"3","Tubg1"
0.00918882712962269,0.736955358859576,0.331,0.237,1,"3","1700025G04Rik"
0.00919064013753238,0.463376922783056,0.723,0.69,1,"3","Zfp36l2"
0.00921019104532793,0.476263760973758,0.677,0.656,1,"3","Impa1"
0.00926005662213571,0.792981069248319,0.277,0.193,1,"3","Lrrc8c"
0.00928649896959818,0.766943620833349,0.262,0.175,1,"3","Rfxank"
0.00938608899379148,0.520635869017505,0.369,0.27,1,"3","Ifi44"
0.00946345549388021,0.548181021445308,0.415,0.32,1,"3","Cdc6"
0.00954651791624684,0.452049152365748,0.562,0.48,1,"3","Rit1"
0.00974273104758347,0.485692078689147,0.569,0.508,1,"3","D030056L22Rik"
0.00978022064289713,0.422459179786959,0.646,0.567,1,"3","Cd320"
0.00983143003161647,0.419228422979399,0.615,0.541,1,"3","Chchd6"
0.00985888699363251,0.43845403161887,0.523,0.429,1,"3","Sh3glb2"
0.00994154026462865,0.604920771624586,0.377,0.281,1,"3","Snx16"
