"","sgAxl","Control","sgRipk1","sgPrmt1"
"Gm6085",1,0,3,0
"Mrpl15",652,973,481,297
"A930006A01Rik",1,0,1,1
"Lypla1",132,172,93,51
"ENSMUSG00000137875",2,3,0,0
"Tcea1",346,432,212,154
"Gm6104",2,0,1,1
"Gm37277",3,2,2,3
"Atp6v1h",130,197,84,74
"4732440D04Rik",13,25,9,9
"Rb1cc1",143,192,88,80
"ENSMUSG00000143943",2,3,0,1
"ENSMUSG00000141243",3,4,3,1
"Gm19026",1,0,0,0
"Gm37108",0,11,4,1
"Gm57122",9,2,4,1
"Pcmtd1",87,146,60,51
"Gm38372",1,2,0,0
"Gm26901",3,10,5,2
"Rps2-ps2",0,1,2,0
"Sntg1",0,1,0,1
"Gm36964",1,1,1,1
"2610203C22Rik",19,32,13,10
"Rrs1",247,318,194,90
"Adhfe1",5,10,7,3
"Mybl1",21,33,21,6
"Vcpip1",43,62,33,22
"1700034P13Rik",3,3,1,1
"ENSMUSG00000128816",1,2,0,1
"Sgk3",24,34,17,11
"Snhg6",780,1197,589,393
"Mcmdc2",3,0,1,0
"Tcf24",6,7,6,3
"Gm57177",1,5,3,2
"Cops5",579,794,386,258
"Cspp1",91,146,99,58
"ENSMUSG00000137212",1,0,1,0
"Arfgef1",124,179,96,57
"Gm37569",4,4,3,3
"Cpa6",11,23,10,4
"Gm38005",1,1,1,0
"Gm15604",1,2,0,1
"Gm28659",4,2,2,1
"ENSMUSG00000130062",2,2,3,2
"Prex2",4,3,0,1
"Gm38178",0,1,1,0
"Ncoa2",37,66,31,19
"Gm38376",4,4,3,0
"Gm37409",2,1,0,1
"Gm38223",2,3,3,3
"Gm37702",3,1,3,1
"Gm38120",9,16,7,4
"Gm38380",8,12,5,6
"ENSMUSG00000134452",0,3,1,0
"Tram1",363,484,220,165
"Gm57152",9,12,4,4
"Lactb2",132,188,89,52
"Gm38319",5,4,1,1
"Gm5523",4,10,4,4
"Eya1",48,85,36,31
"Rpl5-ps1",6,4,4,1
"Terf1",154,226,129,89
"Rpl7",3700,5273,2604,1784
"Rdh10",155,190,104,61
"Stau2",38,49,21,16
"Ube2w",90,106,61,27
"Gm38342",1,4,1,4
"Eloc",1279,1782,885,549
"D030040B21Rik",7,15,3,5
"Tmem70",251,354,142,114
"ENSMUSG00000125087",0,3,0,1
"Ly96",18,28,20,16
"Gm10075",2,0,0,1
"Mcm3",567,782,372,297
"6720483E21Rik",1,2,2,1
"Paqr8",17,24,11,6
"Tram2",44,91,51,43
"ENSMUSG00000129840",2,1,1,0
"Tmem14a",26,37,21,13
"Khdc1b",2,10,6,2
"Kcnq5",13,11,2,1
"Gm7658",24,30,14,18
"ENSMUSG00000134304",16,21,10,8
"Gm29107",0,4,1,0
"B3gat2",6,4,4,0
"Smap1",439,626,304,210
"Sdhaf4",156,252,100,67
"Fam135a",6,21,15,6
"ENSMUSG00000138098",405,614,313,233
"ENSMUSG00000127021",1,2,2,1
"Lmbrd1",68,119,52,51
"Gm7846",38,32,23,18
"Gm5525",0,1,0,0
"Phf3",212,327,157,143
"Gm37522",2,2,0,0
"Gm37906",11,14,3,10
"Ptp4a1",3,5,1,4
"Ptp4a1.1",5,3,1,0
"ENSMUSG00000139019",2,2,3,1
"Gm29128",1,0,0,0
"Gm19680",0,2,0,1
"Prim2",168,238,101,70
"Gm29228",7,11,2,3
"Gm37618",1,4,4,2
"ENSMUSG00000138851",5,6,0,1
"Gm38173",0,1,2,3
"Gm57180",8,16,4,7
"Rab23",69,95,37,16
"Bag2",241,350,158,109
"Zfp451",110,137,67,55
"Bend6",11,10,3,4
"Dst",221,334,152,121
"Gm37354",11,36,18,7
"Gm38157",24,35,13,11
"Gm26788",6,2,1,4
"A930005N03Rik",2,0,1,0
"Gm37233",3,1,0,1
"Ccdc115",72,117,60,41
"Imp4",209,270,128,79
"Gm28417",10,23,12,9
"Ptpn18",269,401,201,182
"Arhgef4",2,3,1,0
"Fam168b",150,186,86,76
"Gm37127",2,0,0,1
"Plekhb2",73,142,58,48
"Hs6st1",17,9,3,2
"Gm33280",0,0,1,1
"Uggt1",158,245,104,81
"Arid5a",71,88,36,19
"Kansl3",84,115,58,35
"Lman2l",68,100,47,39
"ENSMUSG00000137090",2,2,4,1
"Cnnm4",50,62,19,21
"Gm37909",0,1,0,0
"Cnnm3",33,70,33,31
"Ankrd23",4,1,0,4
"Ankrd39",64,99,41,24
"Sema4c",11,15,8,5
"D430040D24Rik",0,1,2,0
"Fam178b",0,0,1,1
"Cox5b",2089,2996,1532,1104
"Actr1b",145,212,130,76
"ENSMUSG00000141655",1,1,2,0
"Tmem131",80,125,63,48
"Gm38115",9,6,6,2
"Rpl12-ps1",0,3,1,2
"Inpp4a",73,97,38,37
"Coa5",126,197,80,54
"Unc50",193,262,151,103
"Mgat4a",21,44,17,10
"Gm43213",0,2,0,0
"Tsga10",7,5,1,6
"Lipt1",35,54,23,16
"Mitd1",390,547,260,141
"Mrpl30",1084,1580,738,516
"Txndc9",423,655,310,228
"Eif5b",1724,2516,1210,837
"Rev1",22,42,28,12
"Chst10",1,0,0,0
"Pdcl3",575,897,425,254
"Gm37309",0,1,1,0
"ENSMUSG00000132325",0,1,0,2
"ENSMUSG00000131701",0,2,1,0
"Rpl31",3548,4840,2297,1561
"Tbc1d8",6,5,5,2
"Cnot11",146,202,109,61
"Gm15832",3,2,0,3
"Rnf149",54,56,24,16
"Gm23722",1,1,1,1
"Gm5100",0,1,2,0
"Map4k4",374,539,261,168
"Il1r2",9,17,10,5
"Il1r1",37,51,23,18
"ENSMUSG00000123590",1,0,2,0
"Il1rl1",152,289,197,99
"Il18rap",45,50,19,26
"Mfsd9",0,1,4,0
"Tmem182",0,2,0,0
"Mrps9",258,356,179,134
"Tgfbrap1",38,49,26,22
"8430432A02Rik",1,1,1,0
"AI597479",22,49,25,21
"Fhl2",476,758,346,190
"Gm29040",3,2,1,1
"Nck2",23,27,18,17
"Gm38228",0,2,1,2
"Gm29155",0,2,0,0
"Uxs1",190,273,153,77
"Gm16103",2,1,1,0
"ENSMUSG00000127515",4,5,2,0
"Gm57117",7,12,7,4
"Tpp2",206,331,145,118
"Mettl21c",0,2,1,0
"Ccdc168",3,0,2,7
"Tex30",241,354,176,96
"ENSMUSG00000123011",4,3,2,0
"Poglut2",23,41,14,9
"Bivm",24,24,8,12
"Ercc5",35,40,23,16
"Txn-ps1",3,6,3,3
"Gulp1",18,38,13,21
"Gm37626",4,4,1,2
"Col3a1",1170,1787,902,886
"ENSMUSG00000141276",3,1,0,1
"Col5a2",480,647,372,240
"Gm38211",73,84,45,30
"Wdr75",239,345,166,112
"ENSMUSG00000123149",18,26,12,5
"Slc39a10",62,92,49,36
"Gm8357",5,11,2,3
"Tmeff2",15,21,9,9
"Gm28320",11,8,8,1
"9330175M20Rik",5,12,5,2
"Cavin2",1731,2676,1221,935
"Nabp1",63,91,42,30
"Gm57109",4,3,4,2
"Gm17767",0,2,0,1
"Myo1b",95,115,64,40
"Gm29453",0,1,0,1
"Gm8420",2,1,1,1
"Gm31812",3,5,1,1
"Stat1",88,153,97,58
"Gls",211,288,151,114
"Nab1",209,336,152,116
"ENSMUSG00000128193",2,5,0,3
"Nemp2",6,10,6,5
"Gm37242",1,0,2,0
"Mfsd6",9,16,4,4
"Inpp1",97,99,59,28
"Hibch",71,115,58,33
"Pms1",40,77,27,15
"Ormdl1",84,109,52,27
"Osgepl1",3,5,4,0
"Asnsd1",213,288,133,110
"Stk17b",79,99,53,39
"Hecw2",0,3,2,0
"ENSMUSG00000124117",1,0,1,0
"Gtf3c3",65,102,50,34
"Pgap1",5,9,5,2
"Gm36955",1,1,0,0
"Ankrd44",31,54,23,18
"Gm37370",1,2,1,1
"A130048G24Rik",2,2,0,1
"Sf3b1",959,1323,667,445
"ENSMUSG00000143212",7,11,8,4
"Coq10b",127,190,85,39
"Gm17971",10,15,5,5
"Hspd1",3127,4224,2110,1404
"Hspe1",3997,5586,2631,1705
"Mob4",384,522,278,163
"Rftn2",35,55,22,18
"Gm10561",22,19,13,7
"ENSMUSG00000126092",0,3,1,3
"Mars2",27,38,19,13
"Gm8292",18,28,16,13
"Plcl1",5,11,7,7
"Gm38056",7,6,6,5
"Satb2",11,16,11,3
"9130024F11Rik",30,45,22,17
"4930558J18Rik",26,32,19,7
"1700066M21Rik",24,33,16,8
"Tyw5",86,109,50,39
"Maip1",157,237,114,80
"Kctd18",15,28,18,10
"Sgo2a",166,203,111,63
"Aox1",6,11,9,4
"ENSMUSG00000142916",1,4,2,1
"Gm37607",2,0,1,2
"Bzw1",1244,1859,760,593
"Clk1",237,354,205,146
"Ppil3",172,277,132,80
"Nif3l1",152,197,58,52
"Orc2",149,265,122,70
"Gm15834",2,5,1,2
"Hycc2",30,60,32,10
"Ndufb3",772,991,480,308
"Flacc1",6,7,4,1
"ENSMUSG00000121483",17,44,16,12
"Cflar",120,191,62,58
"Casp8",137,219,92,60
"Gm37760",24,67,12,12
"ENSMUSG00000131668",13,21,10,6
"Trak2",22,42,12,10
"ENSMUSG00000136557",2,3,2,2
"Stradb",32,65,28,17
"Tmem237",164,252,135,96
"G730003C15Rik",2,6,1,1
"Mpp4",0,2,0,2
"Als2",13,28,8,8
"Gm33667",0,3,0,0
"Cdk15",0,3,2,0
"Fzd7",11,9,10,6
"Gm26813",1,2,1,2
"Sumo1",542,760,401,278
"ENSMUSG00000140722",1,1,0,1
"Nop58",1530,2029,943,659
"B430105G09Rik",9,6,4,6
"Bmpr2",83,143,82,49
"Gm38125",2,2,2,5
"Fam117b",47,55,27,26
"Gm37531",15,11,7,6
"Ica1l",8,22,6,10
"Wdr12",298,447,176,134
"Carf",25,32,20,14
"Nbeal1",78,131,60,46
"Cyp20a1",127,206,94,64
"6030460B20Rik",15,13,6,9
"Abi2",79,116,54,30
"Raph1",220,314,134,120
"Gm57165",0,1,1,0
"Eif4a-ps4",2,1,0,3
"Gm57147",1,1,0,1
"Cd28",0,3,1,1
"Rpl18-ps1",13,11,7,5
"ENSMUSG00000137422",4,7,3,3
"Pard3b",4,8,0,0
"Gm11599",3,7,3,1
"Gm29083",5,6,4,3
"Nrp2",295,441,211,155
"ENSMUSG00000130211",14,20,8,2
"ENSMUSG00000140686",2,2,0,0
"Gm37121",2,3,5,3
"Ino80d",50,64,38,20
"ENSMUSG00000125028",4,4,1,1
"Ino80dos",17,16,6,9
"ENSMUSG00000124989",0,1,1,0
"Ndufs1",131,180,83,73
"Eef1b2",6398,9120,4575,2986
"Platr12",2,2,0,1
"Gm11605",3,5,4,1
"Fastkd2",70,100,50,32
"Klf7",166,239,91,68
"Gm13750",0,2,0,1
"Gm28981",1,2,2,1
"Creb1",81,110,65,41
"Mettl21a",40,79,26,21
"Gm28982",1,1,2,0
"2810408I11Rik",70,130,57,31
"Ccnyl1",32,54,25,19
"Fzd5",11,14,7,4
"Plekhm3",7,10,5,6
"Rpl10a-ps1",283,371,208,147
"D630023F18Rik",0,0,0,2
"Idh1",87,110,46,42
"Pikfyve",55,81,45,27
"Gm8805",1,2,0,1
"Rpe",62,76,36,29
"Kansl1l",28,36,16,10
"ENSMUSG00000136785",1,1,0,1
"Gm37570",2,4,0,2
"Gm38162",1,1,0,3
"6820402A03Rik",4,6,3,2
"Gm57189",9,12,5,6
"Gm38218",2,1,0,0
"Acadl",423,633,303,223
"Rpl31-ps14",2,3,0,0
"Lancl1",59,78,61,33
"Ikzf2",11,17,12,9
"Gm28112",4,4,1,2
"ENSMUSG00000136036",7,13,1,3
"Bard1",63,101,62,28
"Atic",271,385,187,130
"Fn1",500,702,422,253
"Apol7d",14,12,3,6
"Gm8883",1,1,0,1
"Gm28818",0,1,1,1
"Gm5528",2,2,0,0
"Gm8885",2,1,0,0
"Mreg",1,1,2,1
"ENSMUSG00000134358",3,17,5,7
"Gm57184",14,22,11,11
"Gm25939",0,1,0,2
"Pecr",89,140,50,41
"Xrcc5",97,121,57,42
"Gm15843",2,2,0,1
"Smarcal1",10,16,9,8
"Rpl37a",15522,21399,10557,7202
"Tns1",49,83,35,40
"Arpc2",1965,2690,1262,935
"Gpbar1",0,1,1,1
"Aamp",615,874,441,306
"Pnkd",270,382,182,125
"Gm37503",0,4,1,0
"Tmbim1",97,131,70,35
"Gm37931",1,1,0,0
"ENSMUSG00000128218",1,1,2,1
"Ctdsp1",87,149,67,47
"Usp37",168,232,109,83
"Gm37733",6,5,5,3
"Cnot9",208,314,149,102
"Zfp142",12,17,11,12
"Bcs1l",42,66,46,18
"Rnf25",38,40,25,13
"Stk36",2,3,0,1
"Ttll4",40,64,30,22
"Prkag3",7,6,2,1
"Wnt6",31,46,27,16
"ENSMUSG00000122505",0,3,2,0
"Wnt10a",109,178,103,59
"ENSMUSG00000126648",1,2,0,1
"Nhej1",27,40,15,7
"Cnppd1",69,73,35,39
"Gm57175",1,3,0,1
"Retreg2",130,187,89,82
"Zfand2b",65,130,74,44
"Atg9a",6,15,9,5
"Ankzf1",19,16,10,8
"Glb1l",4,3,4,3
"Stk16",245,377,158,111
"Tuba4a",252,414,209,150
"Dnajb2",46,53,29,18
"Ptprn",73,99,44,41
"Dnpep",209,279,154,94
"Des",4,0,0,2
"Speg",7,25,6,12
"Gmppa",128,157,88,46
"Chpf",151,235,87,63
"Obsl1",1,3,1,0
"Tmem198",2,2,0,1
"Stk11ip",9,14,10,10
"Slc4a3",12,21,5,8
"Gm5257",5,3,5,1
"Pax3",7,11,2,7
"Farsb",228,341,161,102
"4833412K13Rik",8,8,3,4
"ENSMUSG00000122898",0,1,0,2
"Acsl3",101,132,71,48
"Utp14b",28,71,30,20
"Gm6159",0,1,2,0
"Ap1s3",7,4,5,6
"Wdfy1",98,131,51,54
"Mrpl44",80,132,58,40
"Cul3",296,422,204,132
"Gm37902",5,7,3,4
"Irs1",64,117,46,32
"ENSMUSG00000127560",1,4,2,1
"Rhbdd1",18,34,23,20
"Gm19552",1,3,4,0
"Col4a4",5,3,1,1
"C430014B12Rik",0,2,1,0
"Mff",524,705,333,224
"Gm28941",0,0,1,1
"ENSMUSG00000122270",1,0,0,2
"ENSMUSG00000135393",6,2,2,0
"Agfg1",227,279,130,100
"A030005L19Rik",0,3,0,1
"Dner",1,0,0,0
"ENSMUSG00000138613",2,1,0,0
"Trip12",141,230,114,78
"Gm38374",3,2,0,0
"Gm37738",4,3,4,1
"ENSMUSG00000142570",3,3,0,1
"Fbxo36",24,35,17,8
"Sp140l2",25,27,23,21
"Rpl19-ps1",3,8,4,2
"ENSMUSG00000142042",5,6,1,2
"Sp140l1",3,16,11,2
"Gm10553",3,1,1,1
"A530040E14Rik",0,4,0,0
"Gm2619",91,145,80,43
"Gm52950",0,2,0,0
"Gm7609",1,1,5,3
"ENSMUSG00000142292",1,0,0,2
"Sp110",23,43,22,18
"Gm57169",13,15,7,7
"Sp140",42,71,33,31
"Gm17017",2,0,1,1
"Sp100",106,170,85,54
"A630001G21Rik",12,21,9,5
"Cab39",158,221,123,57
"Itm2c",329,451,236,160
"4933407L21Rik",0,1,1,0
"Psmd1",841,1139,523,392
"Htr2b",0,2,0,0
"Gm37914",6,11,2,1
"Armc9",15,22,12,7
"Ncl",5736,7812,3871,2520
"C130036L24Rik",37,67,25,18
"ENSMUSG00000142975",1,4,2,0
"ENSMUSG00000143052",2,5,2,2
"ENSMUSG00000143011",0,2,0,0
"Gm57129",4,3,1,1
"ENSMUSG00000140646",0,2,1,0
"ENSMUSG00000141958",6,5,4,4
"Gm57170",1,4,1,1
"Gm57144",3,5,2,4
"Ptma",5894,8093,3838,2816
"Pde6d",273,412,206,121
"Gm37152",1,4,3,0
"Cops7b",68,79,46,21
"Dis3l2",33,50,27,16
"Gm29055",4,2,1,1
"Gm37485",0,2,2,0
"Gm38142",2,3,3,1
"Gm37541",1,2,1,1
"Gm38021",8,14,7,4
"Gm6136",4,3,1,0
"Gm37967",6,5,4,1
"Gm28375",0,2,2,1
"Gm37017",2,2,1,0
"Gm37447",7,8,5,4
"Prss56",1,7,0,0
"Eif4e2",934,1357,641,453
"Gigyf2",121,174,83,52
"Kcnj13",0,2,0,2
"Ngef",11,10,7,2
"Atg16l1",39,60,31,16
"ENSMUSG00000127457",2,2,0,0
"Sag",28,32,17,3
"Gm19582",4,6,3,1
"Dgkd",67,94,49,27
"4833421G17Rik",28,31,11,14
"Gm38365",9,19,11,8
"Usp40",56,87,37,21
"Ugt1a7c",0,0,0,0
"Mroh2a",5,2,1,1
"Hjurp",201,295,150,100
"Gm29538",1,2,1,0
"Glrp1",270,360,152,113
"Gm19589",3,2,2,1
"Arl4c",174,270,133,78
"ENSMUSG00000132761",5,4,3,2
"Platr5",6,3,3,1
"ENSMUSG00000126886",4,2,2,0
"Gm57145",1,4,1,1
"Sh3bp4",106,165,69,46
"Gm38312",1,1,1,0
"Agap1",78,123,60,34
"Gm37297",13,14,5,8
"Gm28499",3,5,1,2
"4933400F21Rik",2,5,0,2
"Gm37521",4,4,0,0
"Ackr3",26,34,23,10
"ENSMUSG00000126359",3,2,4,2
"ENSMUSG00000126638",6,7,6,4
"Gm35048",0,6,1,0
"Cops8",350,489,229,163
"Col6a3",57,82,26,22
"Rab17",1,1,0,2
"Lrrfip1",625,767,389,254
"ENSMUSG00000133439",1,1,1,1
"Gm7776",8,7,4,5
"Ube2f",564,750,341,230
"Gm7785",3,0,3,0
"Scly",46,65,40,26
"Klhl30",5,11,2,5
"Erfe",6,9,3,1
"Ilkap",412,604,246,176
"Hes6",68,99,41,31
"Per2",8,6,0,0
"Traf3ip1",45,56,39,24
"Asb1",18,17,16,8
"Gm29100",8,10,4,0
"Twist2",177,298,133,85
"Gm29101",23,39,15,14
"Hdac4",90,118,62,33
"Gm35992",1,0,0,0
"Ndufa10",789,1075,545,372
"Cops9",913,1250,590,434
"Otos",0,0,3,0
"ENSMUSG00000133076",0,2,1,1
"ENSMUSG00000124918",0,1,1,2
"Gpc1",22,34,19,7
"Gm29480",4,0,0,1
"ENSMUSG00000136396",4,2,1,1
"Dusp28",12,39,30,13
"5033417F24Rik",2,3,3,0
"Rnpepl1",85,102,55,37
"9430060I03Rik",12,22,9,7
"Capn10",37,53,22,19
"Mterf4",65,82,52,31
"Gm7867",0,0,2,0
"Pask",12,39,15,13
"Ppp1r7",303,396,219,122
"ENSMUSG00000143478",0,1,0,1
"Hdlbp",1275,1725,886,545
"Septin2",828,989,509,346
"Farp2",4,10,3,3
"Gm37250",1,1,0,0
"ENSMUSG00000128739",1,3,1,0
"ENSMUSG00000128701",10,35,14,8
"Stk25",138,206,98,80
"Gm28536",1,1,1,0
"Bok",285,360,172,123
"Thap4",168,217,104,70
"Atg4b",116,181,90,46
"Dtymk",928,1281,617,353
"Gm57164",0,1,0,1
"Ing5",85,95,54,31
"D2hgdh",13,18,11,4
"ENSMUSG00000137626",0,1,2,1
"Fam174a",125,182,92,54
"BC055308",1,0,2,0
"Gm15427",364,499,258,171
"Macir",16,34,16,12
"Ppip5k2",47,67,37,19
"Gin1",47,54,31,23
"Pam",165,242,112,90
"Gm37140",9,13,3,5
"Btf3-ps1",5,16,7,5
"B230216N24Rik",10,17,8,4
"Gm7967",15,17,5,9
"Prdx2-ps1",1,2,2,3
"Gm29668",0,2,1,2
"ENSMUSG00000141370",4,1,0,0
"Pign",34,45,21,15
"Gm20302",2,2,0,0
"Relch",90,124,60,42
"Gm37566",4,7,3,3
"Tnfrsf11a",49,95,38,34
"Gm7160",17,21,13,5
"Zcchc2",46,62,39,23
"Phlpp1",74,100,51,40
"Gm38235",4,2,1,0
"A530053M12Rik",6,8,2,3
"Bcl2",79,112,48,30
"D630008O14Rik",1,4,1,1
"ENSMUSG00000136368",13,13,5,4
"Kdsr",67,85,35,36
"Vps4b",165,276,119,92
"Serpinb7",2,0,0,1
"Dsel",1,5,0,2
"Tsn",835,1190,582,399
"Nifk",293,434,193,132
"Gm57162",3,15,3,5
"Clasp1",81,112,60,35
"2900060B14Rik",39,35,13,6
"ENSMUSG00000138947",9,10,6,5
"Gm3508",4,5,1,4
"Ralb",131,176,81,63
"Tmem185b",55,82,39,23
"Epb41l5",23,32,15,8
"Gm37219",6,2,3,6
"Ptpn4",25,24,12,16
"Gm37745",0,7,0,0
"Tmem177",28,30,14,15
"Tmem37",177,253,128,140
"Dbi",2417,3296,1692,1185
"3110009E18Rik",26,27,12,17
"Steap3",32,39,21,23
"ENSMUSG00000143527",0,3,0,1
"En1",156,237,129,109
"Gm29346",4,1,1,1
"Insig2",134,182,76,70
"Gm37174",5,4,5,6
"2210011K15Rik",3,7,2,2
"Ccdc93",49,60,45,26
"ENSMUSG00000141363",15,43,10,10
"Ddx18",677,949,486,300
"Actr3",467,652,332,194
"Gm28706",5,18,6,5
"Gm57176",6,5,1,3
"Slc35f5",62,65,42,28
"Gpr39",3,8,4,3
"Lypd1",0,2,2,0
"Nckap5",1,1,0,0
"Mgat5",54,57,32,27
"Gm37510",2,5,0,1
"Gm8451",2,8,4,4
"2900009J06Rik",2,6,6,1
"Ccnt2",58,88,48,40
"Rab3gap1",142,210,113,63
"Zranb3",14,9,4,3
"Gm28800",1,2,2,0
"Gm38248",10,11,2,3
"Rpl28-ps1",16,17,7,2
"R3hdm1",235,365,160,111
"Gm37588",1,1,0,0
"Gm37868",5,4,0,1
"Gm37407",3,10,6,3
"Ubxn4",821,1095,537,354
"Mcm6",474,739,354,266
"Dars1",285,397,186,155
"Gm6170",5,2,7,2
"Rpl31-ps9",1,2,2,1
"Pfkfb2",2,2,1,1
"Yod1",30,33,24,17
"Gm37163",3,1,0,2
"AA986860",1,2,0,1
"Il24",4,3,8,2
"Mapkapk2",219,333,165,102
"Gm37084",2,1,1,2
"Dyrk3",46,65,26,25
"Eif2d",85,145,62,35
"Rassf5",23,20,12,6
"Ikbke",14,12,3,8
"Srgap2",81,121,52,35
"Gm37954",6,2,7,3
"Gm29488",1,6,1,1
"Fam72a",27,35,15,9
"Rab7b",46,78,47,35
"ENSMUSG00000137753",10,14,10,8
"ENSMUSG00000137993",1,0,0,0
"Slc41a1",37,51,37,16
"Rab29",30,50,19,10
"ENSMUSG00000125681",89,144,66,40
"Nucks1",1855,2664,1319,960
"Gm38067",2,2,2,2
"Slc45a3",8,8,7,1
"Elk4",73,101,61,35
"Mfsd4a",43,50,18,20
"Gm37120",1,1,0,0
"Cdk18",28,29,14,9
"Lemd1",0,1,0,0
"Gm29630",4,11,4,4
"ENSMUSG00000127287",2,2,0,0
"Klhdc8a",130,165,86,66
"Nuak2",25,37,21,15
"F730311O21Rik",6,3,4,2
"Tmcc2",17,26,18,10
"ENSMUSG00000135179",4,1,1,3
"Dstyk",28,31,18,11
"6030442K20Rik",1,3,1,0
"Rbbp5",41,53,20,24
"Tmem81",1,1,1,1
"ENSMUSG00000131931",0,2,0,1
"Mdm4",72,98,52,37
"ENSMUSG00000144022",2,9,1,0
"Pik3c2b",8,13,4,3
"Gm28609",3,0,0,2
"Gm26616",1,0,1,1
"Ppp1r15b",61,72,42,24
"Plekha6",0,4,0,0
"ENSMUSG00000136932",1,3,3,3
"Snrpe",2301,3251,1607,1065
"ENSMUSG00000128372",13,18,4,3
"Zc3h11a",14,16,7,5
"Zbed6",57,79,29,32
"ENSMUSG00000126272",1,4,2,3
"Gm28441",7,13,5,5
"Optc",0,1,1,0
"Prelp",1,0,1,1
"Btg2",122,158,88,58
"ENSMUSG00000133244",1,1,0,0
"Gm38140",2,2,2,1
"ENSMUSG00000133325",2,4,0,0
"Gm57107",0,2,1,1
"Tmem183a",233,308,135,98
"Cyb5r1",38,68,31,22
"Adipor1",390,494,245,181
"Platr1",1,0,1,0
"Gm37935",3,0,1,0
"Klhl12",42,55,32,14
"Rabif",75,94,49,24
"ENSMUSG00000133744",1,2,2,0
"Kdm5b",75,154,70,47
"Ppp1r12b",48,58,37,23
"Gm37949",4,6,3,0
"Gm37677",5,19,7,7
"Gm28892",0,3,1,1
"ENSMUSG00000144134",1,3,2,0
"Ube2t",199,289,137,73
"Lgr6",8,6,4,0
"Arl8a",209,288,136,81
"Gm4204",101,150,66,47
"Rnpep",292,391,211,144
"Timm17a",1054,1516,693,471
"Lmod1",0,1,1,2
"Shisa4",91,137,68,51
"Ipo9",117,185,98,64
"Nav1",65,104,37,21
"2610012C04Rik",1,3,2,1
"Gm37333",8,14,2,5
"ENSMUSG00000135252",0,0,1,1
"ENSMUSG00000135126",8,8,3,1
"Gm57161",3,2,0,3
"Csrp1",241,395,203,127
"Phlda3",191,282,135,105
"Tnni1",3,0,0,0
"Tnnt2",9,17,11,3
"Tmem9",271,386,185,179
"Gm15850",1,2,0,0
"Kif21b",4,7,12,5
"Inava",7,10,4,1
"Camsap2",31,53,33,16
"9230116N13Rik",9,16,5,1
"Ddx59",34,48,31,9
"Kif14",49,65,31,25
"Gm29486",5,2,3,1
"Gm57131",0,1,2,0
"Zfp281",81,146,67,53
"Gm19705",37,55,18,9
"ENSMUSG00000134704",4,4,2,4
"Platr22",25,45,16,30
"Mir181a-1hg",24,48,32,24
"Gm26936",0,2,0,1
"Gm37124",4,3,2,0
"A130050O07Rik",4,1,3,1
"D130019J16Rik",2,0,0,0
"Gm37534",0,5,1,1
"Gm37632",0,2,1,0
"ENSMUSG00000122145",2,1,0,0
"ENSMUSG00000122185",3,6,1,0
"Nek7",136,207,101,80
"ENSMUSG00000134465",4,3,2,0
"Gm37080",5,8,3,3
"Gm37101",8,9,3,1
"Lhx9",3,3,2,3
"2310009B15Rik",657,949,483,283
"ENSMUSG00000124614",0,1,1,1
"Gm37045",3,6,5,1
"Dennd1b",80,108,50,42
"Gm37423",31,40,24,24
"Gm16305",3,0,2,0
"Gm37470",10,15,6,4
"Gm43544",2,12,1,3
"Gm37655",4,2,1,0
"Gm37718",9,15,3,4
"ENSMUSG00000140053",2,4,0,2
"Zbtb41",34,42,13,15
"ENSMUSG00000135323",2,0,1,0
"Aspm",103,179,71,60
"Gm5837",10,2,4,3
"Gm5835",36,25,12,6
"Cdc73",103,154,78,66
"B3galt2",2,1,3,0
"Glrx2",276,458,215,139
"Ro60",73,114,64,40
"Uchl5",459,669,314,222
"Gm29170",17,30,13,10
"Gm7266",6,7,1,2
"Rgs21",1,1,3,0
"Rgs18",3,5,4,1
"Brinp3",3,17,6,7
"Pla2g4a",190,228,129,93
"Ptgs2os",66,92,35,40
"Ptgs2",165,253,119,112
"Gm9687",2,1,1,0
"Ptgs2os2",53,68,48,48
"ENSMUSG00000136357",0,2,1,0
"ENSMUSG00000135923",7,8,3,2
"Rbm3-ps",3,3,1,1
"Odr4",103,126,58,45
"Tpr",1498,2137,1004,821
"Prg4",6,7,4,7
"Gm10138",21,40,18,9
"Ivns1abp",109,155,75,66
"Swt1",112,174,73,50
"Trmt1l",93,137,56,38
"Gm37893",5,13,8,3
"Rnf2",198,200,109,79
"Gm36527",2,7,5,2
"Gm28181",3,5,4,3
"Niban1",5,12,5,5
"2810414N06Rik",2,3,1,1
"Edem3",11,14,11,10
"1700025G04Rik",72,97,44,50
"ENSMUSG00000142856",0,1,0,0
"Tsen15",190,248,110,81
"Colgalt2",1,1,1,0
"Rgl1",223,330,171,107
"Gm7278",4,2,0,0
"Arpc5",715,1019,502,335
"Smg7",61,77,41,28
"Gm28791",21,39,13,11
"ENSMUSG00000139117",1,3,0,0
"Gm8976",1,3,3,0
"Nmnat2",4,6,1,3
"Lamc2",65,79,33,27
"Lamc1",187,244,133,102
"Gm38009",5,17,3,3
"Gm8818",7,5,4,0
"E330020D12Rik",2,0,0,1
"Dhx9",247,358,192,142
"Rgs16",141,237,105,79
"Rnasel",21,30,6,19
"Teddm2",3,2,2,2
"Teddm1b",4,9,3,6
"Glul",62,87,39,39
"ENSMUSG00000122204",4,6,0,0
"Gm9530",2,3,2,2
"Gm57167",0,0,3,1
"Ier5",181,305,126,102
"Mr1",14,11,14,3
"Stx6",66,111,62,44
"Xpr1",58,100,45,36
"Acbd6",563,781,438,266
"Qsox1",81,129,59,51
"Cep350",94,99,62,48
"Tor1aip1",213,267,147,93
"ENSMUSG00000131678",0,2,0,0
"9430034N14Rik",3,10,4,6
"Tor1aip2",147,196,94,73
"Axdnd1",1,1,3,0
"Rpl35rt",19,28,13,10
"Soat1",230,321,139,128
"Gm37648",0,4,1,1
"ENSMUSG00000141366",13,18,7,3
"Csnk2a1-ps3",6,20,8,9
"Abl2",64,92,49,25
"Gm38043",8,8,3,5
"Tor3a",141,166,78,61
"Fam20b",39,48,21,21
"ENSMUSG00000125295",3,3,0,0
"Ralgps2",70,123,54,52
"ENSMUSG00000121840",2,1,1,0
"Angptl1",1,3,1,1
"Gm37802",1,1,1,0
"Gm37943",3,4,1,0
"Rasal2",63,55,31,28
"Gm37788",4,6,1,3
"Gm37578",5,2,3,1
"Gm37060",13,19,10,4
"ENSMUSG00000121798",113,143,83,55
"Gm37861",4,3,2,0
"Cop1",138,168,91,77
"Gm37115",0,2,1,2
"Gm37294",0,1,4,0
"4930523C07Rik",107,151,72,48
"ENSMUSG00000128229",7,2,4,0
"Mrps14",1033,1498,745,569
"Cacybp",1726,2358,1219,784
"4933417C20Rik",2,0,1,1
"Rabgap1l",42,50,24,12
"Gm36975",1,0,0,0
"9430087J23Rik",0,0,1,3
"Gm37529",4,6,3,3
"Gm37215",4,5,4,2
"Gm38302",0,0,1,0
"6720464F23Rik",1,6,9,5
"Gm37873",2,1,2,0
"Gm38329",0,1,2,2
"Gm38126",15,16,6,7
"Rc3h1",123,203,84,78
"Gm37052",14,14,8,0
"Gm37809",1,1,1,0
"Gm37653",5,5,4,4
"Serpinc1",4,2,4,1
"Gm37729",0,3,0,0
"Gm37072",1,0,1,0
"Zbtb37",9,20,14,9
"Gas5",5049,7184,3526,2385
"Dars2",32,45,27,23
"Cenpl",64,73,28,21
"Klhl20",31,54,22,10
"Ankrd45",4,0,3,3
"Prdx6",2221,3137,1416,1054
"ENSMUSG00000139292",1,3,1,1
"Suco",37,55,24,12
"4930558K02Rik",0,2,0,1
"Pigc",42,57,33,22
"Dnm3",0,3,2,0
"2810442N19Rik",2,1,0,0
"Dnm3os",68,120,65,50
"Mettl13",47,61,16,21
"Vamp4",177,268,125,85
"Prrc2c",815,1157,584,429
"Prrx1",220,294,168,129
"Gm37644",2,1,1,1
"Gorab",37,63,31,23
"Rpsa-ps1",10,8,7,4
"Kifap3",154,246,139,89
"Scyl3",14,31,13,14
"Firrm",18,12,9,7
"Mettl18",19,40,14,11
"ENSMUSG00000143544",1,1,0,1
"Slc19a2",12,20,10,11
"Ccdc181",31,53,37,23
"Blzf1",37,57,27,16
"Nme7",54,104,54,30
"Sft2d2",51,74,32,32
"Tiprl",288,388,191,107
"Gm38190",4,5,1,5
"ENSMUSG00000123028",7,15,17,4
"Gpr161",7,24,10,5
"Dcaf6",13,16,10,3
"Mpc2",872,1261,624,401
"Gm37860",5,3,1,2
"Adcy10",0,4,1,0
"ENSMUSG00000124428",12,16,12,5
"Mpzl1",83,117,55,50
"Rcsd1",1,2,0,0
"Creg1",192,299,154,107
"Gm16565",0,4,0,1
"Pou2f1",39,66,25,22
"Gm57142",5,2,8,3
"Gm15853",4,7,2,3
"Tada1",7,10,7,8
"Pogk",36,47,16,15
"Uck2",376,596,272,189
"ENSMUSG00000138708",5,4,2,2
"Gm2453",0,1,1,1
"Gm57182",37,45,16,13
"Tmco1",381,528,276,187
"Aldh9a1",127,208,106,66
"Mgst3",263,348,182,153
"Pbx1",188,236,148,111
"Gm37524",9,7,4,4
"Gm38381",6,6,1,6
"ENSMUSG00000138864",12,44,28,4
"Nuf2",135,180,93,72
"ENSMUSG00000143131",0,10,0,0
"Hsd17b7",56,55,34,27
"3110045C21Rik",17,21,12,4
"Ddr2",162,206,123,75
"Uap1",176,235,99,87
"Gm37748",0,3,0,1
"Uhmk1",46,54,26,13
"4930500M09Rik",1,3,2,1
"Sh2d1b1",2,2,1,2
"Nos1ap",0,1,1,0
"Gm7299",6,17,13,3
"Olfml2b",202,289,163,113
"Atf6",100,156,79,61
"Gm9929",4,9,5,3
"Dusp12",153,186,85,68
"Gm26620",8,16,3,2
"Gm2962",1,4,1,0
"Fcgr4",0,3,0,0
"Fcgr3",3,3,4,3
"Cfap126",1,2,2,3
"Sdhc",383,489,269,167
"Mpz",0,3,3,0
"Tomm40l",2,0,0,0
"Apoa2",10,11,8,7
"Fcer1g",2,1,3,3
"Ndufs2",854,1304,653,419
"Adamts4",11,27,7,15
"B4galt3",27,23,17,14
"Ppox",37,45,32,28
"Usp21",12,15,13,5
"Ufc1",742,1059,494,387
"ENSMUSG00000134510",15,21,9,13
"Gm20045",8,12,6,2
"Dedd",5,9,6,4
"Nit1",95,77,55,28
"Pfdn2",635,916,440,313
"Arhgap30",1,0,0,0
"Usf1",75,95,46,45
"B930036N10Rik",190,274,98,96
"Alyref2",23,25,16,6
"Cd244a",2,2,0,1
"Ly9",35,45,23,31
"Cd48",2,5,1,1
"Tma7-ps",0,1,0,1
"Slamf1",13,20,7,0
"Vangl2",54,77,40,37
"Ncstn",103,166,83,66
"Copa",306,438,205,157
"Gm38164",0,1,0,0
"Pex19",78,104,50,50
"Dcaf8",167,227,124,81
"Pea15a",228,268,126,96
"Gm17224",13,24,9,7
"Igsf8",100,127,53,46
"Gm57172",2,9,0,3
"Pigm",27,38,18,14
"Gm37145",6,16,4,2
"Igsf9",2,1,0,1
"Tagln2",2877,4128,1871,1265
"ENSMUSG00000133766",1,2,2,0
"Cfap45",0,1,6,1
"4933439K11Rik",1,0,1,0
"Vsig8",1,1,2,0
"Slamf8",11,14,6,5
"Dusp23",35,38,11,12
"Aim2",137,190,80,57
"Ifi206",3,2,4,0
"Ifi214",0,1,0,1
"Ifi213",39,59,42,13
"Ifi209",12,9,8,2
"Ifi207",1,0,3,0
"Ifi204",86,100,75,40
"Mndal",145,218,127,81
"Ifi211",56,126,57,23
"Ifi203",93,125,80,45
"Ifi205",8,12,9,4
"Spta1",3,2,3,2
"Fh1",283,391,202,109
"Opn3",6,16,3,8
"Chml",11,11,5,2
"ENSMUSG00000140340",1,0,1,1
"Exo1",137,208,84,59
"Rbm8a2",12,9,5,0
"Cep170",130,167,93,63
"Gm38104",8,14,5,6
"Sdccag8",44,62,35,29
"Hmga2-ps1",7,9,3,1
"Gm37490",2,8,3,2
"Gm37519",4,2,1,3
"Akt3",62,45,38,24
"Gm37960",0,2,1,0
"Gm37106",19,14,3,3
"Gm37598",2,4,4,3
"Gm38146",0,3,1,1
"Gm37706",18,20,9,10
"Gm37463",1,1,1,2
"ENSMUSG00000126666",1,3,0,0
"Zbtb18",15,21,14,12
"Adss2",346,495,273,189
"Gm16585",3,3,4,5
"Desi2",245,424,186,143
"B230369F24Rik",11,12,11,4
"Gm37486",1,1,0,0
"Cox20",239,314,149,146
"Hnrnpu",1392,2042,978,713
"Gm38300",1,1,1,0
"ENSMUSG00000138911",2,0,2,1
"Efcab2",19,28,11,14
"ENSMUSG00000138953",2,2,1,2
"ENSMUSG00000138827",2,0,0,0
"Kif26b",1,3,1,2
"Smyd3",50,56,34,18
"Gm5561",2,2,2,0
"Tfb2m",50,57,30,29
"Cnst",18,27,12,10
"Sccpdh",144,227,109,91
"Ahctf1",185,260,162,69
"Gm10518",0,0,1,2
"ENSMUSG00000134856",1,4,1,2
"Cdc42bpa",82,145,54,42
"Gm38169",0,2,2,2
"Coq8a",4,9,6,6
"Psen2",66,110,42,41
"Gm31728",0,3,0,0
"ENSMUSG00000121653",0,2,0,0
"Itpkb",14,17,9,13
"Gm37033",4,7,4,1
"Gm37390",1,2,1,1
"Gm36933",3,0,2,0
"Parp1",389,589,289,186
"Lin9",66,99,33,27
"Gm8101",2,0,0,0
"Acbd3",250,400,208,130
"Gm37768",5,4,4,2
"ENSMUSG00000135739",2,2,4,1
"H3f3a",3476,5014,2466,1827
"H3f3aos",3,2,1,2
"ENSMUSG00000140774",2,4,2,1
"Sde2",237,323,147,117
"Pycr2",333,457,174,166
"Tmem63a",37,66,29,17
"Ephx1",0,1,0,2
"Nvl",139,219,100,60
"Cnih4",1289,1738,881,582
"Wdr26",231,331,199,109
"Gm57146",0,4,4,0
"A430110L20Rik",0,1,0,1
"Dnah14",2,7,0,0
"Lbr",82,118,71,50
"ENSMUSG00000138916",0,1,0,0
"Enah",34,48,29,22
"Gm38359",2,0,1,3
"Gm37018",1,0,2,0
"Gm37258",2,0,0,5
"ENSMUSG00000138589",0,6,1,0
"Srp9",979,1283,664,437
"Degs1",416,607,269,181
"Fbxo28",54,108,55,17
"Trp53bp2",32,45,20,19
"Capn2",213,273,145,85
"Gm37069",0,5,1,1
"Gm37218",4,6,0,7
"Disp1",30,42,18,16
"ENSMUSG00000121763",7,2,5,3
"Brox",38,43,27,18
"Aida",121,186,82,70
"Mia3",221,338,186,118
"Gm34102",2,1,1,0
"Taf1a",41,32,13,12
"Gm37986",1,2,0,0
"Dusp10",12,23,18,9
"1700056E22Rik",12,18,7,5
"2900092O11Rik",3,1,0,0
"Gm37800",6,12,4,5
"Gm38358",2,1,2,2
"Hlx",21,39,21,22
"Gm34342",7,9,5,4
"ENSMUSG00000137472",1,0,1,1
"Mtarc2",522,806,365,274
"Rab3gap2",43,64,37,22
"Iars2",125,208,88,54
"Gm37785",0,2,0,5
"Bpnt1",73,91,49,29
"4930532G15Rik",6,9,6,2
"Eprs1",1016,1451,781,512
"Lyplal1",4,15,8,1
"Gm35546",3,7,1,2
"Tgfb2",23,35,23,13
"Rrp15",435,649,273,186
"A430105J06Rik",2,7,3,5
"Gm3809",6,5,0,1
"Gpatch2",34,51,22,10
"Gm37254",19,34,11,10
"Kctd3",64,98,49,17
"Kcnk2",41,42,17,22
"2900042K21Rik",4,6,0,1
"Pdcd5-ps",30,63,30,18
"Cenpf",1033,1431,766,567
"ENSMUSG00000126798",0,3,1,1
"ENSMUSG00000128436",3,2,0,2
"Ptpn14",115,155,74,45
"Gm26574",1,1,1,0
"Gm37422",5,6,2,1
"Smyd2",125,166,75,59
"Gm38245",1,0,0,0
"ENSMUSG00000138590",7,26,9,3
"Rps6kc1",13,24,9,4
"ENSMUSG00000139638",1,1,0,0
"Angel2",135,182,75,76
"Vash2",12,21,13,10
"Flvcr1",45,35,36,13
"A230020J21Rik",1,3,2,1
"ENSMUSG00000133466",2,2,1,0
"Tatdn3",30,40,17,11
"Nsl1",30,27,16,12
"Batf3",1,5,1,3
"Gm38161",0,1,1,0
"Atf3",27,42,23,9
"ENSMUSG00000137889",1,0,1,0
"D730003I15Rik",35,62,26,22
"ENSMUSG00000128256",2,1,0,1
"Nenf",562,784,403,261
"Pacc1",47,82,42,21
"Ppp2r5a",126,192,94,61
"9430037O13Rik",4,14,6,2
"Dtl",185,249,133,97
"Ints7",66,89,48,34
"Gm37349",7,18,8,4
"Lpgat1",149,197,106,77
"Gm38037",20,15,11,5
"Nek2",48,74,46,31
"1700034H15Rik",1,1,0,0
"Slc30a1",11,9,5,1
"Gm26670",7,8,6,4
"Traf5",23,30,19,14
"Gstp-ps",116,154,96,59
"Rcor3",45,61,31,29
"Gm10516",16,11,10,8
"Kcnh1",4,4,9,1
"Hhat",23,41,23,12
"Gm22265",1,5,0,0
"1700065J18Rik",1,2,4,2
"Sertad4",76,117,48,56
"Gm15867",56,106,31,23
"Utp25",33,47,27,15
"A130010J15Rik",29,36,15,13
"Plxna2",23,28,19,11
"Gm37783",0,2,1,1
"Gm38036",2,1,0,0
"2900035J10Rik",1,4,1,0
"Gm16897",18,16,7,3
"Cd34",1198,1649,756,534
"A330023F24Rik",2,10,1,0
"Gm37334",1,1,0,2
"9630010A21Rik",1,4,5,0
"Cd46",0,5,1,2
"Gm37366",0,1,0,1
"Gm37132",3,2,0,1
"Cr1l",113,146,62,53
"Cr2",0,3,1,0
"Gm37392",0,0,2,1
"Fam171a1",51,75,29,20
"Nmt2",511,789,389,208
"Rpp38",167,228,118,77
"Meig1",0,1,1,1
"Dclre1c",5,18,10,3
"Suv39h2",62,80,31,18
"Gm13184",0,1,0,0
"Hspa14",327,494,230,146
"Msantd7",5,23,1,3
"Cdnf",0,1,1,0
"Fam107b",92,143,65,33
"Gm13181",1,1,0,0
"Frmd4a",130,149,72,47
"Gm13187",2,2,1,3
"Gm36988",8,8,5,3
"Prpf18",53,68,34,21
"Gm13196",2,5,2,0
"Bend7",5,2,5,2
"Sephs1",141,160,90,59
"Phyh",54,72,43,32
"ENSMUSG00000129577",9,11,6,2
"Mcm10",81,129,58,52
"Optn",20,36,21,17
"Camk1d",20,19,15,7
"Cdc123",354,467,259,144
"Nudt5",372,484,243,127
"Gm13199",1,1,3,0
"Sec61a2",52,88,37,47
"Gm13267",2,3,1,0
"Dhtkd1",2,5,3,2
"Upf2",145,154,87,61
"Echdc3",109,133,67,45
"1700014B07Rik",2,0,1,0
"Usp6nl",35,50,32,27
"Celf2",596,880,359,272
"Gm10855",2,4,2,1
"Gm10115",19,46,19,21
"Gm55636",7,6,6,2
"Gata3",11,13,11,6
"Taf3",137,176,108,63
"C630004M23Rik",0,5,1,0
"ENSMUSG00000134775",31,39,27,20
"Atp5f1c",2132,3067,1534,1002
"Kin",160,219,143,70
"ENSMUSG00000136651",5,28,8,11
"8030442B05Rik",1,1,1,0
"ENSMUSG00000141751",21,39,18,10
"Pfkfb3",0,6,0,0
"Rbm17",552,822,393,274
"Il15ra",34,40,26,15
"Fbh1",32,56,27,14
"Ankrd16",25,31,7,9
"Mindy3",117,175,106,44
"Gm37289",3,2,3,1
"Gm37255",11,8,4,3
"Gm38014",1,1,3,1
"Gm37565",0,2,0,1
"Pter",11,16,11,5
"Rsu1",282,418,194,116
"Gm37780",8,16,8,2
"Gm13270",2,4,0,2
"Cubn",25,33,17,5
"ENSMUSG00000138323",11,29,12,7
"Trdmt1",27,39,17,16
"ENSMUSG00000134718",3,3,1,1
"ENSMUSG00000134755",5,4,0,5
"Vim",19093,27816,14631,9519
"Hacd1",289,391,223,147
"Gm37894",1,4,2,0
"Stamos",6,5,1,2
"Stam",53,84,60,19
"Gm37499",0,4,1,0
"Gm13268",0,0,1,0
"Nsun6",30,51,21,14
"Gm36930",2,3,1,0
"Arl5b",19,23,9,15
"Gm38257",4,3,0,1
"ENSMUSG00000142676",9,15,10,6
"A930004D18Rik",21,42,25,14
"Gm13330",16,20,16,9
"Skida1",5,6,5,6
"1810059C17Rik",14,14,3,5
"Mllt10",146,221,103,69
"Dnajc1",246,363,183,127
"Gm13349",3,8,2,2
"ENSMUSG00000124547",7,7,4,3
"Commd3",52,82,60,25
"Bmi1",97,123,70,58
"Spag6",1,1,0,2
"Gm3363",22,33,12,17
"ENSMUSG00000125925",2,1,2,1
"Pip4k2a",30,45,22,20
"4930426L09Rik",0,0,1,1
"Armc3",9,11,11,6
"4930447M23Rik",2,1,2,0
"Msrb2",39,52,32,15
"Otud1",37,53,27,22
"Etl4",1,3,1,0
"Gm13328",0,3,0,0
"Arhgap21",61,89,47,29
"Gm13375",6,12,7,2
"Enkur",5,4,2,4
"Thnsl1",21,41,21,12
"Gm13341",2,5,0,2
"Gm13340",41,57,23,24
"ENSMUSG00000140457",2,3,1,0
"Apbb1ip",251,398,194,96
"ENSMUSG00000140518",0,7,0,1
"Pdss1",83,127,52,19
"Abi1",149,219,130,82
"ENSMUSG00000140700",64,60,30,23
"ENSMUSG00000140545",1,3,1,1
"Gm13357",0,0,1,1
"Acbd5",147,164,83,56
"Mastl",49,85,29,38
"ENSMUSG00000124399",0,2,1,0
"Yme1l1",246,343,157,102
"Gm13423",1,2,0,1
"Gm13422",1,5,0,2
"Gm38309",4,5,1,2
"Spopl",62,64,36,20
"Gm13392",0,8,0,0
"ENSMUSG00000134405",4,1,4,2
"Ehmt1",156,223,105,78
"Arrdc1",47,59,25,24
"Zmynd19",145,251,118,83
"Dph7",22,34,22,7
"Mrpl41",284,426,193,132
"Pnpla7",20,31,15,5
"Nsmf",22,44,21,16
"Gm13387",4,2,0,0
"Nrarp",18,16,8,6
"Tor4a",7,20,8,10
"ENSMUSG00000126783",0,2,0,1
"Nelfb",146,153,97,58
"Tubb4b",2571,3517,1673,1212
"ENSMUSG00000142784",1,3,0,2
"Ndor1.1",5,6,7,3
"Tmem203",69,87,40,31
"Tprn",25,41,20,8
"Ssna1",363,483,270,179
"Anapc2",173,228,129,76
"AA543186",7,8,5,1
"Man1b1",42,72,40,30
"ENSMUSG00000144051",17,20,9,7
"Dpp7",12,30,16,5
"Gm46732",2,0,1,2
"Uap1l1",168,276,168,123
"Sapcd2",78,110,49,32
"Entpd2",1,1,0,0
"Npdc1",402,579,334,194
"Abca2",33,32,11,7
"Paxx",59,81,53,19
"Clic3",1,0,2,0
"Ptgds",1,1,4,3
"C8g",3,7,3,1
"Fbxw5",68,92,44,30
"Traf2",81,89,42,39
"Gm13433",0,1,1,0
"ENSMUSG00000130999",2,4,6,2
"Edf1",1595,2289,1100,713
"Mamdc4",5,4,1,1
"Phpt1",79,111,64,40
"Ajm1",1,5,1,0
"Rabl6",319,481,221,202
"Fcna",3,10,4,4
"Sohlh1",1,5,2,2
"Camsap1",76,122,60,51
"Ubac1",218,350,154,118
"Nacc2",13,23,11,4
"ENSMUSG00000127737",8,33,1,1
"Tmem250",324,435,208,148
"Qsox2",53,55,34,23
"Gpsm1",16,31,20,15
"Dnlz",219,271,146,103
"Gm13562",0,0,1,0
"ENSMUSG00000137258",1,1,1,0
"Snapc4",18,21,12,14
"Gm13563",1,2,0,0
"Entr1",111,174,85,44
"Pmpca",119,162,75,50
"Inpp5e",13,21,14,12
"Sec16a",53,96,49,23
"0610009E02Rik",8,12,9,3
"Notch1",6,4,4,3
"Egfl7",79,112,46,23
"Agpat2",282,439,235,177
"Dipk1b",106,153,92,56
"Snhg7",594,871,401,291
"Snhg7os",3,3,4,3
"Surf6",66,86,48,32
"Med22",40,60,15,18
"Rpl7a",5967,8217,4157,2822
"Surf1",141,208,85,53
"Surf2",122,189,68,66
"Surf4",648,900,437,251
"ENSMUSG00000129257",0,1,0,2
"Rexo4",107,143,75,40
"Cacfd1",74,118,53,43
"Slc2a6",15,18,16,9
"Sardh",2,2,0,2
"Vav2",16,22,8,8
"Brd3os",22,18,11,4
"Brd3",357,509,241,161
"ENSMUSG00000123598",0,2,1,0
"ENSMUSG00000123640",1,9,2,1
"Wdr5",174,253,122,65
"Gm25541",4,7,2,4
"Gm13421",17,24,8,4
"Rxra",34,42,24,15
"2810430I11Rik",1,1,0,2
"Col5a1",184,274,149,93
"Olfm1",50,60,46,31
"Gm13373",2,5,2,1
"Ppp1r26",2,3,1,2
"Mrps2",72,109,57,30
"Rpsa-ps9",4,5,4,1
"Gm10134",1,1,0,1
"Ralgds",38,55,20,9
"Gtf3c5",25,44,23,22
"Tsc1",29,60,29,19
"Spaca9",8,9,9,6
"Gtf3c4",82,110,56,31
"Ddx31",35,47,27,9
"Cfap77",0,2,2,1
"Ttf1",79,77,60,33
"Setx",94,155,67,48
"6530402F18Rik",4,2,3,0
"Med27",85,123,56,35
"Rapgef1",82,118,69,34
"Trub2",56,53,26,28
"Coq4",54,92,47,30
"Slc27a4",33,61,16,26
"Urm1",166,215,92,83
"2600006K01Rik",3,2,0,2
"Cercam",10,15,8,7
"Odf2",93,156,83,41
"Gle1",120,185,76,71
"Sptan1",280,385,187,140
"Dync2i2",64,112,60,36
"Set",2669,3687,1765,1146
"Pkn3",26,34,7,9
"Zdhhc12",107,171,75,50
"Zer1",24,57,25,22
"Tbc1d13",16,22,8,7
"ENSMUSG00000131817",0,3,0,0
"Endog",1,3,1,0
"Spout1",83,102,40,34
"Kyat1",4,5,3,1
"1700084E18Rik",4,8,4,1
"Lrrc8a",81,122,62,53
"Phyhd1",1,2,1,0
"Dolk",53,82,41,21
"Nup188",101,159,83,49
"Sh3glb2",153,196,91,57
"Miga2",13,27,12,6
"Dolpp1",28,53,20,15
"Crat",47,86,61,38
"Ptpa",236,292,142,105
"ENSMUSG00000127773",0,1,1,0
"Ier5l",239,342,130,140
"Gm14486",2,0,1,1
"Gm14488",2,4,3,1
"ENSMUSG00000140964",5,2,1,0
"Ntmt1",274,372,196,126
"Asb6",55,71,37,22
"Prrx2",358,493,219,200
"Ptges",380,521,260,204
"ENSMUSG00000140337",6,11,9,3
"Tor1b",75,102,67,49
"Tor1a",222,298,147,93
"BC005624",198,323,159,130
"Usp20",16,22,11,9
"Fnbp1",92,128,78,68
"D330023K18Rik",12,19,13,9
"ENSMUSG00000139876",1,2,0,0
"Gpr107",120,134,71,48
"Ncs1",122,204,96,60
"Hmcn2",2,5,4,4
"Ass1",154,186,110,76
"ENSMUSG00000131362",1,1,1,0
"Fubp3",95,161,77,57
"Exosc2",132,192,94,74
"Gm13427",5,4,2,0
"Abl1",71,120,66,49
"Qrfp",25,57,9,24
"Lamc3",6,5,7,0
"Aif1l",110,191,86,48
"Nup214",156,179,83,55
"Gm16534",2,0,0,0
"Plpp7",2,2,0,1
"Prrc2b",248,321,174,105
"Gm13610",0,2,1,0
"Pomt1",40,70,29,21
"Uck1",50,78,43,22
"Gm13611",84,129,70,33
"Swi5",1570,2171,1053,687
"Golga2",49,74,43,20
"Dnm1",49,78,23,29
"ENSMUSG00000122254",0,3,1,0
"Ciz1",29,48,31,10
"Bbln",190,273,140,83
"Ptges2",103,169,76,60
"Gm13413",2,1,0,0
"Slc25a25",24,25,19,10
"Naif1",9,27,4,8
"Eeig1",4,3,3,6
"Dpm2",195,285,117,93
"St6galnac4",162,246,110,65
"St6galnac6",41,46,30,15
"Ak1",8,6,6,2
"Eng",11,33,13,7
"Fpgs",118,163,55,40
"Cdk9",315,419,203,133
"ENSMUSG00000131348",2,6,1,7
"Sh2d3c",15,17,19,9
"Tor2a",193,292,125,94
"Ptrh1",14,27,12,7
"Stxbp1",121,141,67,43
"Gm13524",2,3,1,1
"Gm13523",1,6,1,4
"Niban2",126,170,89,57
"Lrsam1",14,10,5,5
"Rpl12",13768,19067,9309,6418
"Gm57435",0,1,2,1
"Slc2a8",24,30,12,8
"Garnl3",4,3,1,1
"Gm38299",0,1,1,0
"Ralgps1",9,7,6,4
"Gm13528",1,3,1,0
"Angptl2",75,89,54,31
"Zbtb34",6,5,4,2
"Zbtb43",32,40,25,19
"Lmx1b",4,5,2,0
"C130021I20Rik",1,2,2,1
"Mvb12b",154,204,112,65
"Pbx3",87,113,71,43
"C79798",2,2,1,0
"Mapkap1",123,150,95,55
"Gm13408",1,2,3,0
"ENSMUSG00000128167",1,0,1,1
"ENSMUSG00000128129",2,5,3,0
"Gapvd1",225,312,161,95
"Gm57458",3,1,1,0
"Hspa5",3405,4697,2312,1694
"Rabepk",223,292,125,102
"Gm57450",10,16,8,7
"Fbxw2",282,356,195,141
"B3galt9",1,3,0,1
"Psmd5",242,300,164,108
"Gm57465",0,1,0,2
"Phf19",34,76,23,23
"Gm13448",3,1,1,0
"Traf1",128,187,80,55
"ENSMUSG00000128437",0,1,1,0
"Gm13450",0,1,1,0
"Gm57428",19,27,4,4
"Cntrl",72,82,41,41
"Rab14",586,883,446,298
"Gsn",603,856,459,341
"Gm43128",0,2,2,4
"Stom",42,53,25,22
"Glo1-ps",1,3,2,1
"Ggta1",50,87,34,24
"Gm43761",9,13,3,2
"Dab2ip",64,83,43,33
"ENSMUSG00000126242",1,1,1,0
"Ttll11",2,1,1,0
"Ndufa8",1359,2055,959,632
"Lhx6",8,9,6,3
"Rbm18",93,158,80,35
"Mrrf",121,166,79,44
"Ptgs1",139,207,123,85
"Gm43621",3,2,2,2
"Gm13436",71,92,45,29
"Pdcl",43,77,30,25
"Rc3h2",97,164,59,53
"Zbtb6",15,20,7,4
"Gm57468",4,7,1,3
"Zbtb26",21,31,10,13
"Rabgap1",74,114,52,42
"Strbp",169,241,117,87
"Gpr21",1,1,0,3
"Dennd1a",46,74,32,29
"Gm44283",5,8,7,1
"Gm44443",3,2,1,0
"Gm44291",3,5,1,4
"Gm13556",11,9,5,4
"Gm13589",0,2,0,0
"Nek6",102,155,77,39
"Psmb7",379,548,263,175
"Gm13586",1,2,1,0
"Nr5a1os",0,0,2,1
"Nr6a1",12,25,9,4
"Gm44146",2,3,0,0
"Nr6a1os",9,7,4,2
"Gm44144",1,2,0,6
"5730507A11Rik",6,31,9,8
"ENSMUSG00000143979",10,11,0,0
"Gm13496",1,0,1,1
"Wdr38",25,42,32,18
"Rpl35",8841,12493,6264,4070
"Arpc5l",516,733,348,221
"ENSMUSG00000131396",8,6,2,6
"Golga1",39,72,40,31
"Scai",25,35,17,15
"Gm16523",1,2,5,1
"Gm44027",5,1,0,3
"Ppp6c",192,252,116,69
"ENSMUSG00000143152",1,1,2,0
"Gm13453",4,5,6,4
"Gm13456",19,14,9,9
"Gm13461",1,5,0,0
"Gm54112",5,7,5,2
"Gm13464",0,1,0,1
"Gtdc1",25,36,16,19
"Gm57460",3,2,1,3
"Zeb2",127,201,98,101
"Zeb2os",8,17,2,6
"Gm13466",1,1,0,0
"Gm13470",19,32,8,10
"Gm13481",2,2,0,0
"Acvr2a",9,13,2,5
"Orc4",105,178,85,58
"Mbd5",10,12,7,8
"Epc2",98,143,81,59
"Kif5c",2,2,4,0
"ENSMUSG00000125969",0,1,0,0
"Mmadhc",285,426,205,147
"Gm13483",10,18,5,4
"ENSMUSG00000127559",0,0,1,1
"Rnd3",350,646,315,190
"Rbm43",67,135,69,47
"Nmi",349,460,269,188
"Tnfaip6",11,31,15,2
"Rif1",265,381,162,121
"Neb",2,1,1,0
"Arl5a",79,88,37,29
"A430018G15Rik",0,5,3,1
"Stam2",52,97,41,22
"Fmnl2",56,72,33,40
"ENSMUSG00000125281",3,5,5,2
"ENSMUSG00000129305",0,5,0,0
"Prpf40a",1044,1480,699,512
"Arl6ip6",153,232,103,64
"Idi1-ps1",1,1,0,1
"Nr4a2",41,59,35,22
"BB557941",10,14,2,2
"A930012O16Rik",5,7,4,7
"Gpd2",228,289,150,88
"Gm13535",1,1,1,1
"ENSMUSG00000130556",2,2,1,2
"Gm13532",1,1,0,0
"Cytip",18,31,24,26
"Gm13544",4,3,4,2
"Acvr1",44,75,35,14
"Upp2",21,29,14,10
"Ccdc148",2,1,3,5
"Pkp4",95,162,71,58
"ENSMUSG00000129617",1,2,0,0
"Tanc1",77,111,61,32
"Wdsub1",49,72,36,22
"Baz2b",129,148,99,63
"Gm13570",0,2,0,1
"Marchf7",188,297,159,99
"Cd302",29,46,25,8
"Rpl10a-ps4",2,0,1,2
"Ly75",55,63,35,28
"Rbms1",853,1195,579,379
"ENSMUSG00000127612",2,3,0,0
"ENSMUSG00000127702",2,1,0,0
"ENSMUSG00000127747",7,10,4,5
"ENSMUSG00000127656",1,1,1,0
"Tank",165,263,137,79
"Psmd14",809,1048,522,315
"Ifih1",66,132,59,39
"Gca",1,1,0,2
"Fign",13,25,15,6
"Cobll1",33,60,20,25
"Gm13594",7,10,1,2
"Scn3a",1,1,1,1
"Scn2a",1,1,0,0
"Ttc21b",53,85,38,41
"Xirp2",0,6,0,1
"Cers6",75,124,72,50
"Gm57462",9,15,7,6
"Gm37159",1,1,2,2
"Gm38236",3,8,4,4
"Gm37651",0,0,1,0
"ENSMUSG00000140201",1,1,0,0
"Gm37747",6,17,8,7
"Gm37666",1,1,1,0
"Gm38377",1,6,6,1
"Spc25",257,355,163,128
"Gm36393",3,3,1,2
"Dhrs9",10,15,11,7
"Bbs5",34,31,30,10
"Klhl41",0,1,1,2
"Fastkd1",11,15,6,6
"Ppig",857,1150,570,408
"Gm13622",6,10,3,3
"Cfap210",16,24,12,5
"Phospho2",53,83,39,24
"Klhl23",43,70,23,26
"Ssb",1389,1869,948,610
"Mettl5",85,149,62,45
"Mettl5os",6,10,11,7
"Ubr3",60,77,36,26
"Gm26558",2,1,0,0
"Gorasp2",453,642,279,195
"Tlk1",102,161,74,44
"Mettl8",30,34,13,9
"Dcaf17",64,98,36,28
"Dync1i2",538,813,405,278
"Slc25a12",86,111,44,43
"Gm57454",1,1,0,0
"Hat1",542,783,401,281
"Metap1d",42,58,34,22
"Dlx1as",13,13,8,5
"Dlx1",5,14,10,5
"Dlx2",1,0,1,0
"Platr26",1,0,1,0
"ENSMUSG00000125053",3,1,1,1
"Itga6",274,397,168,168
"Pdk1",87,123,56,70
"Map3k20",210,276,155,104
"ENSMUSG00000136597",2,5,0,2
"Cdca7",225,351,133,111
"Sp3",114,145,88,53
"Sp3os",38,57,34,12
"ENSMUSG00000141259",1,0,2,0
"ENSMUSG00000141340",1,0,1,1
"Ola1",1182,1591,773,492
"Gm13665",3,1,1,0
"Cir1",96,121,68,45
"Scrn3",16,30,18,13
"Gpr155",9,5,1,2
"D230022J07Rik",2,1,3,1
"Wipf1",58,78,36,30
"ENSMUSG00000138930",1,0,1,3
"Chrna1",3,5,8,1
"Chrna1os",16,28,12,16
"ENSMUSG00000121983",6,4,2,1
"Chn1os3",3,7,1,4
"Chn1",11,16,6,12
"Atf2",104,153,84,57
"ENSMUSG00000122568",4,9,6,2
"Atp5mc3",1671,2347,1113,828
"ENSMUSG00000123049",3,1,0,0
"Gm13668",1,1,0,0
"Lnpk",153,218,111,71
"Mrpl23-ps1",20,33,19,10
"Hoxd3os1",50,96,46,26
"Hoxd8",56,69,39,23
"Hoxd4",9,14,6,4
"Haglr",1,0,0,1
"Mtx2",1230,1607,825,549
"Gm14425",0,1,1,0
"Rps6-ps4",91,158,58,56
"ENSMUSG00000126186",8,10,2,0
"ENSMUSG00000126591",6,12,6,13
"Gm39858",0,2,1,0
"Gm39859",20,31,10,9
"Hnrnpa3",682,968,523,372
"Nfe2l2",283,371,232,109
"E030042O20Rik",5,7,0,3
"ENSMUSG00000124625",2,4,0,2
"ENSMUSG00000139231",1,0,0,0
"ENSMUSG00000131531",1,1,0,1
"Agps",82,137,55,42
"Ift70b",4,11,6,6
"Ift70a1",5,7,1,2
"Rbm45",11,29,13,8
"Osbpl6",8,10,9,5
"Prkra",154,196,83,65
"Fkbp7",53,85,42,27
"Plekha3",94,125,76,54
"Ttn",2,0,2,1
"Ccdc141",13,18,10,3
"Sestd1",147,214,98,72
"ENSMUSG00000138178",2,3,0,0
"Cwc22",106,148,67,33
"ENSMUSG00000142609",1,1,1,0
"Ube2e3",435,644,320,208
"Gm35748",0,5,19,0
"ENSMUSG00000141666",5,5,8,3
"Itprid2",48,68,27,24
"ENSMUSG00000141162",2,1,1,0
"Pde1a",2,5,0,1
"Dnajc10",231,354,167,110
"Frzb",0,3,0,0
"ENSMUSG00000139788",5,3,1,1
"Nckap1",163,239,115,70
"Gm13689",1,3,0,2
"ENSMUSG00000142054",3,1,0,0
"Dusp19",82,117,66,29
"Nup35",204,331,163,104
"ENSMUSG00000130204",13,14,13,5
"Zfp804a",0,2,2,3
"Gm13680",11,24,8,5
"Zc3h15",1015,1363,642,442
"Itgav",129,172,75,53
"Fam171b",13,23,16,13
"Calcrl",3,3,3,0
"Tfpi",68,117,49,47
"Ctnnd1",89,121,66,49
"Btbd18",2,4,4,2
"Selenoh",2265,3112,1417,1079
"Tmx2",95,108,39,45
"Med19",147,235,127,89
"Zdhhc5",97,94,74,50
"Clp1",54,91,43,17
"Ypel4",7,8,5,3
"Gm19426",13,17,7,10
"Serping1",1,2,0,1
"Ube2l6",81,131,79,48
"Timm10",336,455,189,108
"Slc43a3",132,197,91,69
"Ssrp1",1048,1395,675,450
"Tnks1bp1",29,57,25,18
"Gm13736",0,2,0,0
"Gm13743",0,0,1,2
"Or5w19",1,0,3,1
"Or4a39",0,2,1,0
"Ptprj",18,26,17,5
"Ptprjos1",0,4,4,1
"ENSMUSG00000123758",4,5,1,1
"ENSMUSG00000126844",2,1,0,1
"Nup160",60,103,49,29
"ENSMUSG00000137256",6,3,1,1
"ENSMUSG00000142628",0,4,1,0
"Fnbp4",114,158,77,44
"ENSMUSG00000133032",3,2,1,0
"Mtch2",796,1178,620,383
"ENSMUSG00000126654",1,0,1,0
"Ndufs3",307,422,193,141
"Kbtbd4",5,9,3,5
"Ptpmt1",528,758,344,251
"ENSMUSG00000126686",11,18,16,10
"Celf1",320,458,234,167
"Gm13778",1,1,0,0
"Rapsn",2,2,0,0
"Psmc3",958,1390,653,479
"Slc39a13",128,197,87,75
"Gm57424",4,4,1,3
"Madd",17,35,13,13
"Acp2",28,41,17,14
"Ddb2",0,5,0,1
"A330069E16Rik",34,30,25,5
"Pacsin3",72,110,58,33
"Arfgap2",23,39,16,15
"Cstpp1",67,108,44,30
"ENSMUSG00000131344",0,1,1,1
"Gm13787",1,1,1,0
"Lrp4",24,26,11,10
"Ckap5",294,403,202,148
"ENSMUSG00000134176",4,12,1,5
"ENSMUSG00000134209",3,3,3,0
"F2",1,3,0,0
"Gm13771",0,1,1,1
"Zfp408",7,9,3,4
"Arhgap1",109,157,74,62
"Atg13",40,47,29,15
"Harbi1",20,28,15,9
"Ambra1",17,42,15,11
"ENSMUSG00000138016",0,1,1,0
"Dgkz",69,117,49,41
"Creb3l1",8,6,3,3
"2900072N19Rik",1,1,0,0
"Gm57461",3,6,3,2
"ENSMUSG00000123701",0,2,0,0
"ENSMUSG00000142736",1,2,0,0
"Phf21a",68,97,56,34
"Gm13785",2,1,1,0
"Pex16",64,100,49,37
"Frey1",0,1,1,1
"Mapk8ip1",23,30,13,5
"Cry2",31,41,16,14
"ENSMUSG00000138299",1,1,2,1
"Slc35c1",30,49,22,15
"Gm13816",13,24,11,10
"Prdm11",5,5,2,2
"ENSMUSG00000140272",0,0,0,3
"Trp53i11",1,0,3,0
"Cd82",75,85,44,35
"Ext2",250,420,218,140
"Accs",24,30,14,14
"Gm13889",10,10,8,7
"Alkbh3",105,131,68,44
"Hsd17b12",474,676,337,211
"Mir670hg",1,1,0,0
"Ttc17",18,19,9,7
"2810002D19Rik",27,37,17,18
"Api5",56,79,40,29
"ENSMUSG00000135935",8,23,20,17
"Iftap",132,198,99,66
"Traf6",29,35,24,9
"Prr5l",2,1,2,0
"Commd9",89,154,70,58
"Ldlrad3",8,15,9,8
"Gm13919",0,5,2,0
"Gm13921",0,2,0,2
"Trim44",85,136,56,35
"Gm13868",2,6,1,6
"Cd44",412,547,270,196
"Gm57471",4,6,0,1
"Pdhx",62,96,56,33
"Apip",232,296,155,98
"Cat",78,96,55,42
"Abtb2",11,11,7,5
"Nat10",54,67,35,18
"Caprin1",601,829,387,305
"ENSMUSG00000134152",1,5,2,0
"ENSMUSG00000134028",3,5,6,2
"4931422A03Rik",2,1,1,0
"Fbxo3",106,145,80,52
"Cd59b",0,2,2,5
"Cd59a",4,5,7,3
"Gm13882",2,3,0,0
"Hipk3",33,56,32,25
"Platr14",12,18,11,11
"Cstf3",108,133,60,43
"Tcp11l1",31,61,30,13
"Depdc7",13,13,6,7
"Qser1",78,125,41,42
"2310047K21Rik",10,16,4,2
"Prrg4",12,21,5,11
"Ccdc73",23,21,19,13
"Eif3m",1254,1798,850,598
"Rcn1",349,432,234,156
"Elp4",18,27,15,16
"Immp1l",192,287,142,94
"Dnajc24",155,224,98,66
"ENSMUSG00000125495",2,3,1,1
"Arl14ep",74,100,60,27
"Mettl15",18,35,14,20
"Kif18a",90,167,78,45
"Bdnf",504,773,375,232
"Gm13932",1,2,0,0
"Lin7c",173,254,138,95
"Lgr4",27,36,18,6
"Ccdc34",876,1273,622,405
"Fibin",1,1,1,0
"Gm13935",5,6,2,2
"Or4f6",2,3,1,1
"Lpcat4",73,103,41,35
"Nutm1",5,3,1,3
"Nop10",1366,1898,1019,635
"Slc12a6",50,41,27,23
"Emc4",431,637,348,227
"Gm57464",3,4,1,0
"Katnbl1",133,238,107,76
"ENSMUSG00000127633",13,13,10,11
"Emc7",723,1005,553,330
"Aven",153,214,121,70
"Fmn1",48,72,38,22
"Gm13963",1,4,0,0
"Gm13964",1,16,2,0
"Grem1",234,326,209,158
"Scg5",1,0,0,2
"Arhgap11a",109,139,76,50
"Gm21596",58,55,38,32
"Aqr",147,223,65,78
"Zfp770",25,47,24,16
"Dph6",172,269,133,82
"3110099E03Rik",2,1,0,2
"Cdin1",26,39,13,10
"Meis2",194,278,126,115
"G630016G05Rik",4,21,7,4
"2700033N17Rik",2,4,0,0
"Gm29340",12,26,12,15
"ENSMUSG00000131844",0,5,1,1
"Spred1",104,160,71,58
"Fam98b",257,335,169,133
"ENSMUSG00000138372",0,2,2,1
"Gm13986",2,13,5,2
"Thbs1",728,1196,636,346
"Fsip1",1,4,2,0
"Gpr176",11,17,11,5
"Eif2ak4",57,90,38,25
"Srp14",870,1133,535,387
"Bmf",3,6,1,9
"ENSMUSG00000134779",1,1,5,1
"Bub1b",236,306,152,96
"Inafm2",34,40,16,13
"Ccdc9b",6,13,7,3
"Knstrn",261,392,201,168
"Gm14091",1,2,0,1
"Ivd",33,73,23,15
"Bahd1",22,34,17,17
"Chst14",60,81,51,26
"Gm14089",5,5,2,2
"Ccdc32",82,121,57,33
"Rpusd2",7,12,5,5
"ENSMUSG00000125780",1,4,0,0
"Knl1",178,266,125,87
"Gm57476",10,7,3,4
"Rad51",226,308,162,118
"Rmdn3",24,36,20,17
"Gchfr",312,426,233,178
"Dnajc17",84,101,45,36
"Gm14137",48,85,51,19
"Gm14138",1,3,1,0
"Zfyve19",107,158,62,39
"Vps18",22,20,20,5
"Chac1",139,150,104,65
"Ino80",82,140,61,37
"ENSMUSG00000137581",24,24,12,11
"Exd1",2,1,0,0
"Chp1",127,175,70,49
"Oip5os1",233,312,168,106
"Oip5",40,54,31,16
"Nusap1",397,533,246,215
"Ndufaf1",101,150,66,49
"ENSMUSG00000131401",2,0,1,0
"Rtf1",706,968,502,290
"ENSMUSG00000143696",2,1,1,0
"Itpka",8,8,8,2
"Rpap1",49,78,53,32
"Tyro3",39,65,42,25
"ENSMUSG00000141010",1,8,2,4
"Mga",124,177,99,69
"Mapkbp1",12,10,5,4
"Jmjd7",16,13,7,6
"Ehd4",230,323,178,99
"Vps39",45,51,19,14
"Tmem87a",19,21,11,8
"Ganc",11,23,15,9
"Zfp106",297,432,210,144
"Snap23",97,120,70,50
"Lrrc57",24,28,14,6
"Haus2",64,88,36,28
"Stard9",19,29,12,8
"Cdan1",15,31,14,12
"Ttbk2",15,20,8,3
"AV039307",2,4,1,1
"Ubr1",43,49,24,18
"ENSMUSG00000128623",0,2,2,2
"Tmem62",12,23,10,8
"Ccndbp1",99,151,74,50
"Lcmt2",51,65,29,18
"Adal",11,27,9,10
"Zscan29",37,36,18,13
"Tubgcp4",48,79,30,22
"Trp53bp1",23,44,20,15
"Map1a",47,72,38,30
"Ppip5k1",15,23,8,7
"Catsper2",8,13,4,4
"Pdia3",1252,1828,879,617
"Serf2",379,561,243,181
"Hypk",202,270,148,87
"Mfap1b",76,124,58,34
"ENSMUSG00000135337",1,1,1,0
"Gm14017",4,14,6,3
"Mfap1a",49,63,38,32
"Wdr76",59,74,43,22
"Frmd5",2,3,1,1
"Gm14019",2,2,3,1
"Golm2",131,168,93,53
"Mageb3",0,2,0,0
"Ctdspl2",102,142,54,61
"ENSMUSG00000131571",1,2,0,0
"ENSMUSG00000131608",3,0,0,0
"Eif3j1",625,811,342,228
"Spg11",9,23,7,3
"ENSMUSG00000141785",8,7,4,1
"B2m",2670,3765,1977,1492
"Sord",25,39,13,22
"Duoxa1",0,3,0,0
"Shf",21,32,19,16
"ENSMUSG00000125205",0,2,0,0
"Gatm",311,461,214,149
"Afg2b",29,49,13,16
"AA467197",59,62,33,24
"ENSMUSG00000138972",2,0,0,1
"Slc30a4",112,182,74,59
"4930417H01Rik",6,14,5,5
"Bloc1s6os",28,42,25,13
"Bloc1s6",115,174,84,59
"Sqor",73,102,68,43
"Myef2",109,145,70,33
"ENSMUSG00000133757",0,3,1,1
"Slc12a1",0,1,1,0
"Gm14002",6,8,4,3
"Dut",2210,3129,1480,897
"Fbn1",155,200,114,70
"Cep152",21,39,12,14
"Shc4",2,1,0,3
"Eid1",435,561,295,209
"Secisbp2l",51,103,63,44
"Cops2",393,524,279,156
"Galk2",162,220,123,47
"Fgf7",411,690,312,187
"Dtwd1",142,219,97,61
"Atp8b4",2,3,5,1
"Hdc",2,4,4,0
"Gabpb1",112,157,77,42
"Gm27003",2,9,5,5
"Usp8",112,181,90,76
"Usp50",531,801,377,251
"Trpm7",196,303,131,89
"Gm14212",0,2,0,0
"Sppl2a",116,164,107,70
"ENSMUSG00000136104",14,12,4,2
"Ap4e1",18,21,9,10
"ENSMUSG00000141020",5,3,0,0
"Blvra",300,389,181,110
"Ncaph",199,312,149,94
"Itpripl1",28,20,13,9
"1810024B03Rik",26,36,26,10
"Snrnp200",185,292,175,105
"Ciao1",144,208,98,75
"Tmem127",48,47,32,24
"Gm10766",0,1,0,2
"Stard7",87,116,68,61
"Dusp2",10,8,5,3
"Zfp661",6,5,2,3
"Mrps5",415,567,290,174
"ENSMUSG00000129687",1,0,1,1
"Nphp1",81,140,60,38
"Mtln",185,297,112,87
"Bub1",148,245,118,73
"Acoxl",1,2,2,1
"ENSMUSG00000141164",4,4,3,3
"Bcl2l11",59,76,40,49
"Gm14009",12,16,7,3
"Morrbid",188,286,147,89
"ENSMUSG00000134562",1,2,0,1
"Gm14010",6,1,5,0
"ENSMUSG00000134678",3,4,6,0
"Gm39929",2,1,1,0
"Anapc1",220,287,164,89
"ENSMUSG00000139237",5,7,3,3
"Mertk",40,41,14,13
"Tmem87b",38,38,20,21
"Zc3h8",57,104,50,28
"Gm10762",45,57,27,18
"Zc3h6",2,5,5,0
"Ttl",47,68,40,21
"Polr1b",48,73,23,30
"Chchd5",129,169,87,66
"Gm14029",5,5,1,1
"ENSMUSG00000140244",1,4,2,0
"Gm4430",3,0,1,0
"Slc20a1",227,441,168,132
"ENSMUSG00000123181",0,1,0,0
"9830144P21Rik",1,1,1,1
"Ckap2l",132,193,78,58
"Gm14023",2,5,1,1
"Spcs2-ps",1,1,1,1
"Gm14046",1,2,0,0
"Stk35os1",6,7,5,2
"Stk35",24,38,18,19
"ENSMUSG00000139669",0,2,0,2
"Snrpb",2737,3649,1755,1296
"2810036E18Rik",41,73,28,19
"Nop56",562,788,377,237
"Gm24451",5,4,3,1
"Idh3b",321,475,222,175
"ENSMUSG00000126148",9,14,2,4
"Ebf4",1,5,3,1
"Gm14044",1,7,3,2
"Pced1a",27,35,20,7
"Vps16",58,89,55,32
"Ptpra",278,348,169,140
"9530056E24Rik",15,29,11,4
"Mrps26",499,701,343,229
"Ubox5",22,20,10,6
"Fastkd5",22,30,16,6
"Lzts3",5,14,6,7
"Ddrgk1",449,645,327,206
"Itpa",215,275,142,102
"Slc4a11",12,11,2,2
"ENSMUSG00000122731",2,1,1,0
"Dnaaf9",114,181,86,58
"Gm14057",158,234,97,64
"C030014O09Rik",1,0,1,0
"A730017L22Rik",4,12,0,5
"Atrn",91,125,43,42
"Gm14049",4,4,2,1
"ENSMUSG00000135543",5,8,2,2
"Gfra4",39,64,36,24
"ENSMUSG00000143653",2,1,1,0
"Hspa12b",24,55,24,14
"Adissp",184,230,97,62
"Spef1",3,2,3,1
"Cenpb",331,546,267,196
"Cdc25b",110,176,74,60
"Ap5s1",21,46,16,10
"Mavs",48,47,34,22
"ENSMUSG00000132972",2,6,2,0
"Pank2",209,274,123,82
"Rnf24",95,123,67,42
"Snrpert",60,65,36,19
"Gm57422",2,2,0,1
"Smox",83,105,74,55
"Gm14285",0,2,2,1
"ENSMUSG00000123068",0,3,1,0
"Prnp",92,136,83,41
"Rassf2",1,0,1,0
"Slc23a2",49,67,31,32
"Tmem230",95,161,89,40
"Pcna",923,1243,628,428
"AV099323",18,21,12,14
"Cds2",62,110,50,42
"Gpcpd1",18,24,14,11
"Shld1",21,21,10,5
"Gm14097",2,0,0,0
"Trmt6",293,449,189,122
"Mcm8",52,77,49,24
"Crls1",250,342,158,94
"Bmp2",5,2,0,1
"Hao1",26,38,13,14
"Tmx4",138,213,90,98
"Plcb1",1,3,2,0
"Platr3",0,2,1,0
"Plcb4",61,56,40,21
"Ankef1",1,1,0,0
"Mkks",31,45,20,13
"Slx4ip",17,51,16,10
"Jag1",10,20,7,6
"Btbd3",27,44,22,6
"Tasp1",70,108,58,45
"ENSMUSG00000132442",1,0,1,0
"Esf1",559,778,399,271
"Ndufaf5",83,107,47,33
"Macrod2",43,54,26,12
"Flrt3",2,6,3,0
"Kif16b",26,35,18,11
"Kif16bos",1,0,0,1
"Snrpb2",636,991,486,310
"Bfsp1",0,2,0,0
"Gm11686",1,4,0,2
"Dstn",1415,2199,1074,564
"Rrbp1",1391,2065,896,648
"Gm11687",8,8,4,2
"Gm57455",3,12,8,2
"Snx5",651,982,437,266
"Gm11688",4,4,4,1
"Mgme1",58,74,39,20
"Kat14",50,76,41,32
"Dzank1",1,3,0,3
"Polr3f",42,44,32,12
"Rbbp9",28,41,25,10
"Sec23b",150,216,86,81
"Smim26",192,307,127,100
"Dtd1",179,257,122,65
"Rin2",55,58,34,49
"ENSMUSG00000135562",1,2,0,0
"ENSMUSG00000129131",0,5,2,2
"Naa20",643,812,452,284
"Crnkl1",110,166,79,54
"Ralgapa2",34,42,17,8
"ENSMUSG00000132025",1,6,1,0
"Kiz",29,47,31,21
"ENSMUSG00000127403",4,1,3,1
"Xrn2",484,705,322,239
"Thbd",19,30,36,7
"ENSMUSG00000137341",0,3,0,0
"Nxt1",306,426,185,105
"Gzf1",32,60,42,21
"Napb",11,18,10,6
"Cst3",2324,3408,1792,1237
"Zfp120",21,40,15,17
"Zfp1004",1,13,8,5
"Zfp1005",5,6,5,2
"3300002I08Rik",2,0,0,0
"Zfp1001",15,19,12,6
"Zfp442",4,10,6,2
"Zfp345",7,11,4,2
"Gm14121",1,2,1,1
"Apmap",46,70,25,21
"Gm14123",0,5,1,4
"Entpd6",39,55,20,15
"Pygb",48,89,33,25
"Abhd12",165,250,114,82
"ENSMUSG00000143046",0,3,0,2
"Gins1",102,112,51,55
"Ninl",51,62,26,9
"Nanp",124,175,78,66
"ENSMUSG00000122003",1,2,0,0
"Gm14150",2,0,2,0
"Nsfl1c",491,691,308,221
"Gm14167",12,16,6,6
"Fkbp1a",1488,2042,998,650
"Sdcbp2",2,2,2,0
"Psmf1",131,172,110,52
"Gm14154",5,4,2,1
"Fam110a",79,138,55,46
"Slc52a3",5,2,1,2
"ENSMUSG00000133734",3,1,1,2
"Srxn1",96,136,75,58
"Tcf15",3,10,2,2
"Rps15a-ps7",22,27,4,8
"Gm57421",6,9,5,3
"Csnk2a1",153,184,105,72
"Tbc1d20",120,184,73,50
"Rbck1",239,376,188,131
"Trib3",138,193,95,69
"Gm14165",12,20,6,2
"Sox12",65,97,44,33
"ENSMUSG00000138200",0,9,1,0
"Zcchc3",57,86,44,37
"6820408C15Rik",1,1,1,0
"Defb25",42,51,23,16
"Rem1",1,1,0,2
"1700030C14Rik",0,4,2,2
"H13",512,715,336,220
"Mcts2",58,91,50,22
"Id1",1,3,1,0
"Bcl2l1",271,392,186,163
"ENSMUSG00000128466",1,1,1,0
"Tpx2",577,881,404,320
"Ttll9",1,0,0,0
"Pdrg1",118,185,88,93
"Tm9sf4",105,162,82,47
"Tspyl3",0,2,1,0
"Plagl2",38,58,37,16
"Pofut1",47,69,32,20
"ENSMUSG00000134889",0,1,0,0
"ENSMUSG00000126098",0,2,1,0
"Kif3b",19,24,12,15
"2500004C02Rik",10,14,11,7
"ENSMUSG00000129004",0,1,1,2
"Asxl1",70,112,56,42
"Nol4l",17,42,22,4
"Commd7",246,334,160,118
"Dnmt3b",8,15,11,9
"Mapre1",778,1066,495,329
"ENSMUSG00000139485",0,1,1,1
"Gm14494",4,5,2,1
"Bpifb4",5,1,1,0
"Cdk5rap1",24,41,19,8
"Snta1",50,69,34,31
"Cbfa2t2",74,108,77,51
"Necab3",5,5,1,1
"E2f1",133,185,90,59
"Pxmp4",36,62,36,10
"4930519P11Rik",2,0,2,0
"Zfp341",8,3,8,4
"Chmp4b",515,681,357,264
"Rpl5-ps2",0,0,0,2
"Raly",1114,1480,748,488
"Eif2s2",3354,4397,2143,1420
"Ahcy",50,45,30,20
"Itch",118,169,58,48
"Gm14227",4,10,4,3
"Dynlrb1",1129,1616,807,571
"Map1lc3a",353,565,287,193
"Pigu",37,89,30,34
"Trp53inp2",6,10,5,5
"Ncoa6",61,97,37,32
"Gm14239",4,3,2,4
"Ggt7",3,2,3,1
"Acss2",17,16,7,5
"Gss",85,94,48,29
"Trpc4ap",223,327,173,119
"Edem2",217,282,149,84
"ENSMUSG00000133411",2,4,0,0
"Procr",186,315,157,89
"Mmp24os1",16,25,10,10
"Eif6",1855,2563,1312,875
"Gm16098",1,1,1,0
"Uqcc1",86,114,58,46
"ENSMUSG00000139205",2,0,1,0
"ENSMUSG00000139244",6,7,0,1
"Cep250",85,103,62,42
"6430550D23Rik",0,2,1,0
"Ergic3",403,548,298,217
"Spag4",14,10,4,4
"Gm37274",5,14,6,4
"Rbm12",53,82,29,28
"Nfs1",80,129,72,34
"Romo1",1621,2228,1193,700
"Rbm39",1112,1563,743,531
"ENSMUSG00000131611",13,16,5,11
"ENSMUSG00000133138",2,1,0,1
"Phf20",95,159,72,55
"Scand1",767,1168,549,384
"Cnbd2",4,4,2,0
"Gm14251",0,1,1,1
"Norad",108,154,81,66
"Gm14173",4,1,1,1
"Epb41l1",69,104,48,46
"Aar2",57,68,32,18
"Gm14168",1,0,1,0
"Dlgap4",168,267,128,98
"4930405A21Rik",5,3,2,1
"ENSMUSG00000139190",2,1,0,3
"5730471H19Rik",17,21,11,10
"Myl9",2,3,1,1
"5430405H02Rik",22,54,28,19
"Gm37790",1,1,1,0
"4930518I15Rik",8,1,3,4
"Rab5if",3,10,4,2
"Sla2",0,2,1,0
"Ndrg3",1249,1978,801,477
"Gm14276",5,4,1,1
"Dsn1",40,65,38,30
"Mtcl2",16,21,10,8
"Samhd1",214,329,159,91
"Rbl1",60,95,53,29
"Gm14277",9,12,4,4
"ENSMUSG00000142757",1,2,6,0
"Rpn2",920,1337,681,444
"ENSMUSG00000142939",0,0,1,1
"Manbal",303,440,198,144
"Src",133,175,77,42
"Gm14279",0,1,1,1
"Gm14286",1,0,1,0
"Blcap",51,58,34,25
"Gm57477",5,9,6,3
"Ctnnbl1",155,206,104,62
"Tti1",28,38,22,16
"Rprd1b",144,191,90,68
"Tgm2",42,51,29,31
"Lbp",1,2,2,0
"Snhg17",91,116,60,30
"Ralgapb",37,60,40,21
"Actr5",22,45,25,12
"Ppp1r16b",7,22,9,7
"Fam83d",68,109,49,44
"Dhx35",19,25,12,6
"Top1",1046,1423,761,466
"ENSMUSG00000135486",1,0,1,1
"Plcg1",43,76,28,26
"Gm27206",3,4,3,3
"Zhx3",15,54,18,10
"Lpin3",3,1,0,0
"Chd6",88,142,65,37
"Gm45447",0,2,0,0
"ENSMUSG00000139098",4,2,1,3
"Gm11450",1,3,0,1
"Gm11451",2,2,2,1
"Srsf6",690,1022,484,318
"L3mbtl1",0,1,0,0
"Gm11453",1,2,2,0
"Ift52",130,176,94,72
"Mybl2",155,255,115,80
"Jph2",1,0,0,1
"Oser1",163,267,129,72
"2900093K20Rik",10,26,10,18
"Fitm2",23,35,17,14
"Ttpal",23,42,19,14
"Serinc3",207,296,154,105
"0610039K10Rik",2,0,0,0
"Pkig",249,339,177,152
"Gm16316",1,0,2,0
"Ada",61,77,38,32
"Ywhab",1099,1572,791,506
"Pabpc1l",1,0,1,0
"Tomm34",159,212,110,78
"Stk4",116,146,60,45
"Slpi",17,20,25,16
"Sdc4",997,1437,667,442
"Sys1",656,938,429,318
"Gm14302",0,2,0,0
"Dbndd2",6,10,9,8
"ENSMUSG00000137503",2,0,0,1
"Pigt",121,170,67,47
"Gm14317",2,5,1,0
"ENSMUSG00000125521",1,0,1,1
"ENSMUSG00000125560",2,0,2,1
"Wfdc2",1,2,1,2
"Wfdc3",1,7,2,3
"Dnttip1",276,408,206,107
"Gm11457",2,8,3,4
"Ube2c",2196,3273,1579,1200
"Snx21",69,120,56,24
"Acot8",35,68,23,13
"Zswim3",10,9,8,5
"Zswim1",43,60,22,17
"Neurl2",23,32,21,12
"Ctsa",146,231,134,88
"Pltp",20,6,9,4
"ENSMUSG00000139909",3,5,1,1
"ENSMUSG00000140336",1,5,2,1
"Pcif1",174,257,127,73
"Zfp335",2,3,2,1
"Zfp335os",7,14,6,3
"Mmp9",11,17,6,3
"Slc12a5",1,1,0,0
"Ncoa5",75,90,44,32
"Gm57463",19,24,8,8
"Slc35c2",98,132,52,50
"Elmo2",52,81,25,19
"Zfp334",24,28,21,14
"Trp53rka",30,51,24,20
"Zmynd8",220,308,144,104
"ENSMUSG00000136541",1,3,0,0
"BC046401",7,6,3,3
"ENSMUSG00000134046",9,21,9,6
"Gm11464",0,1,0,1
"Ncoa3",63,94,53,35
"ENSMUSG00000140770",4,3,2,0
"Prex1",5,8,4,2
"Trp53rkb",46,54,32,29
"Arfgef2",19,41,19,9
"ENSMUSG00000130260",6,10,2,3
"Cse1l",484,700,270,226
"Gm17096",4,7,1,1
"Stau1",119,164,104,55
"ENSMUSG00000141627",11,10,0,0
"Ddx27",628,958,434,277
"Znfx1",34,59,43,19
"ENSMUSG00000123643",3,5,4,1
"Zfas1",438,624,335,292
"Kcnb1",2,0,0,0
"Ptgis",18,12,11,5
"ENSMUSG00000130144",0,3,2,1
"ENSMUSG00000143890",3,2,3,1
"B4galt5",63,69,40,24
"ENSMUSG00000130195",1,1,0,1
"Slc9a8",28,41,19,16
"Spata2",35,28,15,17
"Rnf114",49,83,42,31
"ENSMUSG00000142512",2,1,0,0
"ENSMUSG00000125353",1,0,0,0
"Snai1",32,50,24,18
"Gm31619",2,1,1,2
"Ube2v1",5,11,7,4
"Peds1",109,169,95,66
"Cebpb",731,989,532,346
"A530013C23Rik",7,6,4,1
"ENSMUSG00000131867",0,0,2,1
"9230111E07Rik",9,13,8,4
"Ptpn1",213,346,168,101
"Ripor3",1,2,1,0
"Gm57439",0,1,1,0
"Pard6b",10,23,14,7
"Adnp",16,17,9,5
"ENSMUSG00000133716",3,7,1,1
"Dpm1",154,166,99,90
"ENSMUSG00000139543",1,1,1,0
"Mocs3",21,26,19,11
"Nfatc2",0,3,0,0
"Atp9a",2,2,2,0
"Zfp64",107,171,91,46
"Zfp217",28,23,18,15
"ENSMUSG00000136287",1,0,1,2
"Gm17619",2,3,1,1
"ENSMUSG00000133648",0,1,1,0
"Gm14270",7,15,2,2
"ENSMUSG00000138233",1,2,0,0
"ENSMUSG00000129910",5,9,4,2
"Pfdn4",499,697,330,223
"Gm40003",2,4,0,0
"Gm14263",0,7,2,1
"ENSMUSG00000129166",1,1,1,5
"Fam210b",49,70,45,20
"Aurka",243,395,208,145
"Cstf1",103,112,70,53
"Gm14455",9,12,7,3
"Rtf2",182,234,99,77
"ENSMUSG00000136474",0,5,4,2
"Gm14303",145,217,106,88
"Spo11",2,9,2,0
"Rae1",407,511,269,172
"Rbm38",60,94,52,33
"Zbp1",116,164,110,59
"Pmepa1",499,715,347,214
"ENSMUSG00000125456",1,2,0,0
"Pmepa1os",0,2,1,1
"ENSMUSG00000131748",1,1,0,1
"ENSMUSG00000128695",1,4,1,0
"Ppp4r1l-ps",61,90,47,39
"Rab22a",206,305,144,103
"Vapb",256,368,179,124
"Vamp7-ps",8,4,1,0
"Stx16",108,161,91,57
"Npepl1",408,552,284,192
"Gnasas1",5,8,1,4
"Gnas",4654,6540,3295,2242
"ENSMUSG00000132887",17,18,6,8
"Nelfcd",118,161,75,55
"Ctsz",770,1078,515,357
"Atp5f1e",3656,5363,2525,1710
"Prelid3b",441,650,302,192
"ENSMUSG00000141632",0,1,0,2
"Gm14393",0,1,0,1
"Gm14399",8,8,4,3
"Gm14443",4,9,3,3
"Gm14391",1,0,2,0
"Zfp1009",3,0,1,1
"Gm4631",5,6,0,2
"Gm4724",0,4,0,0
"Gm6710",16,27,13,7
"ENSMUSG00000131269",1,2,0,0
"Zfp973",3,0,1,0
"Gm14305",12,18,12,3
"Gm14295",13,23,8,3
"Gm14408",0,2,1,1
"Gm14296",10,16,10,8
"Gm14401",1,0,0,0
"Gm14411",0,2,1,0
"Gm14410",3,4,1,1
"Gm14418",10,16,3,14
"Gm14403",2,7,3,3
"Gm14325",5,12,7,0
"Rps8-ps5",3,2,1,2
"Zfp1003",4,8,4,3
"Zfp972",3,2,3,0
"Gm14326",6,5,5,5
"Zfp971",7,7,3,6
"Zfp931",31,50,28,15
"Ppp1r3d",4,15,4,3
"Fam217b",42,47,33,21
"Cdh26",69,97,36,24
"Taf4",29,45,25,15
"4921531C22Rik",7,10,5,10
"Lsm14b",47,70,31,24
"Psma7",3740,4896,2341,1670
"Ss18l1",3,7,1,0
"Mtg2",89,105,43,46
"Osbpl2",57,90,47,31
"Adrm1",683,903,450,289
"Lama5",1,0,1,0
"Rps21",20688,28935,14479,9843
"Mir3091",1,1,1,0
"Cables2",36,46,20,18
"B230312C02Rik",14,19,4,5
"ENSMUSG00000140314",3,5,2,2
"Mrgbp",83,143,60,48
"Ogfr",305,445,235,160
"Col9a3",2,4,0,2
"Dido1",60,129,48,44
"Gid8",110,170,67,62
"ENSMUSG00000136603",4,2,0,0
"Gm30455",15,26,11,7
"Slc17a9",4,4,1,2
"Ythdf1",166,247,109,75
"Arfgap1",43,69,34,22
"9230112E08Rik",0,4,0,2
"Col20a1",1,1,1,1
"Ppdpf",205,266,142,120
"ENSMUSG00000132811",25,78,10,1
"Helz2",24,38,21,16
"Gmeb2",27,47,18,16
"Rtel1",75,87,42,23
"Arfrp1",169,236,98,59
"Zgpat",39,62,30,31
"Slc2a4rg-ps",8,11,6,4
"Zbtb46",15,27,13,9
"ENSMUSG00000126923",2,0,0,1
"ENSMUSG00000127004",1,1,1,1
"Tpd52l2",412,618,310,211
"Dnajc5",169,286,153,80
"Uckl1",67,111,50,37
"Uckl1os",1,1,1,1
"Zfp512b",38,44,22,18
"Prpf6",190,308,160,94
"Samd10",10,17,4,4
"Tcea2",14,18,8,4
"Rgs19",320,442,238,144
"Pcmtd2",20,24,14,22
"Gm57457",10,18,6,5
"Polr3k",175,256,118,89
"Rps24-ps2",0,0,2,0
"Zfhx4",27,48,17,15
"Pex2",266,353,172,132
"Gm8797",15,10,4,5
"Zc2hc1a",150,204,102,85
"Il7",10,19,10,7
"Gm5841",1,3,0,1
"Mrps28",412,616,291,206
"Gm15467",2,2,2,1
"ENSMUSG00000123087",2,5,2,1
"Tpd52",370,531,281,179
"Zbtb10",16,32,7,17
"C030034L19Rik",2,0,2,0
"Zfp704",97,169,87,71
"Gm38001",1,0,2,0
"Pag1",2,5,2,2
"Myef2l",4,3,3,0
"Fabp4",20,32,6,13
"Impa1",269,427,176,138
"Zfand1",89,124,59,45
"Chmp4c",6,8,5,1
"Snx16",74,124,46,45
"Gm37164",2,2,0,0
"ENSMUSG00000138891",2,1,0,0
"Lrrcc1",147,201,121,91
"E2f5",93,105,62,30
"Rbis",574,863,380,290
"Car13",56,103,53,26
"Gm16399",2,2,1,0
"Car2",0,0,2,1
"ENSMUSG00000123098",2,2,1,1
"Ythdf3",71,123,69,44
"Gm5844",2,8,1,3
"ENSMUSG00000134910",11,20,8,5
"Armc1",386,576,260,156
"ENSMUSG00000133534",1,0,5,0
"Mtfr1",254,361,170,97
"Pde7a",178,268,120,104
"ENSMUSG00000142576",4,7,0,6
"Dnajc5b",1,1,1,0
"1700064H15Rik",25,35,14,9
"Crh",4,0,0,0
"ENSMUSG00000126870",0,2,1,3
"ENSMUSG00000121477",32,59,37,24
"Cp",284,365,175,190
"Hps3",54,65,41,25
"Hltf",79,109,62,49
"Gyg1",325,437,223,169
"Gm7488",5,3,0,1
"Gm43672",31,41,25,10
"Tbl1xr1",115,187,100,79
"Gm37636",1,1,1,0
"Gm7536",35,42,20,9
"Ect2",315,487,233,182
"1700125G22Rik",5,7,3,2
"Nceh1",132,198,98,63
"Tnfsf10",3,6,3,1
"Fndc3b",234,313,180,144
"Gm32738",8,7,4,4
"Gm43344",1,0,0,3
"Gm56777",5,5,4,3
"Tmem212",0,3,1,1
"Pld1",22,63,31,32
"1700112D23Rik",0,1,1,2
"Gm32950",3,7,1,0
"Eif5a2",34,45,17,15
"Rpl22l1",2235,3202,1507,1223
"Gm33051",1,0,0,0
"Mannr",24,38,19,14
"Mecom",49,76,36,28
"Mecomos",3,6,2,0
"Gm38197",1,5,3,2
"Gm37024",5,4,2,4
"Gm37652",1,1,0,0
"1600017P15Rik",1,0,1,0
"Actrt3",1,2,1,1
"Mynn",61,90,37,39
"4933429H19Rik",78,154,65,60
"Sec62",2125,3171,1589,1120
"Gpr160",0,2,3,0
"Phc3",68,100,51,36
"Prkci",103,175,92,52
"ENSMUSG00000139454",31,85,44,41
"Gm33694",14,11,7,7
"ENSMUSG00000137955",8,5,2,1
"Skil",202,300,156,99
"Zmat3",60,88,51,23
"ENSMUSG00000137746",9,9,4,3
"Gm56797",3,1,1,1
"Pik3ca",128,195,107,59
"Gm37123",1,2,0,1
"Zfp639",388,510,271,143
"Mfn1",96,154,66,40
"Gnb4",223,315,193,142
"Actl6a",189,296,112,85
"Gm37353",1,2,1,1
"Mrpl47",137,253,110,78
"Ndufb5",1672,2385,1152,835
"Ttc14",360,560,272,199
"ENSMUSG00000122758",2,4,1,2
"Ccdc39",3,2,2,4
"Gm43077",3,2,1,1
"Fxr1",778,1117,586,431
"Gm43667",5,4,3,1
"Dnajc19",736,1072,500,348
"Gm43668",23,47,11,12
"Sox2ot",2,1,3,2
"Sox2",6,14,6,2
"Gm6639",5,1,0,1
"Atp11b",115,189,94,63
"Gm43203",0,1,1,0
"Dcun1d1",124,205,68,64
"Gm15952",19,16,3,3
"8430422M14Rik",0,1,1,0
"Mccc1",26,40,20,10
"Acad9",55,86,43,36
"Gm43205",1,0,0,0
"Zfp267",49,66,30,15
"Anxa5",4296,6113,2873,1842
"1810062G17Rik",27,37,20,7
"Smim43",2,8,9,4
"Exosc9",186,212,134,67
"Ccna2",933,1435,554,474
"Bbs7",47,86,36,27
"Bltp1",114,193,101,76
"Gm12583",0,2,2,1
"Il2",3,4,0,1
"Cetn4",38,81,20,30
"Bbs12",18,40,20,13
"Fgf2",0,3,1,1
"Nudt6",2,2,0,1
"Afg2a",154,211,98,63
"Gm43484",19,27,15,13
"Gm42922",2,7,7,1
"Spry1",405,534,250,160
"Gm43820",18,7,8,7
"ENSMUSG00000131767",1,2,0,0
"Gm42921",0,2,0,0
"Gm5148",0,4,1,0
"Rpl21-ps10",1,2,0,1
"Ankrd50",108,194,71,42
"Gm42785",1,0,0,0
"Intu",26,43,26,26
"Hspa4l",444,688,335,195
"Plk4",267,377,181,117
"Mfsd8",24,28,8,14
"Gm2011",5,8,1,4
"Abhd18",6,8,2,5
"6430590A07Rik",10,17,5,8
"Larp1b",134,175,108,51
"Pgrmc2",147,191,119,59
"Gm16508",1,1,0,1
"Jade1",143,173,70,75
"Gm31266",1,0,0,2
"Sclt1",81,122,68,43
"Gm38047",5,19,4,4
"D3Ertd751e",24,37,21,16
"2610316D01Rik",2,1,0,0
"Pcdh10",6,21,7,6
"Rpl23a-ps5",1,2,0,0
"Gm31415",9,19,3,8
"Gm37819",0,4,0,0
"Pcdh18",217,333,155,92
"Slc7a11",30,32,17,18
"Gm37854",6,5,6,0
"Gm37826",1,5,1,1
"ENSMUSG00000137972",1,2,1,0
"ENSMUSG00000138346",8,5,8,3
"Noct",83,145,61,31
"Gm38357",15,27,8,8
"Elf2",185,264,131,98
"ENSMUSG00000127060",2,5,1,1
"4930577N17Rik",16,36,26,6
"Gm37399",12,13,6,7
"Gm5103",1,4,4,1
"Mgarp",68,95,39,30
"ENSMUSG00000125153",3,8,1,1
"Ndufc1",2355,3639,1719,1131
"Naa15",637,922,436,312
"Gm38160",1,8,1,3
"Rab33b",18,37,20,9
"Gm37968",7,15,4,5
"Setd7",93,139,70,49
"Gm38200",11,13,4,10
"5031434O11Rik",25,36,12,20
"Gm38247",5,4,2,0
"Mgst2",308,517,273,239
"Maml3",26,33,23,13
"3110080O07Rik",6,6,5,3
"Gm37675",8,6,4,6
"Gm38252",1,5,3,5
"Gm10728",1,2,1,2
"Gm38055",2,2,3,1
"Gm37465",30,35,12,15
"C130089K02Rik",78,102,69,59
"5430420F09Rik",2,5,5,2
"Gm37202",8,10,4,3
"Gm38132",0,5,0,2
"ENSMUSG00000141245",1,2,1,0
"Foxo1",41,45,27,19
"Gm38034",1,4,3,0
"Gm10293",5,2,3,1
"Cog6",59,104,60,27
"Gm42901",0,4,4,1
"Lhfpl6",696,998,464,302
"Gm42898",11,20,9,4
"Gm42899",189,288,139,99
"C130075A20Rik",97,136,67,64
"Gm43803",0,6,2,0
"Gm43805",1,2,0,0
"ENSMUSG00000126141",0,0,0,2
"Nhlrc3",28,38,18,14
"Proser1",58,117,43,39
"Gm30735",0,2,0,0
"Ufm1",517,742,325,234
"Supt20",160,227,109,90
"Exosc8",916,1331,636,470
"Alg5",490,660,327,232
"Rfxap",265,410,182,119
"Gm10254",0,1,1,1
"Spart",262,378,169,111
"Ccdc169",1,0,0,0
"Dclk1",3,5,1,2
"Gm9831",2,3,2,1
"ENSMUSG00000134204",1,2,0,0
"Nbea",80,111,52,42
"Mab21l1",15,25,14,8
"Gm43376",3,3,1,1
"Gm42840",6,6,1,3
"Gm42842",2,3,2,0
"Gm42841",16,31,15,11
"Gm42843",4,3,9,3
"Tm4sf1",4809,6782,3256,1890
"ENSMUSG00000123369",4,5,1,1
"Gm56807",1,3,1,1
"Tm4sf4",0,4,2,1
"Wwtr1",307,430,234,153
"Gm26671",4,2,4,4
"Gm43437",1,2,0,1
"Commd2",425,638,312,192
"Gm6394",7,11,5,5
"ENSMUSG00000141703",7,15,4,4
"Rnf13",197,311,146,113
"Gm9645",2,1,2,1
"Gm17951",0,0,0,0
"Pfn2",309,437,221,178
"ENSMUSG00000141588",1,0,0,0
"ENSMUSG00000129986",4,5,2,1
"Tsc22d2",184,292,151,101
"Serp1",912,1294,662,361
"Eif2a",394,523,272,239
"Gm56813",1,7,1,1
"Selenot",389,618,300,228
"Siah2",158,183,95,60
"4930593A02Rik",8,9,2,2
"Rpl13-ps6",4,3,1,0
"Med12l",1,1,1,1
"P2ry14",13,29,13,8
"Mbnl1",645,896,446,333
"Gm37589",5,0,2,1
"Gm37035",0,2,2,0
"ENSMUSG00000121778",5,8,9,5
"Gm37696",11,2,7,2
"Rap2b",196,272,135,71
"Gm8349",7,5,1,2
"Arhgef26",2,2,0,3
"Dhx36",605,975,467,343
"ENSMUSG00000131579",11,22,7,2
"Gpr149",34,65,31,24
"Gm9701",1,1,2,0
"E130311K13Rik",54,82,56,34
"Slc33a1",62,72,41,21
"Gmps",568,749,395,263
"Vmn2r3",1,1,2,0
"Kcnab1",12,5,10,5
"A330015K06Rik",1,1,0,0
"A730090N16Rik",6,3,3,2
"Ssr3",1143,1684,846,620
"Gm38503",37,62,36,29
"Gm37009",15,34,20,13
"Tiparp",288,422,233,222
"ENSMUSG00000143217",1,4,1,4
"Lekr1",37,67,28,27
"Gm37776",2,2,0,0
"ENSMUSG00000129702",5,7,2,3
"Gm37359",5,5,3,1
"ENSMUSG00000130640",11,13,6,6
"Ccnl1",263,358,192,140
"Gm37305",13,18,9,9
"Gm35106",2,0,0,0
"Veph1",1,1,0,1
"Ptx3",123,181,72,74
"Shox2",248,387,154,132
"Rsrc1",580,888,351,272
"Mlf1",49,50,21,26
"Gfm1",96,125,51,43
"Lxn",551,754,371,222
"Mfsd1",223,336,160,122
"Schip1",9,14,3,1
"Ift80",25,56,28,24
"Gm48183",0,3,0,0
"Smc4",1726,2630,1231,846
"Trim59",215,321,138,120
"ENSMUSG00000129039",8,10,3,3
"Kpna4",276,341,179,97
"Gm37558",12,20,5,6
"Gm56791",3,9,6,4
"Ppm1l",55,89,20,33
"Gm17212",5,4,2,5
"B3galnt1",3,2,5,4
"Rpl32-ps",2,4,2,1
"Nmd3",514,691,340,229
"Gm6634",127,176,79,57
"Sis",30,43,26,13
"Bche",4,5,3,4
"Pdcd10",607,863,420,308
"Serpini1",1,1,2,1
"Golim4",156,222,82,59
"ENSMUSG00000134356",2,5,0,0
"Rapgef2",81,126,73,37
"ENSMUSG00000134256",9,10,4,3
"6430573P05Rik",1,3,1,0
"Fnip2",11,27,12,14
"4930589L23Rik",6,4,1,3
"Gm56799",3,4,0,0
"Ppid",881,1252,754,374
"Etfdh",48,82,50,27
"4930579G24Rik",62,79,49,28
"Tmem144",42,79,41,21
"ENSMUSG00000122986",0,0,4,0
"Gm36569",40,65,25,14
"Gask1b",782,1395,587,404
"ENSMUSG00000129459",2,2,0,0
"Pdgfc",7,12,3,3
"Ctso",39,69,32,31
"Plrg1",154,188,94,60
"Tlr2",16,21,14,7
"Tmem131l",56,68,40,31
"ENSMUSG00000137939",0,2,0,1
"Mnd1",151,228,109,76
"ENSMUSG00000137974",1,2,0,0
"Trim2",37,53,21,19
"Gm6525",4,2,2,1
"ENSMUSG00000124594",0,3,1,3
"Fhdc1",5,3,2,0
"Arfip1",101,148,71,45
"Gm37240",0,1,1,0
"Gm8813",2,1,0,2
"Fbxw7",65,100,45,52
"Gm37726",2,1,3,4
"Gm15535",2,6,2,3
"Gatb",36,72,26,18
"Fhip1a",11,21,12,7
"Glt28d2",7,21,11,10
"ENSMUSG00000136440",0,1,3,1
"Gm9790",13,21,15,4
"Sh3d19",399,590,268,211
"Rps3a1",24594,34632,17349,11666
"Gm37933",2,2,1,0
"Lrba",41,70,23,22
"Gm3788",9,10,5,3
"Dclk2",20,27,19,13
"Gm37025",4,4,1,1
"Cd1d1",14,20,9,9
"Gm8869",1,2,0,0
"Kirrel1",110,172,75,64
"Gm37855",1,1,2,0
"Gm56788",0,2,0,0
"Etv3",35,39,22,19
"Arhgef11",20,20,16,8
"Lrrc71",1,4,1,0
"Pear1",68,101,36,40
"Prcc",99,165,61,57
"Hdgf",4147,5869,2867,1955
"ENSMUSG00000125684",1,2,0,0
"Mrpl24",240,369,183,109
"Mettl25b",52,79,48,19
"Isg20l2",73,119,50,38
"Crabp2",229,357,239,106
"Nes",317,464,185,135
"Gpatch4",469,601,316,209
"Naxe",867,1298,647,441
"Iqgap3",159,202,81,71
"ENSMUSG00000127413",0,21,2,1
"Gm56779",10,10,3,2
"Mef2d",55,89,35,35
"1700113A16Rik",5,15,9,4
"AW047730",0,1,2,1
"Tsacc",13,22,10,4
"Gm37116",0,2,0,0
"Cct3",2468,3358,1667,1062
"Glmp",237,377,177,147
"Tmem79",3,7,6,6
"Smg5",129,174,107,49
"Paqr6",2,2,0,0
"Bglap3",0,2,0,1
"Pmf1",452,623,270,203
"Slc25a44",38,48,38,11
"Gm42814",0,5,0,0
"Sema4a",4,6,0,0
"Lmna",2875,4113,2148,1346
"Gm37584",0,1,1,2
"ENSMUSG00000141481",2,0,0,1
"Mex3a",41,64,35,31
"Rab25",0,0,2,1
"Lamtor2",931,1387,703,473
"Ubqln4",136,170,85,72
"Ssr2",1937,2781,1327,938
"ENSMUSG00000134415",3,1,1,2
"Arhgef2",226,345,182,123
"ENSMUSG00000123714",3,3,2,0
"Gm43714",4,7,4,2
"Khdc4",108,114,70,47
"Rit1",166,210,119,76
"Syt11",8,3,9,1
"ENSMUSG00000122440",13,16,6,5
"1500004A13Rik",36,51,27,21
"ENSMUSG00000122484",18,18,12,12
"Gon4l",6,18,6,2
"Msto1",68,101,46,30
"Gm56793",1,3,0,0
"Dap3",712,946,451,309
"Ash1l",240,351,160,135
"Rusc1",32,50,25,16
"Fdps",1728,2285,1227,699
"Hcn3",3,1,0,1
"Clk2",44,60,29,20
"ENSMUSG00000125093",2,3,3,1
"Scamp3",344,537,227,153
"Entrep3",19,19,12,4
"Gba1",85,126,56,50
"Mtx1",343,517,235,166
"Gm43737",3,8,7,4
"Gm56795",0,6,1,1
"Thbs3",30,32,20,9
"Muc1",1,2,1,1
"Trim46",7,9,4,6
"Krtcap2",2549,3628,1692,1202
"Dpm3",1160,1657,816,543
"Slc50a1",431,616,329,259
"Efna1",31,33,17,15
"Efna3",6,9,2,3
"Gm15998",5,5,1,4
"Efna4",41,66,22,32
"Adam15",144,213,136,63
"Zbtb7b",42,61,25,14
"Gm15417",221,361,148,115
"Flad1",39,67,35,17
"ENSMUSG00000144189",4,5,2,1
"Cks1b",2501,3482,1606,1107
"Shc1",48,74,27,28
"Pygo2",54,99,40,46
"Pbxip1",19,43,13,19
"Pmvk",527,772,337,196
"Adar",37,49,34,12
"Chrnb2",2,3,0,0
"4632404H12Rik",5,10,5,6
"Ube2q1",470,704,354,209
"Il6ra",42,54,40,30
"Gm42809",6,3,5,1
"Atp8b2",19,33,19,14
"Gm56796",14,18,7,11
"Hax1",525,656,364,249
"Gm19710",5,8,2,4
"Ubap2l",1042,1424,696,526
"4933434E20Rik",112,160,94,66
"Gm53012",9,16,9,6
"ENSMUSG00000126961",2,4,2,0
"Tpm3",1933,2634,1251,870
"Nup210l",1,0,4,1
"Gm43712",86,135,64,42
"Rps27",19087,26981,13392,9725
"Rab13",181,294,125,90
"Jtb",411,572,289,195
"Creb3l4",1,2,1,0
"ENSMUSG00000140225",3,3,3,6
"Slc39a1",186,240,129,80
"Crtc2",56,65,38,26
"Dennd4b",10,26,10,7
"4930537H20Rik",2,5,10,2
"Gatad2b",202,302,159,133
"Gm45477",29,8,7,6
"Gm45354",1,1,2,0
"Slc27a3",5,9,1,1
"Ints3",49,87,38,28
"ENSMUSG00000139026",0,0,1,1
"Npr1",11,10,8,8
"Ilf2",702,945,481,324
"Snapin",140,193,112,85
"Chtop",343,495,221,188
"Gm56783",2,6,4,3
"S100a1",647,914,451,309
"S100a13",606,961,476,279
"S100a14",6,2,5,1
"S100a16",391,591,303,178
"S100a2",40,30,21,50
"S100a3",34,56,34,14
"S100a4",5855,9049,4628,3126
"S100a5",19,42,22,10
"S100a6",107751,162925,77174,52043
"S100a7a",8,17,4,4
"S100a8",1,3,2,2
"Gm5851",0,2,0,2
"Adrm1b",8,6,6,4
"Gm4202",0,2,1,0
"Crct1",5,24,5,2
"S100a11",2702,3741,1773,1389
"S100a10",5447,7205,3384,2385
"ENSMUSG00000124471",1,0,1,1
"Them4",46,69,39,21
"1700040D17Rik",0,1,1,1
"Tdrkh",85,102,58,43
"Gm42463",0,2,1,0
"Oaz3",0,3,0,1
"Mrpl9",288,441,190,173
"Gm30023",0,1,1,1
"Riiad1",2,0,0,1
"Celf3",1,5,2,1
"Snx27",199,343,173,116
"Gm43773",4,7,3,0
"Gm43774",15,23,13,6
"Gm43768",2,2,2,0
"Rpl31-ps11",0,1,1,1
"Tuft1",10,21,8,10
"ENSMUSG00000132560",1,6,1,2
"Gm15234",0,3,2,3
"ENSMUSG00000125669",8,10,12,4
"ENSMUSG00000128604",3,6,2,1
"Cgn",40,55,22,27
"ENSMUSG00000131177",1,0,1,0
"Pogz",34,79,46,30
"Psmb4",2336,3221,1602,1172
"ENSMUSG00000137509",0,6,0,0
"ENSMUSG00000129094",1,1,1,0
"Rfx5",5,9,3,2
"B230398E01Rik",21,29,8,3
"Pi4kb",20,28,16,14
"A730011C13Rik",2,9,6,3
"Gm15265",2,3,0,2
"Zfp687",25,36,23,18
"4930481B07Rik",7,7,8,4
"ENSMUSG00000136945",2,2,0,1
"Psmd4",836,1213,608,385
"ENSMUSG00000136913",5,6,4,2
"Pip5k1a",217,301,139,96
"Vps72",283,432,221,156
"Tmod4",3,1,0,1
"Scnm1",193,275,143,107
"Lysmd1",8,12,8,3
"Sema6c",3,4,3,4
"Gabpb2",81,134,46,47
"Gm16740",29,19,21,6
"Mllt11",8,16,14,16
"Cdc42se1",134,210,107,83
"Prune1",39,62,34,25
"Mindy1",70,147,66,34
"Gm56812",19,30,13,12
"Anxa9",17,15,10,2
"6330562C20Rik",18,18,14,9
"Cers2",502,735,346,236
"Setdb1",98,113,60,48
"Gm37500",1,1,1,0
"Arnt",74,106,63,48
"Ctss",0,1,2,0
"Hmgb1-ps5",1,5,1,0
"Golph3l",45,76,43,29
"Gm42671",3,2,2,3
"Rps10-ps1",200,297,129,87
"ENSMUSG00000124177",2,0,0,1
"Ensa",113,175,91,53
"E330034L11Rik",21,23,10,9
"ENSMUSG00000125810",0,3,3,2
"ENSMUSG00000129014",2,1,0,1
"Mcl1",711,1016,500,335
"ENSMUSG00000141229",3,10,3,9
"Adamtsl4",13,27,13,10
"ENSMUSG00000137682",10,7,0,5
"ENSMUSG00000126051",2,3,1,1
"Ecm1",136,191,109,81
"Tars2",126,205,78,69
"Rprd2",94,122,66,51
"ENSMUSG00000134942",8,20,7,6
"Gm17815",1,1,1,0
"Prpf3",135,210,96,51
"Gm26594",10,23,13,12
"Mrps21",904,1336,580,421
"C920021L13Rik",44,45,16,13
"Ciart",28,31,31,16
"BC028528",18,27,15,21
"Aph1a",6,17,7,3
"Gm46815",3,5,3,2
"Anp32e",861,1312,595,430
"ENSMUSG00000135563",1,1,0,0
"Plekho1",121,171,80,67
"ENSMUSG00000135519",0,1,0,3
"Vps45",29,58,20,30
"ENSMUSG00000135184",4,4,4,1
"Otud7b",205,359,184,117
"Gm17690",6,5,2,4
"Mtmr11",0,3,1,1
"Sf3b4",711,979,531,324
"Gm22027",1,2,0,0
"Sv2a",5,6,2,8
"Bola1",492,847,364,211
"H2ac21",2,1,0,1
"H2ac20",56,69,35,30
"H2bc21",19,33,18,11
"H3c15",5,10,5,7
"Gm20632",3,8,3,4
"Gm20633",5,9,3,5
"Gm20634",5,5,3,1
"Gm20627",1,0,6,0
"H4c14",39,45,29,24
"Gm42743",6,6,2,2
"Gm38227",7,10,3,2
"Gm20628",40,57,25,15
"Terc.1",0,7,1,0
"BC107364",1,2,2,1
"ENSMUSG00000135785",5,5,6,5
"Gm10685",9,29,15,11
"Gm43534",2,4,0,1
"Gm15441",3,1,3,4
"Txnip",24,28,23,22
"Gm16253",1,2,1,0
"Polr3gl",35,37,26,15
"Ankrd34a",14,14,7,7
"ENSMUSG00000144138",0,3,2,0
"Lix1l",138,224,98,73
"6330549D23Rik",15,15,6,16
"Rbm8a",1483,2139,1036,694
"Pex11b",93,136,79,56
"Gm42957",1,1,1,0
"Itga10",3,10,5,1
"ENSMUSG00000129463",5,9,2,3
"Rpl21-ps11",1,1,1,0
"Ankrd35",1,4,1,1
"Pias3",42,55,37,18
"Nudt17",9,8,5,4
"Polr3c",145,219,120,92
"Gm42783",14,27,11,5
"Rnf115",250,351,159,101
"Cd160",6,9,3,2
"Gpr89",123,174,83,49
"Acp6",100,145,91,60
"Bcl9",53,68,35,42
"Gm42508",3,5,4,7
"Chd1l",89,105,49,40
"ENSMUSG00000132291",0,2,1,0
"Prkab2",7,14,8,4
"Pde4dip",43,72,39,15
"Sec22b",266,386,178,129
"ENSMUSG00000123739",1,0,1,0
"Gm5544",0,2,0,1
"ENSMUSG00000128936",2,3,4,4
"Notch2",245,337,154,132
"ENSMUSG00000134113",8,9,3,4
"Gm42819",12,10,9,12
"Gm42820",12,12,10,4
"Phgdh",2310,3222,1632,1109
"ENSMUSG00000142890",1,1,0,0
"Gm56804",0,4,2,1
"Zfp697",22,37,14,11
"Gm5853",1,1,0,0
"Wars2",18,32,17,11
"Gm43024",0,1,0,0
"Tbx15",46,72,42,25
"Gm43120",1,1,1,1
"Wdr3",183,245,112,88
"Gdap2",48,89,29,25
"Gm12474",0,1,0,0
"Man1a2",243,382,174,123
"Gm43466",2,5,3,1
"Gm42869",2,8,2,3
"Gm43462",8,23,5,7
"ENSMUSG00000131859",0,0,0,3
"Vtcn1",4,2,1,1
"Trim45",25,28,18,14
"Ttf2",101,146,72,50
"Gm12488",1,2,1,2
"ENSMUSG00000143149",5,5,2,1
"Ptgfrn",65,102,37,20
"Gm43465",6,4,1,3
"Igsf3",35,39,19,16
"Gm42939",1,3,3,0
"Atp1a1",311,447,235,184
"Gm42937",0,2,1,2
"Gm42941",3,5,0,1
"Slc22a15",47,76,42,28
"Vangl1",111,186,81,51
"Gm16160",1,0,0,0
"ENSMUSG00000130203",5,7,3,3
"Ngf",64,89,39,25
"Gm42679",17,38,7,10
"Tspan2",1,5,4,0
"Gm42681",0,1,1,0
"Sike1",255,394,190,110
"ENSMUSG00000134137",1,2,2,1
"Csde1",815,1185,577,445
"Nras",368,514,223,186
"Gm43062",10,17,5,8
"Gm43063",12,15,1,0
"Dennd2c",7,6,6,4
"ENSMUSG00000133681",2,0,0,1
"Bcas2",1131,1682,860,543
"Trim33",141,217,105,90
"Gm43061",5,14,3,7
"Olfml3",42,68,32,28
"Hipk1",108,167,76,61
"Gm43149",3,6,0,1
"Gm43387",1,2,3,1
"Dclre1b",34,53,24,11
"Ap4b1",40,51,19,16
"Bcl2l15",1,6,2,2
"Ptpn22",37,85,42,19
"Gm15472",5,5,0,2
"Gm43065",2,0,3,0
"ENSMUSG00000141702",3,5,1,2
"Rsbn1",98,124,81,41
"Phtf1os",5,15,2,2
"Phtf1",112,160,68,56
"Magi3",47,58,29,17
"Gm42696",2,5,2,2
"9530097N15Rik",1,2,1,2
"Gm42700",0,0,2,0
"Gm42699",2,3,1,2
"Gm42702",11,17,8,8
"Gm42701",3,6,3,1
"Gm43258",0,2,4,0
"C030032O16Rik",2,3,1,1
"Gm43259",3,11,4,2
"Gm43260",21,20,13,5
"Gm43256",5,4,3,2
"2010002M09Rik",1,7,2,0
"Lrig2",17,20,17,9
"Gm43696",19,24,14,8
"A530041M06Rik",13,10,8,6
"4930509H03Rik",10,15,5,6
"Gm43582",2,2,1,2
"ENSMUSG00000137391",5,7,4,4
"Slc16a1",181,263,119,102
"Gm43581",24,45,15,15
"Gm43585",3,4,2,2
"Gm29561",1,0,0,0
"Gm6485",10,9,4,2
"Ppm1j",29,35,19,14
"ENSMUSG00000128500",5,1,2,0
"Rhoc",1395,2107,1087,696
"Mov10",137,191,71,70
"Capza1",80,135,47,30
"Gm42658",1,3,2,2
"Gm42659",14,29,14,7
"St7l",80,126,78,41
"Gm43846",1,0,0,1
"Gm40117",2,5,5,2
"Cttnbp2nl",81,115,55,38
"4930564D02Rik",2,1,3,0
"Ddx20",90,135,74,51
"Gm43848",5,5,4,3
"Rap1a",944,1402,674,444
"Gm43328",4,7,5,3
"Gm43329",6,8,2,0
"Gm43330",1,1,1,0
"Gm43331",3,1,0,0
"Gm5547",4,0,0,0
"Gm56794",0,1,0,2
"Atp5pb",3297,4954,2396,1665
"Wdr77",223,333,165,94
"Gm42890",2,0,1,3
"Ovgp1",3,8,2,2
"Gm4540",31,42,16,11
"Cept1",97,120,64,41
"Dram2",71,102,59,50
"Gm43071",1,3,1,1
"Lrif1",118,180,85,57
"Gm38253",0,1,2,1
"Cd53",0,2,0,0
"Lamtor5",894,1257,629,451
"Slc16a4",2,7,2,4
"Rbm15",81,82,55,40
"ENSMUSG00000129931",2,5,2,1
"Strip1",50,86,36,29
"Gm10961",1,0,1,2
"Ahcyl1",257,369,182,116
"ENSMUSG00000123527",9,5,3,5
"Csf1",539,783,356,235
"Gm36211",20,19,12,6
"4933431E20Rik",4,4,5,1
"Gstm5",207,298,152,106
"Gstm6",0,5,2,0
"ENSMUSG00000128745",1,1,0,1
"Gstm2",63,84,56,48
"Gstm1",309,496,295,313
"Ampd2",91,132,70,53
"Gm12500",4,10,11,5
"Gnat2",7,11,11,5
"Gnai3",311,477,228,153
"Gm56785",10,8,6,4
"Gm12524",0,2,1,0
"Amigo1",22,26,18,17
"Cyb561d1",6,15,5,3
"Gm56801",1,1,3,2
"Atxn7l2",23,29,18,10
"ENSMUSG00000126924",1,10,1,2
"1700010K24Rik",0,3,0,0
"Psma5",1171,1596,824,614
"Sort1",16,30,14,9
"Gm43099",2,1,0,0
"Gm12522",3,1,0,2
"Psrc1",29,42,22,24
"Sars1",941,1291,654,444
"Gm56809",98,109,57,51
"Cfap276",6,5,4,3
"ENSMUSG00000130617",2,2,2,0
"Gm43435",3,0,1,0
"Tmem167b",18,21,10,9
"Taf13",94,163,65,47
"Wdr47",24,25,16,8
"Clcc1",175,247,135,87
"Gpsm2",139,211,101,89
"Aknad1",0,5,2,0
"Stxbp3",101,128,77,55
"Fndc7",4,8,1,1
"Prpf38b",389,520,273,198
"Gm56806",6,8,6,6
"Henmt1",3,2,2,1
"Eeig2",60,117,47,50
"Gm43221",1,2,0,1
"Gm19391",4,5,3,4
"Slc25a24",232,394,189,133
"Vav3",46,50,26,17
"Prmt6",33,46,23,19
"C130013H08Rik",5,16,7,8
"Amy1",1,4,3,0
"Rnpc3",65,106,48,31
"C530020B09Rik",10,9,6,4
"Col11a1",2,0,1,0
"S1pr1",5,9,13,6
"A930005H10Rik",75,123,49,26
"Dph5",210,250,134,79
"Slc30a7",87,111,62,46
"Extl2",59,98,42,34
"Vcam1",442,562,343,203
"Cdc14a",18,27,15,11
"Rtca",535,737,341,240
"Dbt",45,61,21,22
"Gm4596",1,2,0,2
"Gm9761",20,16,8,7
"Lrrc39",3,2,4,2
"Gm42940",2,5,0,3
"Trmt13",44,53,32,15
"Sass6",100,165,83,48
"Mfsd14a",137,221,93,81
"Slc35a3",71,111,55,41
"Agl",117,237,115,86
"Gm56782",2,3,2,2
"Frrs1",158,301,135,84
"ENSMUSG00000122918",0,1,0,1
"Snx7",137,198,83,66
"Gm56798",5,5,5,0
"Dpyd",1,0,2,0
"Gm4332",325,449,244,155
"Ptbp2",73,114,54,35
"Gm43300",4,9,3,5
"Rwdd3",27,44,16,8
"Gm5710",3,5,0,0
"Tlcd4",4,6,6,1
"Alg14",92,142,57,52
"Gm42928",2,4,2,4
"Cnn3",852,1152,628,412
"Gm42929",7,9,4,4
"ENSMUSG00000122408",4,5,8,2
"F3",37,85,44,29
"Abcd3",144,217,92,66
"Gm43609",3,8,6,1
"4633401B06Rik",2,8,5,5
"Arhgap29",161,231,92,96
"ENSMUSG00000132270",1,1,0,0
"Gm4609",2,0,1,1
"Gclm",633,943,399,380
"Gm17494",98,138,83,55
"Dnttip2",580,840,432,321
"Bcar3",82,126,50,44
"Gm4610",10,15,4,4
"ENSMUSG00000141756",2,1,1,0
"Fnbp1l",192,278,144,103
"Gm42994",1,1,1,0
"ENSMUSG00000127313",3,2,2,0
"Gm43568",0,0,2,0
"Pde5a",28,29,15,12
"4930447N08Rik",4,6,2,3
"4933405D12Rik",0,1,1,0
"1810037I17Rik",1564,2329,1024,702
"Usp53",50,71,27,29
"Gm56816",41,51,22,21
"ENSMUSG00000143449",0,1,2,0
"Gm56815",0,4,2,4
"Sec24d",138,196,103,68
"Mettl14",52,80,40,22
"ENSMUSG00000131485",4,9,3,2
"Gm35065",50,76,34,23
"Prss12",18,16,20,8
"Snhg8",1053,1626,715,768
"Ndst3",4,8,8,3
"Tram1l1",53,90,36,35
"Gm4617",12,2,4,2
"Gm9379",1,1,0,1
"Gm42826",17,49,14,16
"Arsj",39,38,22,8
"Gm17225",0,1,0,1
"Gm43327",3,2,0,0
"Gm20568",1,3,0,1
"Camk2d",293,476,221,163
"Gm43011",9,28,12,6
"Gm43010",1,6,0,0
"Gm43009",18,21,14,8
"Gm43006",2,7,4,3
"Gm43005",4,3,2,2
"Gm42515",22,30,19,15
"Gm42514",3,8,6,7
"Ank2",11,15,7,13
"Gm43322",1,2,1,0
"Gm42974",2,1,0,1
"Gm42973",2,0,0,1
"Gm42970",2,3,3,4
"Larp7",328,497,258,163
"Zgrf1",30,53,17,11
"Alpk1",8,4,1,2
"Gm16238",3,4,4,2
"1500005C15Rik",1,1,1,1
"Gm42587",1,1,0,0
"Gm56817",0,4,1,1
"Tifa",17,12,10,5
"Ap1ar",124,162,93,67
"Gm43654",0,4,1,2
"Gm35585",16,28,9,16
"Gm43652",2,2,0,0
"Fam241a",73,97,27,32
"Gm35986",0,3,0,1
"Elovl6",135,177,80,68
"Gm43072",2,2,1,1
"ENSMUSG00000141310",0,1,1,1
"Egf",6,5,6,1
"Rrh",2,2,2,0
"Gar1",581,805,384,294
"Gm36180",1,1,1,0
"Pla2g12a",293,394,214,152
"Casp6",130,205,105,99
"Mcub",229,356,173,131
"Sec24b",146,186,110,65
"Gm9396",1,3,0,0
"Ostc",1791,2677,1147,865
"Gm42998",1,1,0,0
"Rpl34",16106,23421,11465,8010
"Gm42997",3,5,3,0
"Lef1os1",0,0,0,2
"Lef1",24,49,26,23
"Gm42449",1,1,0,0
"Hadh",470,686,324,264
"ENSMUSG00000142336",2,1,0,0
"Cyp2u1",32,51,26,7
"Sgms2",150,193,87,58
"ENSMUSG00000142279",18,20,10,8
"Papss1",752,1164,562,364
"Gm29865",3,5,1,0
"Dkk2",343,540,237,187
"ENSMUSG00000138377",0,2,0,0
"Aimp1",1919,2781,1378,1041
"Tbck",44,66,30,27
"Gm42872",1,4,0,1
"Gm42876",3,11,3,4
"Npnt",12,27,21,6
"Gstcd",49,90,41,28
"Gm42874",6,12,0,2
"Gm42873",3,0,1,1
"Ints12",105,177,78,46
"Gm43254",2,1,1,0
"Ppa2",282,427,204,158
"Tet2",32,29,22,17
"Gm30648",2,5,0,1
"Cxxc4",3,1,0,2
"Cenpe",573,871,424,312
"Bdh2",11,20,14,9
"Cisd2",721,997,493,368
"2810428J06Rik",3,6,4,1
"Gm43379",12,14,11,5
"4930539J05Rik",3,10,2,2
"Ube2d3",2180,2974,1386,991
"ENSMUSG00000137230",0,4,1,1
"Manba",14,34,17,16
"Nfkb1",277,406,187,139
"Gm43430",12,17,8,6
"Slc39a8",9,8,7,4
"Gm43429",1,5,1,0
"Gm56786",0,2,1,2
"Ppp3ca",764,1006,503,352
"Gm42822",4,1,3,0
"4930599N24Rik",1,4,1,0
"Gm567",0,1,1,1
"Gm40155",14,8,18,3
"Gm43403",1,3,1,1
"H2az1",9350,13186,6169,4625
"Dnajb14",165,274,114,89
"Gm43088",9,3,9,6
"Gm15460",1,5,0,0
"Gm43689",6,7,1,2
"Lamtor3",406,626,296,199
"Dapp1",58,81,34,26
"Mttp",95,156,73,52
"Trmt10a",95,124,53,44
"Adh7",291,427,226,181
"ENSMUSG00000128337",1,2,0,0
"Adh5",1249,1742,819,588
"Metap1",347,466,216,128
"ENSMUSG00000127440",17,20,15,13
"ENSMUSG00000127524",3,7,8,4
"Eif4e",646,899,410,301
"Tspan5",199,273,131,84
"Gm16060",0,1,0,0
"ENSMUSG00000137800",2,2,4,0
"ENSMUSG00000137871",1,1,1,2
"ENSMUSG00000137834",2,1,0,0
"Rap1gds1",85,141,63,58
"Gm43162",25,27,16,10
"Gm56773",10,14,6,4
"Pdlim5",168,252,109,86
"ENSMUSG00000135219",1,2,0,0
"Gbp5",5,6,7,3
"ENSMUSG00000143609",4,2,2,1
"Gbp7",83,137,73,65
"Gbp3",82,133,86,53
"Gbp2",73,136,108,97
"Kyat3",61,79,27,17
"Gtf2b",426,694,343,229
"Pkn2",599,866,405,273
"Gm43646",8,8,2,0
"Gm6260",1,1,0,2
"Lmo4",467,658,330,247
"Gm43445",4,12,3,4
"ENSMUSG00000132908",2,2,2,1
"Gm5857",3,8,4,0
"Hs2st1",151,260,123,77
"Gm43707",5,8,1,6
"Gm43560",16,30,11,7
"Selenof",2027,2700,1361,893
"Sh3glb1",1352,2048,920,679
"Clca3a1",0,1,0,2
"ENSMUSG00000132864",5,2,1,0
"Gm35066",5,7,3,1
"Odf2l",56,86,53,24
"Col24a1",5,1,1,1
"Znhit6",577,861,362,250
"Ccn1",988,1622,675,344
"Gm17501",78,139,69,43
"Ddah1",346,443,158,144
"Rpl36a-ps2",74,122,46,47
"Bcl10",349,524,236,163
"2410004B18Rik",233,357,183,114
"Syde2",34,61,26,24
"Mcoln2",1,3,1,0
"Ssx2ip",101,159,75,48
"Ctbs",90,117,58,38
"Spata1",14,14,4,1
"Gng5",4708,6392,2991,2163
"Rpf1",330,518,204,183
"Gm9480",0,1,0,1
"Prkacb",168,184,94,70
"Gm10288",21,36,9,7
"Ttll7",21,34,13,15
"Adgrl2",70,115,52,58
"Gm43573",6,1,1,0
"Rpsa-ps10",155,213,130,80
"4930555A03Rik",2,1,1,1
"Ifi44",116,150,90,62
"Gipc2",0,2,1,0
"Dnajb4",76,162,77,53
"ENSMUSG00000125794",0,3,0,0
"ENSMUSG00000125755",7,3,1,0
"Fubp1",1355,1934,887,713
"Nexn",587,934,443,297
"Gm43185",20,33,12,6
"ENSMUSG00000132959",6,16,7,6
"Usp33",26,48,27,18
"Gm42967",3,6,4,0
"Gm43859",5,6,7,1
"Gm43858",2,1,1,1
"Gm43857",4,6,1,1
"Zzz3",214,321,184,137
"Ak5",47,65,28,16
"ENSMUSG00000136279",5,14,1,1
"AI115009",22,28,23,18
"Gm32085",80,113,52,42
"Pigk",206,340,161,89
"Asb17os",0,2,1,0
"Rabggtb",321,466,236,170
"Acadm",176,221,115,94
"Lhx8",0,2,1,2
"Tyw3",51,61,30,20
"Cryz",67,116,41,38
"Tnni3k",3,5,2,0
"Fpgt",15,25,14,15
"Gm26456",1,0,0,1
"Lrriq3",2,2,2,0
"Gm37482",1,0,1,1
"4930592C13Rik",4,12,8,8
"Zranb2",975,1424,666,519
"Gm6520",3,4,1,0
"Cth",173,252,124,69
"Gm43314",6,2,0,1
"Ankrd13c",101,168,77,61
"Gm42611",15,18,10,8
"Srsf11",859,1228,632,403
"Gm43362",175,235,125,100
"Lrrc40",60,108,57,36
"B230334C09Rik",1,7,1,3
"ENSMUSG00000138297",1,3,0,0
"Depdc1a",98,127,62,46
"Wls",128,223,118,107
"Gm43307",7,8,6,6
"Tmem68",40,54,21,11
"Tgs1",183,208,126,76
"ENSMUSG00000125801",13,16,13,3
"Lyn",67,71,40,21
"Rps20",21792,31614,15584,10104
"Gm57085",4,8,3,4
"Plag1",28,34,15,17
"Chchd7",582,918,466,253
"Uba52rt",36,47,23,12
"Bpnt2",190,338,166,112
"Fam110b",25,34,15,10
"Ubxn2b",21,39,23,19
"Sdcbp",295,441,233,136
"Nsmaf",39,88,33,25
"Gm11810",1,0,1,0
"Rab2a",1280,1813,894,582
"ENSMUSG00000132609",2,6,4,2
"ENSMUSG00000131895",0,1,0,0
"Chd7",70,101,51,41
"ENSMUSG00000128456",2,0,0,2
"Gm11816",3,1,2,4
"Asph",161,207,99,86
"4930412C18Rik",5,9,6,3
"ENSMUSG00000122486",4,3,3,1
"Gm56194",2,3,1,0
"Cfap418",26,34,12,14
"ENSMUSG00000132068",0,4,0,1
"Rps11-ps3",0,2,0,0
"Plekhf2",43,62,39,18
"Ndufaf6",172,197,92,51
"ENSMUSG00000130452",238,395,143,71
"Trp53inp1",1,4,3,3
"Ccne2",65,109,51,29
"Ints8",48,73,39,29
"Dpy19l4",45,50,29,14
"Gm11821",1,1,0,0
"Virma",145,199,95,78
"ENSMUSG00000132224",6,5,2,1
"Rad54b",17,19,10,9
"Fsbp",7,4,3,3
"Gem",1,5,4,1
"Cdh17",8,4,5,2
"Pdp1",36,60,33,24
"1700123M08Rik",16,24,9,7
"Tmem67",11,13,7,3
"Rbm12b2",14,29,9,7
"ENSMUSG00000132643",16,25,10,5
"Rbm12b1",16,12,5,10
"Cibar1",793,1106,581,394
"ENSMUSG00000124938",135,228,112,66
"Gm37985",3,0,1,1
"Triqk",19,22,11,10
"Gm11826",3,2,2,2
"ENSMUSG00000131359",9,7,3,5
"ENSMUSG00000131442",2,4,1,3
"Runx1t1",66,127,68,52
"1700120G11Rik",1,2,1,1
"Otud6b",111,163,74,45
"ENSMUSG00000133617",3,0,1,0
"Pip4p2",157,205,106,70
"ENSMUSG00000142325",2,4,1,0
"Tmem64",57,65,53,24
"Decr1",166,225,125,70
"ENSMUSG00000122583",3,4,3,0
"Nbn",109,142,77,44
"Osgin2",52,58,31,26
"Ripk2",42,74,31,19
"A530072M11Rik",5,7,6,3
"Cpne3",259,365,192,112
"Rmdn1",53,89,56,30
"Wwp1",90,117,57,34
"Ggh",45,76,26,46
"Ccnc",99,176,81,53
"Tstd3",58,106,52,35
"Usp45",53,77,35,24
"ENSMUSG00000124409",0,2,1,1
"Pnisr",369,542,269,212
"Coq3",113,144,70,35
"Faxc",34,47,25,20
"Fbxl4",18,28,10,9
"Gm37900",5,5,0,2
"Gm11878",6,5,6,2
"Mms22l",96,171,94,40
"Klhl32",1,3,1,1
"ENSMUSG00000129475",0,3,0,0
"Ndufaf4",212,339,153,91
"Ufl1",168,240,110,66
"Gm11893",2,5,2,1
"Manea",25,54,23,14
"Gm11914",17,32,9,10
"Epha7",0,0,0,1
"ENSMUSG00000128813",6,4,1,1
"Map3k7",66,98,40,45
"Bach2",5,3,3,4
"Bach2it1",3,4,2,0
"ENSMUSG00000128243",1,2,0,0
"Casp8ap2",205,287,127,119
"Mdn1",115,158,77,51
"Lyrm2",127,195,84,66
"Gm11942",2,3,4,1
"Rragd",1,1,0,0
"4933421O10Rik",15,41,23,11
"Ube2j1",380,480,242,158
"Pnrc1",219,264,161,130
"ENSMUSG00000129675",3,2,0,1
"Rngtt",72,96,54,33
"Gm12350",75,111,44,35
"ENSMUSG00000143815",0,1,0,0
"ENSMUSG00000124773",2,2,1,2
"Akirin2",286,455,252,133
"Orc3",89,163,69,44
"Rars2",67,79,44,27
"Slc35a1",169,256,120,66
"Smim8",71,105,58,39
"ENSMUSG00000130893",1,0,1,0
"Zfp292",206,268,100,108
"Mob3b",13,13,5,1
"C9orf72",19,29,14,13
"Gm12366",0,4,1,1
"ENSMUSG00000126143",2,1,0,0
"ENSMUSG00000130136",0,3,0,0
"Gm12389",5,2,3,0
"Aco1",83,84,52,27
"Rigi",157,232,128,79
"Topors",172,272,132,91
"Smim27",100,149,66,46
"Ndufb6",760,1058,539,347
"ENSMUSG00000137543",0,3,2,1
"ENSMUSG00000139928",1,1,1,1
"Aptx",77,121,54,44
"ENSMUSG00000131078",0,2,1,0
"Gm6297",2,2,0,0
"Dnaja1",858,1328,651,445
"Smu1",297,421,197,146
"Psenen-ps",0,4,2,1
"B4galt1",177,238,105,105
"ENSMUSG00000135050",2,2,0,1
"Bag1",1061,1611,766,502
"ENSMUSG00000138766",1,2,0,0
"Chmp5",426,619,293,200
"Nfx1",192,265,139,88
"Aqp7",5,14,4,6
"ENSMUSG00000128306",0,1,1,0
"ENSMUSG00000128344",2,1,0,0
"Nol6",41,89,46,31
"Ube2r2",636,914,429,349
"Gm12403",1,2,1,0
"Ubap2",433,595,272,199
"Gm12401",0,4,1,0
"ENSMUSG00000139021",4,8,2,1
"Dcaf12",129,188,92,67
"Gm57103",1,2,3,3
"Ubap1",112,129,75,70
"Kif24",12,13,9,4
"Nudt2",270,431,203,149
"Myorg",2,1,0,1
"Fam219a",6,22,10,2
"Enho",15,23,9,7
"Il11ra1",89,134,43,46
"Rpp25l",253,426,184,149
"Dctn3",878,1181,627,392
"Sigmar1",234,326,163,96
"Galt",42,69,43,19
"Dnajb5",3,6,1,3
"Vcp",1567,2164,1048,742
"Fancg",9,13,12,3
"Pigo",4,12,3,3
"Stoml2",541,720,407,288
"Atosb",4,15,6,3
"Gm26881",0,3,0,0
"Atp8b5",0,3,1,0
"Gm52698",2,2,2,0
"Rusc2",22,28,21,8
"Tesk1",3,3,2,1
"Rmrp",7,14,5,2
"Ccdc107",318,458,250,143
"Arhgef39",22,38,19,17
"Gm12454",6,7,5,1
"Car9",3,4,2,1
"Tpm2",916,1419,709,472
"Tln1",698,935,430,337
"Creb3",111,150,76,55
"Gba2",9,6,3,4
"Rgp1",17,19,9,14
"Gm12472",1,1,2,1
"Npr2",23,31,17,21
"Hint2",199,281,138,118
"Fam221b",23,28,11,5
"Tmem8b",4,2,4,2
"Hrct1",12,22,11,6
"Spaar",1,0,1,1
"Reck",7,11,15,2
"Glipr2",158,211,86,65
"Clta",1913,2654,1324,922
"Gne",43,73,23,13
"ENSMUSG00000121767",9,18,7,5
"Rnf38",35,57,26,17
"ENSMUSG00000135285",1,0,2,0
"Melk",178,272,110,83
"Pax5",0,0,2,1
"ENSMUSG00000140390",2,1,0,1
"Zcchc7",204,260,168,94
"Gm56271",0,0,2,0
"Grhpr",232,321,152,92
"Zbtb5",14,14,10,4
"1700055D18Rik",1,0,2,0
"Polr1e",70,107,56,29
"Fbxo10",1,8,3,4
"Tomm5",1183,1733,722,536
"Trmt10b",64,101,37,32
"Exosc3",356,494,207,150
"ENSMUSG00000129862",1,0,1,0
"Dcaf10",48,83,34,23
"Slc25a51",90,122,63,55
"Shb",72,109,34,33
"ENSMUSG00000135566",0,1,1,1
"Ccdc180",6,4,6,2
"Tdrd7",48,63,46,16
"Tstd2",16,26,10,14
"Ncbp1",157,209,117,58
"Xpa",113,203,93,46
"Trmo",16,18,12,16
"ENSMUSG00000137079",3,1,0,3
"ENSMUSG00000133345",1,3,2,1
"Anp32b",3403,4554,2195,1538
"Nans",604,868,404,228
"Trim14",2,2,0,0
"Coro2a",16,30,14,11
"Gm57151",2,3,0,2
"Tbc1d2",20,23,11,5
"Anks6",14,16,11,9
"Galnt12",77,119,61,47
"Tgfbr1",28,37,28,17
"ENSMUSG00000123018",0,4,0,0
"Alg2",46,53,28,25
"Sec61b",3514,5028,2446,1618
"Gm57084",6,4,5,1
"ENSMUSG00000133367",13,14,5,4
"Nr4a3",1,1,1,1
"Stx17",55,84,32,25
"Erp44",333,439,219,158
"Invs",20,18,10,1
"Tex10",132,192,88,66
"Msantd3",156,245,126,90
"Cavin4",9,12,9,5
"Mrpl50",179,256,112,75
"Zfp189",5,8,8,4
"ENSMUSG00000130838",2,2,0,0
"Rnf20",147,194,104,82
"Gm12466",6,9,3,3
"Smc2os",4,5,1,3
"Smc2",685,951,406,326
"Nipsnap3b",235,330,165,101
"Abca1",8,16,6,7
"Slc44a1",56,112,40,47
"Fsd1l",85,153,59,53
"Fktn",42,64,31,19
"Rps15a-ps8",4,3,3,2
"Gm12469",1,3,0,0
"Gm57105",3,2,3,0
"Zfp462",70,108,40,49
"ENSMUSG00000136587",2,1,0,0
"ENSMUSG00000123021",3,0,1,0
"Gm12514",15,11,5,2
"ENSMUSG00000132266",12,14,13,5
"Gm12508",4,2,3,1
"ENSMUSG00000124258",0,2,0,0
"ENSMUSG00000139212",1,1,0,0
"Rad23b",478,792,391,301
"Klf4",310,472,249,154
"Gm34343",0,2,3,0
"Gm57093",3,9,5,1
"ENSMUSG00000128187",2,8,1,2
"Elp1",142,214,89,68
"Abitram",35,57,33,12
"Ctnnal1",41,54,20,16
"Tmem245",124,182,86,59
"Gm12536",0,1,0,0
"Pakap.2",14,18,9,3
"ENSMUSG00000142402",3,5,12,3
"Txn1",6742,9138,4545,3233
"Gm57068",4,7,2,2
"Musk",1,1,1,0
"Lpar1",178,261,127,104
"Gm12577",9,7,8,4
"Or2k2",0,2,0,1
"Ecpas",222,291,152,112
"Ptgr1",181,300,151,123
"Dnajc25",172,239,105,92
"Gng10",744,1047,484,314
"Rpsa-ps11",0,2,0,0
"Ugcg",136,233,94,59
"Susd1",2,1,0,0
"Ptbp3",317,444,210,182
"ENSMUSG00000143154",6,11,5,5
"Hsdl2",51,63,45,23
"E130308A19Rik",22,24,10,13
"Inip",56,119,49,36
"Snx30",41,62,40,28
"Gm12543",2,4,2,2
"Slc46a2",0,2,1,0
"ENSMUSG00000125092",0,1,1,0
"ENSMUSG00000137423",0,3,2,0
"Slc31a2",19,30,12,17
"Fkbp15",35,62,34,19
"Slc31a1",118,176,61,47
"Cdc26",377,544,257,172
"Prpf4",106,175,86,61
"Rnf183",7,5,5,1
"Hdhd3",11,20,13,7
"Alad",216,311,165,91
"ENSMUSG00000136513",5,18,1,2
"ENSMUSG00000136476",12,20,11,6
"Pole3",301,428,185,134
"Rgs3",81,104,63,42
"Gm11210",0,4,1,1
"Atp6v1g1",1118,1540,812,552
"Tmem268",17,27,9,9
"Gm11483",2,8,2,8
"Rpl17-ps4",2,5,1,0
"Trim32",37,60,35,23
"ENSMUSG00000132599",1,2,0,1
"Tlr4",12,30,15,11
"Gm57137",4,6,3,3
"Hmgb1-rs18",1,1,1,0
"Gm11249",14,9,5,5
"Brinp1",9,9,7,5
"Gm11221",6,9,5,1
"Gm11223",1,1,0,0
"Gm11224",1,1,0,0
"Cdk5rap2",124,172,81,61
"Megf9",4,7,8,4
"Rps18-ps1",2,3,3,1
"Tle1",78,113,54,44
"C630043F03Rik",7,8,2,4
"Kdm4c",24,39,19,11
"A230083N12Rik",3,4,1,0
"Gm57063",0,1,1,1
"Dmac1",86,119,71,40
"Gm11246",0,1,2,0
"Lurap1l",150,241,93,70
"Mpdz",92,130,79,35
"Gm11264",1,2,3,0
"Nfib",947,1426,582,406
"Zdhhc21",77,103,53,43
"Gm11185",0,1,2,0
"Ttc39b",96,133,60,38
"ENSMUSG00000122546",0,1,3,1
"Snapc3",71,119,46,39
"Psip1",696,930,497,311
"Ccdc171",3,2,2,5
"Bnc2",63,96,44,32
"Gm12421",1,2,1,1
"Gm12415",9,18,6,7
"Cntln",145,205,92,72
"Gm12418",1,3,1,2
"Rraga",247,308,163,101
"Haus6",56,101,48,35
"Gm12551",0,2,1,0
"Plin2",539,753,387,324
"ENSMUSG00000139808",4,10,2,4
"Dennd4c",37,44,28,22
"Rps6",2304,3033,1544,1010
"Mllt3",92,118,66,45
"ENSMUSG00000141199",2,0,0,0
"Focad",3,10,4,2
"Hacd4",8,7,5,4
"Mrpl48-ps",1,0,0,1
"Klhl9",59,106,53,34
"Gm13274",1,2,1,0
"Gm13272",1,2,0,1
"Ifnz",1,2,0,1
"Gm13285",0,2,0,0
"Gm49890",30,55,25,16
"Gm49891",2,9,5,5
"Wincr1",124,180,72,50
"Gm12602",34,47,14,15
"Mtap",1535,2205,1080,677
"Gm12607",44,48,20,28
"Gm12610",6,14,5,3
"Gm12608",3,0,1,0
"ENSMUSG00000140380",6,1,0,1
"Gm12669",19,18,8,9
"Tusc1",13,31,14,15
"Gm12648",0,0,2,0
"Gm12655",1,1,0,0
"Caap1",75,119,47,42
"Plaa",244,369,197,115
"Gm57080",0,1,0,1
"Ift74",184,328,142,126
"Lrrc19",2,6,4,3
"Gm12693",11,14,11,5
"Mysm1",157,227,90,67
"Gm12703",1,2,2,0
"Junos",23,28,7,7
"Jun",830,1214,593,473
"Fggy",11,29,10,6
"Gm12696",2,6,1,1
"Nfia",10,16,6,5
"Tm2d1",274,362,150,134
"Patj",0,1,1,2
"Kank4os",9,12,4,6
"Usp1",293,452,214,168
"Dock7",203,272,139,90
"Angptl3",24,26,15,14
"Gm12705",6,4,3,2
"Gm12681",0,2,1,0
"Atg4c",12,19,13,8
"ENSMUSG00000142992",3,1,4,0
"Gm12689",0,0,1,2
"Gm12684",0,2,1,0
"Gm12690",2,1,0,0
"Alg6",100,131,53,38
"Itgb3bp",77,111,50,33
"Efcab7",16,15,11,6
"Pgm1",123,191,79,66
"ENSMUSG00000133849",8,22,5,11
"Jak1",514,676,347,202
"Gm12796",2,3,2,0
"E130102H24Rik",20,30,13,16
"0610043K17Rik",3,4,4,4
"ENSMUSG00000136895",4,6,3,0
"Ak4",17,17,4,14
"Leprot",157,211,108,75
"Lepr",10,34,10,6
"Gm12799",1,1,1,1
"Pde4b",3,5,10,2
"Dnai4",7,10,6,6
"Mier1",245,302,171,126
"Slc35d1",44,51,26,19
"ENSMUSG00000133220",0,1,1,0
"Oma1",45,59,36,28
"ENSMUSG00000141748",5,9,1,2
"Fyb2",2,1,0,0
"Prkaa2",6,6,2,4
"Plpp3",8,14,13,7
"ENSMUSG00000143234",1,1,1,1
"Gm12726",5,2,3,1
"Gm12728",0,0,0,0
"Gm12729",0,3,0,0
"Gm57071",7,15,7,3
"Usp24",57,72,36,31
"Pars2",10,20,4,7
"Ttc4",118,144,93,76
"Gm57074",3,1,0,0
"Gm31125",1,2,0,1
"Gm12746",1,0,1,0
"ENSMUSG00000138822",6,2,1,1
"Ssbp3",207,348,174,130
"Mrpl37",175,227,134,76
"Cyb5rl",22,21,10,7
"Tceanc2",60,98,51,29
"Tmem59",515,634,329,262
"Lrrc42",182,224,132,88
"Ift25",283,378,206,133
"Yipf1",178,221,144,90
"Ndc1",118,152,71,52
"Glis1",2,3,0,1
"ENSMUSG00000129080",1,0,2,0
"Gm12906",1,2,0,0
"Lrp8os3",0,0,3,0
"Lrp8",130,193,67,62
"Lrp8os2",0,0,1,0
"Magoh",657,957,485,284
"Czib",151,210,96,68
"Cpt2",53,70,50,28
"Scp2",258,358,160,139
"Echdc2",126,138,88,56
"Zyg11b",49,56,33,25
"Coa7",139,187,91,75
"Tut4",201,252,147,103
"Prpf38a",260,409,208,116
"Orc1",36,50,18,11
"ENSMUSG00000144075",3,3,1,4
"Gm12743",3,7,3,2
"Cc2d1b",49,68,24,14
"Gm17354",7,17,10,6
"Zfyve9",60,66,36,18
"ENSMUSG00000130984",8,7,4,0
"Btf3l4",87,124,46,37
"Txndc12",123,175,71,64
"Kti12",231,277,126,89
"Nrdc",267,423,218,145
"Osbpl9",252,376,190,144
"ENSMUSG00000139291",4,5,2,2
"ENSMUSG00000139248",0,1,4,1
"Calr4",1,4,0,2
"Eps15",96,141,64,47
"Gm12749",1,2,0,0
"Ttc39aos1",1,5,1,3
"Ttc39a",34,39,27,23
"Rnf11",268,407,179,139
"9630013D21Rik",10,11,5,3
"Cdkn2c",162,270,134,72
"ENSMUSG00000124568",1,1,0,2
"Gm57073",0,2,2,1
"Faf1",241,331,164,86
"Dmrta2",1,4,0,1
"Spata6",35,48,32,17
"Gm12816",1,1,2,0
"Foxd2",3,9,4,2
"Foxd2os",149,180,100,67
"Cmpk1",446,565,314,192
"Stil",40,53,32,26
"Efcab14",134,188,86,52
"Tex38",2,1,0,0
"Atpaf1",86,113,51,36
"Mob3c",18,19,9,7
"Mknk1",33,38,26,16
"Faah",18,21,12,10
"Nsun4",19,28,21,8
"Gm57150",8,26,9,5
"Uqcrh",1190,1780,915,646
"Lrrc41",27,35,18,17
"ENSMUSG00000131472",1,2,0,0
"Rad54l",61,79,51,25
"Pomgnt1",73,109,53,43
"Lurap1",5,10,1,4
"Pik3r3",3,3,2,2
"Mast2",178,317,126,97
"Ipp",17,30,20,7
"Gm12953",1,5,2,2
"Tmem69",5,3,5,3
"ENSMUSG00000125666",2,2,2,0
"Gpbp1l1",54,72,45,23
"C530005A16Rik",16,25,9,16
"Ccdc17",1,1,3,0
"Nasp",981,1302,602,433
"Akr1a1",1665,2285,1175,832
"AV051173",8,3,2,3
"Prdx1",6071,8214,3986,2940
"Mmachc",21,38,9,13
"Ccdc163",35,54,19,31
"Tesk2",37,54,19,16
"Toe1",77,82,40,27
"Mutyh",17,25,10,10
"Hpdl",1,2,1,0
"Urod",135,195,98,73
"Hectd3",16,22,10,15
"Eif2b3",335,372,197,121
"Btbd19",28,49,25,14
"Dynlt4",2,4,2,0
"Plk3",55,79,26,17
"Rps8",23605,32287,15958,10697
"Kif2c",135,199,81,82
"Gm25099",1,0,1,0
"Gm23287",1,7,5,3
"Tmem53",12,25,12,12
"Rnf220",180,266,151,92
"Eri3",118,184,87,52
"Dmap1",78,123,69,43
"ENSMUSG00000136890",3,1,2,2
"Ccdc24",0,0,1,1
"B4galt2",61,69,32,24
"Gm12841",2,6,3,1
"Atp6v0b",841,1220,583,439
"Dph2",39,53,25,19
"Ipo13",48,96,32,35
"Artn",50,78,45,33
"St3gal3",16,20,9,4
"9530034E10Rik",2,4,7,0
"Kdm4a",46,37,23,21
"Hyi",185,266,123,98
"Szt2",9,17,7,4
"Med8",386,553,260,180
"Elovl1",84,123,50,40
"Cdc20",512,793,387,285
"Tmem125",1,2,1,0
"Ebna1bp2",699,1000,465,319
"Slc2a1",164,202,122,84
"Zfp691",6,17,5,4
"Svbp",362,529,258,187
"AU022252",46,80,36,25
"P3h1",93,105,48,36
"Ybx1",7296,10150,4919,3211
"Ppih",189,287,119,78
"ENSMUSG00000132773",0,1,2,0
"Ppcs",76,114,59,48
"Frg2f1",6,12,8,5
"Foxj3",25,56,28,12
"Guca2b",0,2,0,1
"ENSMUSG00000122407",2,1,1,0
"Scmh1",87,181,67,57
"Ctps1",358,575,287,181
"ENSMUSG00000124496",1,0,1,0
"Nfyc",167,253,134,66
"ENSMUSG00000136479",2,6,4,3
"Exo5",61,81,40,28
"ENSMUSG00000123943",1,1,2,1
"Zfp69",1,3,1,2
"ENSMUSG00000128367",0,4,1,3
"ENSMUSG00000141564",4,8,6,3
"Smap2",76,104,69,44
"Zmpste24",140,188,89,76
"Rlf",74,113,50,36
"ENSMUSG00000143304",0,1,0,1
"Ppt1",96,131,81,50
"Cap1",190,268,134,82
"Gm57091",2,1,0,0
"Mfsd2a",2,13,2,3
"Mycl",4,8,4,4
"Trit1",32,47,29,22
"Ppie",229,345,150,107
"Pabpc4",171,247,135,75
"Gm57113",4,4,2,4
"Bmp8a",0,1,2,0
"Macf1",437,609,326,207
"Gm12924",4,3,2,1
"Gm12925",3,3,3,1
"Gm12922",2,0,2,1
"Ndufs5",635,897,471,306
"Akirin1",240,336,194,96
"Rhbdl2",7,2,2,0
"Gm12905",15,26,19,6
"Mycbp",170,257,114,69
"Rragc",227,360,166,139
"Utp11",724,1022,501,333
"Fhl3",49,79,50,32
"ENSMUSG00000122858",0,4,1,0
"Sf3a3",482,639,306,251
"Inpp5b",37,46,18,11
"Mtf1",64,108,44,40
"1110065P20Rik",57,66,32,37
"Yrdc",415,603,289,164
"Epha10",0,1,0,1
"Cdca8",663,978,523,338
"Airim",21,21,12,15
"Gnl2",268,406,185,141
"Snip1",36,58,37,25
"Gm12932",8,10,2,1
"Meaf6",159,225,108,100
"Zc3h12a",6,13,10,4
"ENSMUSG00000138136",46,71,34,24
"Mrps15",723,1006,492,322
"ENSMUSG00000126897",1,0,1,0
"Oscp1",29,58,24,20
"Rpl28-ps3",2,3,2,1
"Lsm10",183,201,112,65
"Stk40",49,63,29,18
"Gm12946",5,4,5,3
"Eva1b",1045,1441,695,479
"Sh3d21",4,7,3,1
"Thrap3",414,603,252,209
"ENSMUSG00000135463",2,2,1,2
"Map7d1",203,243,129,110
"ENSMUSG00000138670",4,6,1,0
"Gm57069",2,2,0,2
"Trappc3",364,503,224,176
"ENSMUSG00000124220",2,0,2,0
"Adprs",99,132,72,53
"Ago3",36,36,19,13
"Ago1",44,51,17,17
"Ago4",6,9,4,3
"Clspn",283,357,201,116
"5730409E04Rik",31,28,17,15
"Gm12933",9,9,7,2
"Psmb2",2093,2803,1258,908
"Ncdn",44,45,19,14
"AU040320",44,59,36,18
"Zmym4",107,135,85,56
"ENSMUSG00000128555",1,2,1,0
"Sfpq",989,1396,632,548
"Gm12940",5,19,6,7
"Zmym1",40,51,19,18
"Gm12944",0,3,0,0
"Tmem35b",22,47,21,16
"Smim12",173,232,122,81
"Gjb3",1,5,1,0
"Gjb4",5,5,3,1
"Gjb5",8,1,3,1
"Zscan20",5,6,4,1
"Phc2",431,557,268,220
"A3galt2",2,2,0,1
"Zfp362",51,65,34,23
"Gm12969",2,1,1,0
"Trim62",9,14,10,5
"Azin2",36,41,24,17
"Ak2",753,1113,505,332
"Gm57070",2,1,0,0
"1700086P04Rik",5,5,2,2
"Rnf19b",144,207,99,76
"S100pbp",44,67,29,20
"Yars1",207,291,148,92
"Nhsl3",81,113,45,45
"Gm12976",8,7,3,4
"Sync",1,1,2,2
"Rbbp4",559,855,436,284
"Zbtb8os",174,201,113,65
"Zbtb8a",25,37,12,14
"ENSMUSG00000132766",5,3,3,6
"Gm57094",2,4,1,0
"Bsdc1",36,37,28,18
"Marcksl1",321,500,252,202
"Hdac1",461,631,298,193
"Lck",4,9,1,2
"Eif3i",1512,2181,1072,756
"Tmem234",899,1227,640,370
"Dcdc2b",1,3,2,0
"Iqcc",31,39,23,11
"Ccdc28b",3,7,2,3
"Txlna",161,206,103,83
"Kpna6",59,75,36,18
"Tmem39b",50,90,50,29
"Khdrbs1",409,669,292,193
"Gm57133",23,30,14,7
"Ptp4a2",1169,1500,742,557
"ENSMUSG00000125611",3,0,2,6
"ENSMUSG00000141341",6,7,5,3
"Gm12966",1,5,2,1
"Spocd1",5,1,1,0
"Gm12963",4,4,0,0
"Col16a1",6,4,3,4
"Pef1",113,141,75,46
"Tinagl1",297,407,216,136
"Gm10570",4,3,0,2
"Zcchc17",351,519,242,180
"Snrnp40",462,642,324,186
"Nkain1",10,15,4,2
"Pum1",271,377,215,155
"Gm12971",2,6,2,6
"Sdc3",8,24,9,11
"Mecr",156,197,119,75
"Gm57095",2,2,2,0
"Srsf4",15,24,9,5
"A930004J17Rik",38,49,22,20
"Gm12992",1,4,0,1
"ENSMUSG00000123498",0,0,1,0
"Gm50475",0,0,3,1
"Tmem200b",1,1,2,1
"Epb41",182,285,145,107
"Gm13063",2,1,2,1
"Gm10300",1,2,1,0
"Gm13215",2,4,1,0
"Ythdf2",385,537,230,155
"ENSMUSG00000121669",3,6,1,1
"Gmeb1",60,62,37,13
"Gm28874",0,1,1,1
"ENSMUSG00000134044",56,77,35,30
"Gm57101",1,2,0,0
"Taf12",232,302,170,93
"Rab42",7,9,5,4
"Snhg12",170,227,132,95
"Trnau1ap",462,629,269,213
"Rcc1",192,238,135,88
"Snhg3",292,466,225,144
"Gm17300",32,40,30,21
"Phactr4",218,308,150,100
"Med18",36,52,29,22
"Sesn2",26,26,17,13
"Gm12981",5,7,2,2
"ENSMUSG00000127295",1,2,5,2
"Atp5if1",1871,2734,1301,994
"Gm12999",4,1,1,0
"Dnajc8",1074,1443,706,475
"Eya3",32,69,27,18
"Xkr8",16,21,7,10
"Smpdl3b",91,139,61,40
"Rpa2",251,349,174,112
"Ppp1r8",59,105,53,31
"Stx12",172,227,116,84
"ENSMUSG00000135556",2,5,7,3
"Fam76a",127,223,93,81
"Ahdc1",54,79,35,21
"ENSMUSG00000126264",6,4,2,1
"ENSMUSG00000139891",172,352,172,109
"Wasf2",348,469,238,171
"Gpr3",0,3,1,1
"Map3k6",11,19,6,6
"Sytl1",0,0,1,1
"Tmem222",193,251,106,81
"Wdtc1",32,33,21,14
"Slc9a1",27,59,20,9
"Tent5b",33,77,33,29
"Trnp1",37,52,19,19
"Nudc",1468,2130,1060,743
"Gpatch3",14,14,7,9
"Gpn2",47,59,31,17
"Sfn",4,6,2,2
"Zdhhc18",65,87,45,32
"ENSMUSG00000138322",12,14,9,5
"ENSMUSG00000130811",3,5,2,0
"Pigv",16,21,15,7
"ENSMUSG00000130887",24,39,28,17
"Arid1a",217,317,137,111
"Gm12974",8,23,18,0
"ENSMUSG00000137720",0,2,1,0
"Rps6ka1",58,90,38,25
"Hmgn2",228,318,146,113
"Dhdds",63,117,56,36
"ENSMUSG00000127285",1,2,1,0
"Ubxn11",1,4,0,1
"Sh3bgrl3",697,983,470,309
"Cep85",21,40,17,10
"Cnksr1",6,10,10,3
"Zfp593",122,176,72,61
"Pdik1l",45,55,19,19
"ENSMUSG00000122881",1,2,0,0
"Pafah2",14,17,14,7
"1700021N21Rik",1,2,1,1
"Stmn1",1430,1929,929,735
"Paqr7",19,38,19,9
"Aunip",166,239,95,82
"ENSMUSG00000138748",4,2,0,1
"Mtfr1l",198,263,141,107
"Selenon",93,128,63,40
"Man1c1",14,17,5,5
"ENSMUSG00000131495",1,1,1,0
"Ldlrap1",57,85,48,45
"Maco1",117,156,91,56
"Rhd",5,8,5,0
"Tmem50a",430,657,319,226
"Rsrp1",241,355,186,128
"Syf2",324,375,186,146
"Clic4",395,568,291,208
"Srrm1",884,1242,663,399
"Rcan3",55,76,34,25
"ENSMUSG00000139241",0,2,0,0
"Nipal3",5,11,7,3
"Gm12989",10,10,9,1
"ENSMUSG00000132787",1,1,1,0
"Gm57106",3,4,3,0
"Srsf10",680,996,478,293
"Pnrc2",97,178,84,64
"Fuca1",224,325,181,85
"Hmgcl",74,116,67,49
"Gale",83,88,37,34
"Lypla2",92,99,52,43
"ENSMUSG00000132201",0,0,1,1
"Pithd1",72,124,63,42
"Eloa",110,167,92,66
"Gm24362",1,5,0,1
"Rpl11",9781,13411,6700,4461
"Id3",86,124,86,77
"E2f2",22,28,18,10
"Asap3",5,3,2,0
"Tcea3",228,352,145,128
"Zfp46",16,18,8,11
"Hnrnpr",496,699,360,245
"6030445D17Rik",4,3,1,1
"Luzp1",322,531,229,169
"Kdm1a",309,463,225,156
"Gm12987",2,5,1,1
"Gm37583",10,2,6,23
"Ephb2",21,34,26,10
"ENSMUSG00000140984",6,18,5,1
"Zbtb40",26,26,17,21
"ENSMUSG00000142753",0,2,0,0
"Wnt4",0,1,1,1
"Cdc42",1907,2591,1252,894
"ENSMUSG00000133994",3,2,2,1
"2810405F17Rik",10,9,6,7
"ENSMUSG00000134032",4,5,1,3
"Rpl31-ps10",0,1,0,1
"Hspg2",293,362,167,143
"Ldlrad2",1,1,1,1
"ENSMUSG00000132926",2,2,0,0
"Usp48",154,251,132,78
"Rap1gap",3,5,1,1
"Ece1",44,68,35,20
"Eif4g3",131,215,116,75
"2310026L22Rik",6,8,2,2
"Hp1bp3",361,566,279,192
"Sh2d5",9,19,15,3
"Kif17",2,1,0,0
"Ddost",907,1232,662,397
"Pink1",53,76,33,38
"Cda",213,298,144,120
"AB041806",2,1,1,1
"Mul1",69,96,42,32
"Camk2n1",46,72,26,27
"Pla2g2e",0,1,0,1
"Otud3",33,70,31,26
"ENSMUSG00000140735",2,0,1,0
"ENSMUSG00000140776",1,1,0,0
"Tmco4",18,14,11,9
"Micos10",1255,1702,860,627
"Gm57158",2,3,1,1
"Gm16287",4,3,1,0
"9530077C14Rik",1,1,0,0
"Capzb",1041,1571,770,474
"Slc66a1",18,49,21,19
"Akr7a5",299,379,200,111
"Mrto4",761,1082,458,294
"Emc1",55,72,34,29
"Ubr4",285,335,185,120
"Iffo2",79,100,39,46
"Aldh4a1",6,7,3,4
"Gm13017",2,1,0,0
"Arhgef10l",16,16,12,6
"ENSMUSG00000136671",6,5,6,3
"Rcc2",624,795,387,290
"Padi4",6,2,3,0
"Padi2",2,0,2,1
"Gm13031",4,14,3,1
"Sdhb",893,1175,580,392
"Atp13a2",56,61,30,26
"ENSMUSG00000143688",3,2,0,1
"Crocc",5,20,7,6
"Necap2",72,108,62,26
"Gm13047",0,0,1,0
"Szrd1",248,355,159,122
"4921514A10Rik",0,1,1,0
"Fbxo42",44,74,38,24
"Cplane2",3,2,0,1
"Arhgef19",2,0,1,1
"Gm13055",0,2,3,0
"Gm13056",40,52,36,14
"Epha2",171,210,112,70
"ENSMUSG00000140462",2,8,3,4
"Fam131c",6,9,4,1
"Gm13075",13,24,21,3
"Zbtb17",42,59,27,20
"Spen",127,156,77,56
"ENSMUSG00000124566",4,1,1,1
"ENSMUSG00000124640",3,5,0,1
"ENSMUSG00000124722",3,2,2,3
"ENSMUSG00000124599",14,20,9,5
"ENSMUSG00000124715",4,30,1,0
"Fblim1",119,194,69,63
"ENSMUSG00000124676",6,27,0,0
"Plekhm2",43,67,31,19
"Gm54266",1,2,2,0
"Ddi2",43,62,36,27
"ENSMUSG00000134242",3,6,0,2
"Dnajc16",14,17,12,4
"Casp9",19,26,6,9
"Efhd2",218,257,135,97
"Prdm2",55,93,41,35
"Gm13039",1,1,0,0
"ENSMUSG00000129983",1,3,3,2
"Pdpn",141,247,122,79
"Anp32b-ps1",4,4,2,1
"ENSMUSG00000133436",9,7,4,1
"Pramel12",23,33,15,11
"ENSMUSG00000127564",0,0,0,3
"Gm13121",2,3,1,2
"Dhrs3",12,21,15,14
"Vps13d",27,34,15,16
"Tnfrsf1b",15,17,17,11
"Platr16",81,144,57,37
"Gm13230",1,2,1,0
"Smarca5-ps",2,0,1,0
"ENSMUSG00000126881",4,1,1,0
"Gm13226",9,15,7,2
"Gm13236",1,1,1,0
"Zfp600",1,0,1,0
"Gm13140",1,0,1,0
"ENSMUSG00000121438",5,5,3,1
"Gm13135",3,2,0,0
"ENSMUSG00000139747",17,14,9,8
"Zfp982",1,6,3,0
"Zfp985",12,22,6,1
"Zfp979",22,21,10,7
"Zfp984",14,23,13,5
"Gm20707",15,22,11,8
"Rps19-ps3",0,2,0,0
"Zfp933",19,20,10,7
"ENSMUSG00000132859",10,15,11,2
"Miip",24,44,20,10
"Fv1",1,0,0,0
"Mfn2",59,88,33,31
"Plod1",113,148,88,50
"2510039O18Rik",94,124,74,44
"Nppb",10,13,1,2
"Clcn6",17,18,13,10
"Mthfr",11,10,6,4
"Chchd2-ps",1,2,0,0
"Agtrap",106,145,62,60
"Draxin",0,1,1,0
"Mad2l2",168,242,133,75
"Fbxo6",195,278,155,84
"Fbxo44",26,29,16,14
"Fbxo2",170,184,130,75
"Ubiad1",23,47,26,16
"Mtor",68,93,39,37
"Angptl7",536,890,404,402
"Exosc10",198,337,145,101
"Srm",1452,2010,918,503
"Tardbp",468,623,345,264
"Gm13203",28,43,36,19
"Casz1",8,14,2,4
"Gm13205",22,31,17,13
"Gm17029",11,12,5,3
"Pex14",106,173,83,51
"Dffa",23,22,13,9
"Cort",2,4,0,1
"Cenps",164,255,110,77
"Rpsa-ps12",2,6,4,0
"Pgd",447,660,315,311
"Kif1b",277,400,216,165
"Ube4b",116,171,97,52
"ENSMUSG00000131676",11,12,3,7
"Rbp7",2,0,0,2
"Trmt112-ps2",1,5,3,2
"Nmnat1",25,35,29,8
"Lzic",112,147,73,50
"ENSMUSG00000136010",3,3,1,2
"Ctnnbip1",379,491,235,156
"Clstn1",237,313,165,127
"ENSMUSG00000140923",2,0,0,1
"Pik3cd",11,19,4,3
"Tmem201",45,83,40,22
"Slc25a33",169,206,102,48
"Gm13068",2,0,0,0
"Gm13073",1,3,0,1
"Spsb1",19,44,11,15
"ENSMUSG00000135400",0,2,0,1
"H6pd",52,69,33,20
"Gm37795",3,1,0,0
"Car6",5,3,4,1
"Gm13094",8,16,9,2
"Eno1",3022,4112,2047,1314
"Rere",211,294,146,105
"ENSMUSG00000125668",2,0,0,0
"Gm13092",78,88,50,26
"Gm55126",1,5,2,1
"ENSMUSG00000127926",5,12,8,2
"ENSMUSG00000129355",12,17,7,8
"Gm13091",8,6,3,1
"ENSMUSG00000136920",1,1,1,0
"Gm42356",2,3,2,1
"Rps15a-ps3",3,7,1,3
"Errfi1",368,383,151,121
"ENSMUSG00000132718",0,2,0,1
"Park7",2103,2992,1413,949
"Tnfrsf9",12,23,15,9
"ENSMUSG00000139299",1,1,1,0
"ENSMUSG00000139261",1,0,0,0
"Per3",57,64,44,26
"Vamp3",191,305,118,80
"ENSMUSG00000135787",1,1,0,0
"Camta1",231,324,156,102
"Gm57065",2,1,1,0
"Dnajc11",135,216,87,61
"Thap3",149,178,91,70
"Phf13",42,64,33,27
"ENSMUSG00000135361",2,1,3,1
"Klhl21",40,57,27,22
"Zbtb48",20,27,14,10
"Nol9",68,105,58,31
"Plekhg5",18,23,11,10
"Tnfrsf25",2,0,1,1
"Espn",27,27,13,10
"ENSMUSG00000124668",2,5,1,1
"Acot7",352,497,224,136
"Gpr153",3,9,8,3
"Icmt",28,36,33,19
"Rnf207",4,3,1,2
"Rpl22",10622,14846,7140,4675
"Chd5",2,5,3,0
"Kcnab2",37,49,28,12
"BC039966",11,46,22,13
"ENSMUSG00000127170",4,0,1,0
"ENSMUSG00000127216",3,2,2,1
"A430005L14Rik",246,372,139,135
"Dffb",10,18,5,4
"Cep104",64,59,37,26
"ENSMUSG00000123742",108,137,139,51
"Lrrc47",26,28,15,12
"Smim1",42,67,30,17
"Wrap73",74,109,50,50
"Tprg1l",192,308,155,94
"Arhgef16",2,0,2,0
"Prdm16",114,145,62,57
"Gm57100",2,2,0,0
"ENSMUSG00000127797",9,7,7,6
"Tnfrsf14",5,4,2,3
"Gm57104",1,1,0,0
"Pank4",18,31,11,8
"ENSMUSG00000138854",5,6,5,1
"Pex10",14,19,16,5
"Rer1",1047,1534,722,426
"Morn1",1,1,1,0
"Ski",135,224,111,54
"Gm52713",0,1,2,2
"Faap20",126,173,94,50
"Prkcz",4,3,2,0
"Gnb1",1581,2235,1063,676
"Nadk",266,406,182,135
"ENSMUSG00000123417",1,4,0,0
"B930046K06Rik",10,10,7,3
"Slc35e2",35,56,21,13
"Gm16023",3,2,3,1
"Cdk11b",255,418,183,141
"Mmp23",18,20,9,3
"Mib2",11,19,17,4
"Fndc10",13,19,12,12
"Ssu72",163,291,139,74
"1500002C15Rik",6,4,6,3
"Tmem240",6,4,3,4
"Atad3a",282,400,197,136
"Atad3aos",5,9,4,1
"Vwa1",27,41,18,9
"Mrpl20",1148,1719,780,487
"ENSMUSG00000123461",1,5,2,0
"Ccnl2",148,174,88,63
"Aurkaip1",1174,1603,757,506
"ENSMUSG00000126236",1,1,0,0
"Mxra8",348,507,278,214
"Dvl1",69,101,53,26
"Cptp",52,73,41,18
"Ints11",152,219,100,66
"Pusl1",99,148,66,47
"Acap3",27,38,15,11
"Ube2j2",378,541,256,163
"C1qtnf12",183,287,134,86
"B3galt6",78,109,40,35
"Sdf4",464,690,355,194
"Gm16008",2,5,4,2
"Tnfrsf4",4,15,1,4
"Gm37090",1,1,0,0
"ENSMUSG00000132318",0,0,0,3
"ENSMUSG00000132397",3,4,0,0
"9430015G10Rik",28,46,22,16
"Rnf223",0,1,3,0
"Agrn",15,15,5,5
"Gm46878",0,1,0,1
"Isg15",1518,2455,1444,821
"AW011738",10,30,8,11
"Perm1",6,9,3,1
"Plekhn1",5,14,6,5
"Klhl17",1,3,0,1
"Noc2l",76,118,51,33
"Gm15772",25,34,20,20
"Gm36548",4,7,10,1
"Cdk6os1",8,11,5,6
"Cdk6",464,632,237,210
"ENSMUSG00000122351",4,12,3,2
"Gm17590",5,7,2,11
"Gm42435",2,1,1,3
"Fam133b",339,467,184,152
"Gm43017",3,4,4,1
"1700109H08Rik",31,30,21,13
"Rbm48",56,96,50,30
"2510017J16Rik",7,13,6,4
"Pex1",17,29,7,7
"4833413G10Rik",2,0,3,0
"Gatad1",462,739,315,208
"Ankib1",66,84,45,36
"Gm43679",1,2,2,1
"Krit1",179,233,123,87
"ENSMUSG00000126499",1,2,1,2
"Mterf1a",14,19,14,9
"Akap9",301,483,210,201
"Wdr46-ps",0,1,0,1
"Gm43031",1,2,4,1
"Cyp51",316,474,210,133
"ENSMUSG00000122831",2,0,0,1
"Mterf1b",2,5,2,1
"Fzd1",15,24,12,9
"ENSMUSG00000141641",0,0,1,0
"Cdk14",92,120,67,55
"Gm43112",6,6,1,2
"Gm43113",5,10,7,1
"Gm43111",6,5,4,3
"ENSMUSG00000128036",0,1,1,0
"Gm43623",4,3,4,1
"Gm10484",1,4,3,1
"Gm43727",4,6,5,4
"Gm43728",6,8,5,5
"Cldn12",41,61,25,16
"Fam237b",79,129,58,45
"Cfap69",22,58,22,19
"ENSMUSG00000139155",3,1,2,3
"Steap2",236,343,157,131
"Steap1",512,772,400,266
"Gm15459",3,5,0,0
"Gm15731",0,5,1,2
"Sri",841,1246,566,429
"Gm15730",0,1,2,0
"Adam22",5,7,2,1
"Dbf4",506,703,346,219
"Slc25a40",28,45,27,14
"Rundc3b",0,1,0,1
"Abcb1a",0,1,1,0
"Gm42686",0,1,0,0
"Gm5106",27,32,15,11
"Abcb1b",33,38,13,14
"7330423F06Rik",5,5,4,2
"Crot",48,82,36,31
"Tmem243",43,51,26,33
"Dmtf1",54,81,46,19
"Gm7332",75,95,42,29
"Gm4959",0,3,0,0
"Sema3d",38,56,23,13
"Gm8925",9,10,3,4
"Gm42909",3,6,2,2
"ENSMUSG00000139678",2,3,0,0
"Sema3a",148,280,123,77
"ENSMUSG00000129701",2,1,1,0
"Gm43130",2,1,5,0
"Gm42676",8,24,7,5
"Gm42675",12,19,14,2
"Gm43719",16,19,9,9
"Speer3",2,1,3,0
"Gm6650",2,2,2,0
"Pclo",1,1,1,0
"Gm3510",3,4,0,2
"Cacna2d1",72,106,44,42
"Gm43000",1,0,0,0
"Gm43490",1,2,2,0
"ENSMUSG00000133479",2,3,1,2
"Cdhr17",0,0,1,2
"Sema3c",3,14,0,8
"Cd36",8,8,3,3
"Magi2",14,31,15,6
"Gm29254",0,1,0,1
"Phtf2",28,38,17,12
"Tmem60",255,387,149,122
"Rsbn1l",61,90,38,48
"A630072M18Rik",28,34,11,6
"Ptpn12",113,121,81,38
"Gsap",41,65,24,17
"Fam185a",21,32,14,9
"Fbxl13",0,1,1,1
"Gm6543",1,1,2,1
"Gm8539",14,24,9,9
"Armc10",71,119,51,37
"Napepld",11,14,9,6
"ENSMUSG00000124156",0,0,1,1
"Pmpcb",346,490,223,151
"Dnajc2",781,1140,549,383
"Psmc2",964,1309,680,463
"Gm43110",2,2,0,0
"Orc5",24,57,27,30
"6030443J06Rik",13,8,2,1
"Gm9057",1,3,0,1
"Gm6560",0,0,0,1
"5031425E22Rik",64,89,44,38
"4930580E04Rik",1,1,1,0
"Gm57286",19,31,9,8
"ENSMUSG00000136789",11,7,5,3
"Kmt2e",244,337,187,113
"Srpk2",245,371,172,126
"Gm43566",21,35,18,9
"AI506816",317,460,200,166
"Pus7",113,176,71,44
"Rint1",59,94,44,25
"Tomm7",2489,3615,1732,1327
"2700038G22Rik",33,69,33,28
"Hycc1",34,50,18,17
"Gm6745",2,0,1,0
"ENSMUSG00000129097",0,1,1,2
"Klhl7",35,48,27,20
"Gm43389",1,1,2,1
"Nup42",32,52,25,24
"ENSMUSG00000123278",3,10,3,6
"Kcnh2",16,15,14,7
"Atg9b",52,65,18,16
"Abcb8",65,66,35,33
"Asic3",0,1,0,0
"Cdk5",77,125,47,38
"Slc4a2",85,115,65,47
"Fastk",134,169,83,53
"Tmub1",41,61,34,21
"2310074N15Rik",3,2,2,0
"Agap3",74,102,61,37
"Gbx1",1,1,3,0
"Abcf2",323,496,236,147
"Gm10221",4,2,2,1
"Chpf2",6,6,4,2
"Smarcd3",45,54,33,19
"ENSMUSG00000129937",1,2,2,0
"Nub1",273,404,205,153
"Gm26648",17,10,6,7
"ENSMUSG00000128448",4,9,3,1
"Crygn",1,1,0,1
"Rheb",903,1348,635,390
"Prkag2",29,45,20,15
"Galnt11",39,56,47,15
"Kmt2c",50,92,50,47
"Gm42585",1,2,2,2
"ENSMUSG00000130766",1,0,0,0
"ENSMUSG00000130727",2,6,4,3
"1700096K18Rik",12,17,14,8
"Xrcc2",19,29,9,14
"Paxip1",90,146,70,44
"Gm57306",7,7,4,4
"Gm43096",6,3,3,0
"Gm4865",1,0,1,0
"Insig1",116,128,70,36
"ENSMUSG00000136518",5,12,2,4
"Rbm33",104,135,59,55
"Nom1",148,186,86,65
"Ube3c",103,169,77,51
"Gm5129",1,1,0,0
"Dnajb6",363,526,270,186
"Gm42450",5,4,2,3
"Il6",0,0,3,1
"Tyms",629,922,415,267
"Gm4961",0,0,1,1
"Hadha",200,249,139,132
"Hadhb",170,253,120,83
"Gm57315",48,73,34,32
"Selenoi",86,130,51,49
"Gm16288",0,3,0,0
"Slc35f6",26,40,21,12
"Cenpa",1286,1860,849,645
"Mapre3",14,13,9,2
"Gm19409",7,3,2,2
"Tmem214",130,174,78,57
"Gm43808",1,3,1,0
"ENSMUSG00000128455",1,0,0,2
"Agbl5",9,14,3,7
"5930420M18Rik",13,15,5,6
"Ost4",391,596,262,214
"Emilin1",98,145,76,83
"Khk",27,26,11,10
"Cgref1",37,57,20,13
"Abhd1",1,2,1,0
"Preb",181,231,98,76
"Slc5a6",24,39,25,13
"Atraid",247,408,179,143
"Cad",194,247,115,77
"Mpv17",97,148,68,52
"Gm29609",2,3,4,2
"Gtf3c2",155,212,104,92
"ENSMUSG00000143424",2,5,1,2
"Eif2b4",130,203,83,68
"Snx17",318,447,227,146
"Zfp513",15,24,13,6
"ENSMUSG00000136892",1,1,3,0
"Ppm1g",290,418,218,145
"ENSMUSG00000136964",0,2,1,1
"Gm42798",29,41,13,17
"Gm57317",4,2,0,3
"Gm9970",4,7,1,2
"Nrbp1",203,341,136,127
"Ift172",17,25,11,10
"ENSMUSG00000140539",1,2,1,1
"Fndc4",108,155,65,52
"ENSMUSG00000130345",7,9,10,2
"Zfp512",50,79,36,37
"Gpn1",162,244,131,89
"Supt7l",35,45,20,14
"Slc4a1ap",81,110,57,43
"AI839979",10,17,7,6
"Mrpl33",1283,2038,1019,628
"Gm43809",2,2,0,1
"Rbks",6,9,6,0
"Babam2",225,300,114,95
"Gm43810",3,1,1,0
"Gm43811",3,0,1,2
"ENSMUSG00000139841",1,0,1,1
"Gm57276",2,3,2,0
"Fosl2",113,150,89,51
"Plb1",0,1,1,0
"ENSMUSG00000127242",3,4,1,1
"Ppp1cb",266,379,153,125
"Gm43312",3,1,0,3
"Gm43313",2,4,0,1
"Gm15614",0,1,1,0
"Gm10461",2,3,2,2
"Yes1",64,70,29,22
"Pisd",52,91,45,25
"ENSMUSG00000122827",3,3,0,1
"Prr14l",14,26,10,6
"Gm43692",4,4,1,0
"Depdc5",37,55,21,20
"ENSMUSG00000122023",0,2,3,1
"ENSMUSG00000135383",1,1,2,0
"Ywhah",1099,1535,669,489
"ENSMUSG00000132775",1,0,0,0
"Rpl35a-ps5",6,2,1,2
"Ctbp1",489,621,292,234
"ENSMUSG00000135948",1,1,2,1
"ENSMUSG00000135358",0,0,2,0
"Maea",225,382,158,118
"Uvssa",51,53,28,16
"Fam53a",206,298,129,79
"Gm9903",0,0,2,1
"Slbp",650,972,431,319
"Tmem129",40,59,22,21
"Tacc3",441,672,295,219
"Fgfr3",1,0,0,0
"Letm1",225,341,158,107
"Gm10059",2,2,0,1
"Nsd2",275,437,213,141
"Nelfa",137,217,83,54
"Gm42851",1,3,0,0
"Nicol1",130,172,89,83
"Poln",1,0,0,0
"Haus3",177,227,112,59
"Mxd4",26,20,17,15
"Gm57273",0,3,4,3
"Rnf4",230,315,171,117
"Fam193a",130,192,88,80
"ENSMUSG00000131896",0,1,1,0
"Gm42559",4,11,3,4
"Gm43457",9,9,3,1
"Tnip2",36,33,27,25
"Sh3bp2",4,4,1,2
"Add1",183,272,151,103
"Mfsd10",238,306,152,85
"Nop14",442,648,309,201
"Gm15522",1,4,0,0
"Grk4",1,2,0,1
"Htt",78,105,38,39
"Msantd1",0,2,0,2
"Rgs12",25,34,6,15
"Lrpap1",192,275,134,84
"Gm43860",4,0,1,2
"Trmt44",24,33,13,13
"ENSMUSG00000136090",0,1,0,1
"Acox3",8,7,6,6
"Htra3",4,2,2,0
"Afap1",86,137,56,38
"Sorcs2",21,29,14,4
"2210406O10Rik",3,2,1,3
"Grpel1",769,1152,503,372
"Tada2b",13,28,14,11
"Ccdc96",1,2,0,4
"Tbc1d14",38,50,25,24
"D5Ertd579e",99,143,77,61
"Gm42507",23,33,14,7
"Gm57280",5,3,4,3
"ENSMUSG00000132148",2,1,1,0
"Bloc1s4",161,232,122,89
"Mrfap1",1771,2686,1240,946
"ENSMUSG00000128001",1,2,2,1
"Man2b2",14,13,10,2
"Wfs1",20,38,18,12
"Evc",34,37,19,14
"Evc2",55,86,45,29
"Msx1",68,116,60,27
"Stx18",146,215,89,67
"Gm42858",2,5,1,1
"Nsg1",1,2,0,0
"Zbtb49",5,10,7,2
"Lyar",1192,1548,737,479
"Tmem128",296,447,216,148
"Slc2a9",3,0,1,0
"ENSMUSG00000142339",0,3,2,1
"Wdr1",410,646,258,179
"Gm57313",1,1,0,2
"Zfp518b",15,32,11,10
"Gm2810",4,8,2,2
"Rab28",200,256,117,92
"Bod1l",205,318,155,110
"Cc2d2a",21,32,19,4
"Fbxl5",129,178,68,68
"Gm42462",2,4,1,2
"Gm43182",5,9,2,3
"Gm42555",3,4,1,5
"Bst1",0,1,2,0
"Cd38",0,1,0,1
"Fgfbp1",129,189,105,81
"Tapt1",24,39,17,11
"E430021H15Rik",18,19,15,11
"Gm42984",4,5,4,0
"Gm5865",0,3,2,2
"Gm43509",4,6,5,1
"Qdpr",310,416,200,170
"Lap3",593,804,351,284
"Med28",606,899,402,308
"1600023N17Rik",3,2,1,1
"Ncapg",106,194,94,67
"Lcorl",47,67,40,25
"Gm36401",1,8,4,3
"Gm43201",4,8,3,2
"Gm43200",3,9,4,4
"Gm7931",3,0,0,0
"Slit2",146,209,98,74
"4930518C09Rik",3,14,7,1
"Gm43426",32,54,20,14
"Gm42536",2,10,4,3
"Gm42537",16,15,10,7
"Gm42534",2,0,2,1
"5730480H06Rik",62,108,49,36
"Kcnip4",0,1,1,0
"Gm5555",1,5,1,0
"Adgra3",55,90,47,29
"Ppargc1a",0,0,1,0
"Gm43176",0,2,1,1
"Dhx15",544,774,333,263
"Gm43178",3,3,0,1
"9230114K14Rik",15,29,9,6
"Sod3",5,7,4,2
"Sepsecs",7,11,10,7
"ENSMUSG00000138208",2,3,7,3
"Pi4k2b",81,112,68,37
"Zcchc4",18,45,12,21
"Anapc4",114,180,85,48
"5033403H07Rik",0,2,0,2
"Smim20",192,265,115,80
"Gm45495",1,0,1,2
"Gm42745",1,1,0,1
"Rbpj",973,1443,635,480
"Tbc1d19",67,70,48,28
"Gm43268",2,7,2,2
"ENSMUSG00000126689",1,3,0,0
"Stim2",102,142,60,53
"4932441J04Rik",2,1,0,3
"Gm8121",1,1,0,0
"Pcdh7",12,16,7,7
"Gm42635",1,2,0,1
"Gm42480",1,0,1,0
"Gm42639",1,1,0,0
"Gm42640",0,0,0,1
"ENSMUSG00000133497",1,5,1,2
"ENSMUSG00000135740",2,1,0,0
"Arap2",11,21,6,5
"Rell1",59,98,51,35
"ENSMUSG00000127532",1,6,0,0
"Pgm2",93,137,62,44
"ENSMUSG00000123942",0,1,1,0
"Tbc1d1",107,153,69,52
"Gm15823",4,5,4,1
"Gm6044",1,1,1,0
"ENSMUSG00000142621",0,1,0,0
"Gm43838",6,6,4,0
"Gm3716",6,9,5,1
"ENSMUSG00000124498",1,0,0,1
"Gm20033",3,13,11,4
"ENSMUSG00000136685",1,0,0,2
"Klf3",219,261,117,117
"C230096K16Rik",47,48,28,29
"Tlr1",1,2,0,0
"Tlr6",2,4,4,1
"Fam114a1",28,64,26,24
"Gm43627",4,6,3,1
"Tmem156",14,17,11,10
"Klhl5",103,154,72,54
"Wdr19",9,21,10,8
"Rfc1",534,786,356,273
"Gm43628",12,21,8,6
"ENSMUSG00000127609",0,1,1,0
"Rpl9",12074,16775,8051,5486
"Lias",149,258,100,83
"1110003F10Rik",8,10,5,4
"Gm43311",1,1,3,3
"Ugdh",513,807,362,268
"Gm43289",10,5,5,1
"Smim14",451,670,350,230
"Gm43290",2,5,3,0
"4930589O11Rik",3,2,1,3
"Gm42725",7,4,0,2
"Ube2k",687,997,486,299
"Gm40309",36,45,35,23
"Gm42726",2,7,1,2
"Pds5a",181,276,141,96
"Gm42727",5,11,6,1
"Gm42729",5,19,11,3
"Gm42728",8,12,2,6
"C030017G13Rik",15,51,10,10
"N4bp2os",12,16,7,4
"N4bp2",43,43,28,20
"ENSMUSG00000137008",4,8,4,2
"Gm42648",3,1,1,2
"9130230L23Rik",0,1,1,0
"Rbm47",20,24,10,7
"Gm43775",0,1,0,0
"Nsun7",2,1,1,0
"Apbb2",198,292,137,100
"Gm43793",5,15,4,6
"ENSMUSG00000143854",2,2,1,1
"Gm43792",12,12,7,3
"Gm43794",25,20,16,8
"Gm43343",39,47,20,14
"Gm43795",8,9,4,6
"C530043K16Rik",25,81,35,27
"ENSMUSG00000143516",3,6,0,0
"Gm43279",1,0,0,2
"Limch1",20,9,9,11
"Gm42670",6,8,1,3
"Tmem33",260,371,196,122
"Slc30a9",66,103,46,32
"Gm42736",3,13,3,3
"Guf1",30,40,24,16
"Gnpda2",0,3,0,0
"Gm42653",2,2,1,0
"Gabrb1",1,2,0,2
"Commd8",143,201,88,68
"Nfxl1",63,117,45,40
"Gm43815",1,0,0,2
"Gm5297",1,1,2,0
"Nipal1",12,17,7,4
"Tec",9,7,4,2
"Slain2",100,159,64,53
"Fryl",45,79,44,30
"Gm42572",2,1,2,2
"Gm42571",3,7,1,1
"Gm34411",3,2,0,0
"Ociad1",324,468,225,174
"Gm42732",4,11,4,3
"Ociad2",74,120,40,47
"ENSMUSG00000137355",1,3,2,1
"Dcun1d4",9,8,5,3
"Sgcb",62,85,53,29
"Usp46",84,125,56,46
"Gm43417",3,2,3,3
"Gm43415",1,3,2,1
"Dancr",92,143,58,40
"Rasl11b",3,6,4,2
"Scfd2",35,32,16,9
"6720475M21Rik",1,2,1,1
"Gm43167",3,4,3,0
"Fip1l1",691,961,444,314
"Gm43747",8,25,8,5
"ENSMUSG00000139893",1,0,0,0
"ENSMUSG00000141831",2,4,0,1
"Chic2",405,575,286,184
"Gm42576",8,14,4,8
"Pdgfra",63,86,49,46
"Gm42803",0,1,0,2
"Srd5a3",78,92,43,34
"ENSMUSG00000137209",0,3,0,0
"Tmem165",390,595,275,210
"Apc-ps1",0,0,2,0
"Clock",82,108,46,46
"Gm43658",0,2,0,0
"Gm7467",7,11,6,4
"Exoc1",60,77,37,34
"Cep135",20,29,19,10
"Cracd",0,3,4,5
"Aasdh",41,64,31,23
"Ppat",177,261,118,81
"Paics",567,795,389,288
"ENSMUSG00000137527",1,1,2,1
"Srp72",576,798,395,295
"ENSMUSG00000137642",10,10,1,4
"Hopx",32,41,28,13
"Spink2",40,55,17,10
"Rest",220,304,161,129
"ENSMUSG00000131889",1,0,0,0
"Noa1",165,206,104,68
"Polr2b",144,223,111,80
"Gm2199",2,10,2,1
"Adgrl3",7,7,1,2
"Rpl7-ps7",13,23,11,1
"Gm4866",5,10,2,4
"Cenpc1",86,114,49,56
"Stap1",1,1,0,2
"Uba6",68,137,60,31
"ENSMUSG00000132971",3,7,5,3
"Gm43057",2,1,1,1
"ENSMUSG00000124176",2,2,3,2
"Ythdc1",348,479,232,149
"Sult1b1",1,0,1,2
"Csn3",72,86,52,35
"Gm57272",2,4,1,1
"ENSMUSG00000134393",1,1,1,1
"Utp3",617,917,443,315
"Rufy3",35,62,25,18
"Grsf1",169,253,117,85
"Gm57324",5,6,6,6
"Mob1b",102,161,69,47
"Dck",58,96,55,33
"Cox18",143,201,86,57
"Ankrd17",343,483,222,195
"ENSMUSG00000130758",4,1,1,2
"Gm9958",1,6,2,2
"Afp",6,25,9,4
"Albfm1",0,1,2,0
"Rassf6",1,3,0,0
"Ppbp",0,1,9,1
"Cxcl1",100,107,79,21
"Mthfd2l",119,192,100,64
"Gm19610",27,40,13,15
"Ereg",19,16,10,7
"Areg",45,99,50,22
"Btc",4,5,6,5
"ENSMUSG00000143999",10,3,1,3
"Rchy1",147,212,132,105
"Thap6",1,1,4,3
"Odaph",2,0,0,0
"Cdkl2",14,25,17,6
"ENSMUSG00000129945",2,3,0,2
"G3bp2",576,850,368,277
"ENSMUSG00000129828",3,11,5,3
"ENSMUSG00000129597",6,2,6,1
"D430040L24Rik",2,1,0,1
"Uso1",171,266,130,85
"Gm15710",0,2,1,0
"U90926",5,6,5,0
"Ppef2",1,2,0,0
"Naaa",44,66,34,28
"Sdad1",223,298,144,87
"Gm43599",0,1,0,1
"Cxcl9",0,0,12,0
"Art3",5,24,13,7
"Cxcl10",2937,3953,3474,821
"Cxcl11",28,38,66,3
"Nup54",144,203,108,84
"ENSMUSG00000131613",8,10,4,1
"Scarb2",129,170,97,74
"Stbd1",21,22,6,5
"Shroom3",15,22,6,6
"Septin11",400,598,289,183
"Gm43682",6,5,2,2
"Ccni",255,408,190,124
"Gm43681",7,5,5,2
"2010109A12Rik",5,7,5,1
"Ccng2",29,33,35,23
"Cnot6l",154,235,108,78
"ENSMUSG00000135924",2,7,2,1
"ENSMUSG00000133365",1,2,0,0
"Mrpl1",150,205,119,67
"Anxa3",1856,2554,1212,868
"Gm42603",2,3,0,1
"ENSMUSG00000134123",21,39,16,7
"Gm9484",2,3,2,2
"Bmp2k",116,179,70,55
"Paqr3",6,10,8,3
"Gm33969",2,0,0,0
"Naa11",83,139,55,52
"4930467D21Rik",1,6,1,1
"Antxr2",111,161,74,55
"ENSMUSG00000127655",0,0,1,0
"C430019N01Rik",4,6,2,1
"Gm42759",4,9,2,2
"ENSMUSG00000130319",1,0,0,0
"Prdm8",8,6,6,4
"Cfap299",2,6,6,3
"E030032P16Rik",1,4,0,2
"Mir703",225,329,178,137
"1700010H22Rik",6,0,3,0
"Prkg2",219,294,150,96
"Rasgef1b",0,2,1,0
"Hnrnpd",787,1159,541,380
"Gm17092",27,36,12,10
"Hnrnpdl",564,765,353,265
"Enoph1",154,182,75,52
"Gm57308",1,1,0,2
"Sec31a",271,383,188,157
"5430416N02Rik",94,124,52,27
"Lin54",62,72,38,25
"Gm19620",0,1,1,0
"Cops4",620,883,469,325
"Plac8",1977,2762,1466,1120
"ENSMUSG00000131182",0,2,2,4
"ENSMUSG00000131120",0,4,1,1
"Coq2",318,422,204,136
"Hpse",21,19,13,10
"Helq",20,38,14,14
"Mrps18c",523,724,357,233
"Gm43511",3,5,4,3
"Abraxas1",51,81,37,40
"Gm43513",7,11,7,5
"Gm43514",6,5,2,2
"4930458D05Rik",4,1,1,1
"Gpat3",16,16,6,10
"Wdfy3",54,71,36,16
"Gm42934",1,2,0,0
"Gm29707",1,1,1,2
"Arhgap24",6,6,2,2
"4930429D17Rik",3,0,3,2
"5430427N15Rik",1,0,1,2
"Ptpn13",39,74,36,31
"Aff1",38,56,22,8
"ENSMUSG00000122606",4,4,6,2
"Klhl8",12,28,11,14
"Gm43547",3,2,0,1
"Hsd17b11",91,118,66,44
"Nudt9",394,509,258,199
"Spp1",7754,11465,6371,4494
"Gm42793",1,3,2,0
"Pkd2",57,75,46,26
"Thoc2l",130,193,79,48
"Zfp33b",26,19,11,7
"Zfp951",23,25,12,8
"ENSMUSG00000139462",8,18,5,9
"Gm5870",16,9,4,4
"Gbp8",2,2,2,1
"Gbp9",18,24,14,11
"Gbp4",28,15,16,20
"Gbp6",3,6,3,0
"Gm32051",2,2,0,0
"Lrrc8b",13,17,4,3
"Lrrc8c",64,93,30,20
"ENSMUSG00000133188",5,4,3,0
"C230066G23Rik",0,0,0,0
"ENSMUSG00000126152",7,28,9,8
"Gm57323",2,2,2,3
"Lrrc8d",45,63,30,23
"Rps15a-ps5",43,76,27,21
"Zfp326",254,335,176,129
"Gm43817",7,8,4,2
"Zfp644",193,248,106,92
"Cdc7",60,69,33,22
"Tgfbr3",91,114,58,47
"Gm43422",2,5,2,1
"Gm43423",2,3,4,1
"Gm42900",1,2,0,1
"Brdt",15,34,19,9
"Gm17202",1,6,4,2
"Ephx4",15,22,11,3
"Btbd8",10,17,9,2
"Gm9727",13,16,1,6
"Gm42669",1,1,0,2
"1700028K03Rik",0,2,0,1
"Glmn",84,142,68,40
"Rpap2",97,106,72,43
"A930041C12Rik",14,13,9,4
"Evi5",215,332,147,97
"Gm43593",5,5,0,1
"Gm43592",5,3,1,1
"Rpl5",3641,4802,2289,1653
"Gm22270",0,1,0,0
"Gm26387",0,2,1,0
"Dipk1a",99,179,67,59
"ENSMUSG00000137388",13,26,8,12
"Rps19-ps8",3,1,1,0
"Mtf2",152,219,117,70
"Tmed5",458,660,301,185
"Ccdc18",54,91,44,26
"Dr1",77,94,49,29
"Gm43081",1,4,2,1
"Pigg",9,17,3,6
"Tmem217rt",17,35,18,9
"Gm10419",5,6,7,3
"Atp5me",2789,3993,1972,1303
"ENSMUSG00000121853",1,4,1,0
"Slc49a3",4,7,1,2
"Pcgf3",76,128,52,50
"Gm10086",1,5,2,1
"Gak",117,173,91,72
"ENSMUSG00000133269",2,2,1,0
"ENSMUSG00000133224",1,2,0,1
"Tmem175",19,37,22,14
"Idua",5,4,2,1
"Gm42151",2,2,0,2
"Fgfrl1",31,50,25,20
"Vmn2r10",9,8,3,1
"ENSMUSG00000136293",2,2,3,0
"Crlf2",75,99,47,30
"Zfp1007",7,8,7,4
"Gm57295",18,22,7,10
"4930522L14Rik.1",22,49,16,12
"AB010352",11,6,7,3
"Gm15446",12,22,9,4
"1010001B22Rik",3,10,1,3
"Zfp932",17,26,18,10
"Gm17655",3,1,1,1
"Gm35315",6,5,4,1
"Plcxd1",3,6,5,3
"Gtpbp6",50,69,31,25
"Zfp605",11,18,13,8
"Gm15484",2,2,1,0
"Gm15787",3,3,0,1
"Chfr",39,52,28,20
"Golga3",117,128,64,67
"Gm43138",2,9,1,2
"5930411N13Rik",3,3,1,2
"Ankle2",70,118,42,27
"Pgam5",111,143,68,45
"Pxmp2",20,34,10,6
"Pole",99,148,62,38
"Fbrsl1",31,58,25,19
"Noc4l",186,276,113,97
"Ddx51",21,33,19,13
"Gm42595",6,7,6,3
"Ep400",230,333,158,102
"Gm15559",2,3,0,2
"Pus1",207,332,145,82
"ENSMUSG00000128201",0,2,0,0
"Ulk1",21,27,16,10
"Hscb",97,155,88,50
"Chek2",32,52,24,19
"Ttc28",34,32,26,9
"ENSMUSG00000132579",16,12,7,6
"Pitpnb",207,278,112,84
"C130026L21Rik",2,0,0,2
"Gm36535",3,0,2,0
"ENSMUSG00000131805",0,3,1,1
"ENSMUSG00000128353",0,3,0,1
"Gm42488",2,4,4,0
"Cryba4",1,5,3,0
"Tpst2",294,414,196,130
"Tfip11",50,101,33,28
"Srrd",4,8,10,0
"Hps4",48,79,51,31
"ENSMUSG00000126378",1,1,0,0
"Ficd",8,18,11,5
"Sart3",148,184,93,81
"Gm3511",2,3,2,2
"ENSMUSG00000133974",7,5,3,6
"Iscu",519,738,334,248
"Tmem119",157,218,88,79
"Coro1c",104,161,85,49
"Gm43336",23,43,15,11
"ENSMUSG00000123600",1,3,0,0
"Ssh1",52,66,35,27
"Usp30",20,34,25,12
"Gm42913",4,5,1,2
"Alkbh2",8,22,16,8
"ENSMUSG00000140843",2,6,1,2
"Ung",102,128,66,57
"Acacb",11,14,4,3
"Myo1h",13,25,7,4
"Kctd10",57,66,51,30
"Ube3b",52,86,42,23
"Mmab",43,53,26,17
"Mvk",167,232,122,76
"Gltp",335,494,205,151
"Tchp",11,32,10,6
"Git2",159,225,127,73
"4930515G01Rik",7,13,3,1
"Ankrd13a",78,128,77,45
"Gm57857",66,84,34,30
"ENSMUSG00000132938",1,2,0,0
"Oasl2",259,352,195,139
"Gm13822",18,27,15,12
"ENSMUSG00000122036",4,6,2,3
"Oasl1",133,290,235,89
"ENSMUSG00000138573",3,2,4,2
"2210016L21Rik",94,151,80,47
"Sppl3",123,176,88,79
"C730045M19Rik",12,21,7,4
"Gm13827",1,3,0,1
"Rpl37rt",127,174,90,68
"Acads",133,199,89,56
"Unc119b",73,120,54,32
"Mlec",365,500,238,175
"ENSMUSG00000136454",3,3,0,0
"Cabp1",1,2,3,0
"ENSMUSG00000128459",0,2,2,0
"Pop5",469,612,320,176
"Rnf10",356,514,251,156
"Coq5",123,183,83,62
"Dynll1",3470,5245,2498,1743
"Gm13830",4,11,0,2
"Gm57320",2,4,0,0
"Srsf9",656,907,463,356
"Gatc",77,99,47,37
"Triap1",105,146,64,57
"Cox6a1",1542,2296,1124,804
"Gm13832",10,9,3,5
"Pla2g1b",1,2,0,0
"Sirt4",12,35,11,6
"Gm57298",2,5,0,2
"Gm57305",1,5,4,1
"ENSMUSG00000132950",4,7,0,4
"ENSMUSG00000126088",1,2,2,1
"ENSMUSG00000139020",1,2,0,0
"Pxn",105,131,59,50
"Gm13840",5,4,4,2
"Rplp0",21632,30086,14493,10117
"ENSMUSG00000140383",6,7,2,2
"Gcn1",194,254,120,91
"1110006O24Rik",6,7,4,11
"Rab35",142,183,99,76
"Bicdl1",15,16,9,9
"Cit",124,198,68,64
"Gm42471",2,0,0,0
"Gm36185",1,2,0,0
"Gm14508",4,3,2,1
"Prkab1",69,68,44,38
"Gm13842",3,3,0,5
"Hspb8",328,506,262,180
"ENSMUSG00000134017",1,1,1,1
"Srrm4os",1,2,2,3
"Srrm4",2,3,2,3
"Suds3",317,438,232,150
"9530046B11Rik",1,0,0,1
"Gm57263",13,13,7,4
"Taok3",59,58,43,30
"Gm43637",3,5,2,1
"Pebp1",230,334,146,125
"Gm42546",5,9,2,2
"Gm10399",16,19,14,12
"Vsig10",55,82,30,27
"Wsb2",69,71,34,24
"Rfc5",271,343,174,125
"Gm15728",0,0,2,0
"Nos1",6,10,0,1
"Fbxo21",45,71,44,32
"Fbxw8",17,33,12,21
"Rnft2",0,1,0,1
"Spring1",57,103,43,22
"ENSMUSG00000126021",2,2,1,0
"ENSMUSG00000128021",4,7,5,1
"Gm57293",22,21,4,11
"Med13l",175,303,137,100
"Gm43785",0,0,2,1
"Gm43788",34,42,27,17
"Gm43275",4,3,3,6
"Gm43274",8,12,2,2
"Gm43051",5,12,2,1
"Tbx3os1",1,0,3,1
"Tbx3",40,55,14,24
"Rbm19",51,75,36,25
"Gm10390",2,1,0,0
"Sdsl",31,39,33,12
"Plbd2",90,123,55,41
"Slc8b1",26,24,24,12
"Tpcn1",93,126,50,38
"2510016D11Rik",39,46,28,10
"Iqcd",1,4,0,4
"Rita1",38,51,32,9
"Ddx54",64,81,47,34
"Rasal1",2,2,1,0
"Oas2",21,26,19,14
"ENSMUSG00000142087",4,3,1,0
"Oas3",61,95,47,26
"Oas1c",19,27,17,16
"Oas1b",10,23,11,2
"Oas1g",16,26,20,9
"Oas1a",74,97,55,39
"Ptpn11",328,436,197,126
"Gm42930",3,0,0,2
"Rpl6",18468,24753,12215,8437
"Hectd4",24,39,19,14
"Trafd1",101,156,88,56
"Naa25",118,191,91,48
"Gm43420",12,8,5,5
"Erp29",654,952,430,325
"ENSMUSG00000131095",0,2,1,0
"Tmem116",0,5,3,3
"Mapkapk5",7,7,7,7
"Aldh2",341,469,248,205
"Gm42879",4,6,4,2
"Acad12",4,10,4,9
"Acad10",6,12,6,3
"Brap",70,123,48,48
"1700064N11Rik",8,15,3,7
"Atxn2",212,332,134,84
"Gm43571",19,19,4,4
"Gm42866",4,8,4,1
"Sh2b3",75,119,63,39
"ENSMUSG00000140332",2,0,0,0
"ENSMUSG00000131264",1,5,2,0
"Pheta1",9,24,5,10
"Cux2",3,8,0,1
"Myl2",2,1,0,1
"ENSMUSG00000143197",2,8,0,2
"Ppp1cc",29,40,22,19
"Gm42748",1,6,2,3
"Tctn1",11,28,8,5
"Pptc7",7,14,6,5
"Rad9b",5,11,5,2
"Vps29",844,1202,608,391
"Fam216a",51,80,39,21
"Gpn3",119,163,83,60
"Gm42830",3,3,1,0
"ENSMUSG00000122024",0,2,2,1
"Arpc3",1047,1470,708,498
"Gm42829",0,3,0,0
"Anapc7",96,146,66,58
"Atp2a2",363,526,281,162
"Gm43359",14,31,21,16
"Gm43360",3,3,5,4
"Gm43361",27,48,21,24
"Gm57291",3,0,2,0
"Ift81",51,58,30,26
"Gm43541",0,5,0,0
"P2rx7",18,17,7,8
"ENSMUSG00000129930",0,2,0,0
"Gm10064",2,1,2,0
"P2rx4",70,75,43,49
"ENSMUSG00000140346",3,3,1,0
"Camkk2",110,132,69,43
"ENSMUSG00000136699",10,10,0,1
"Gm43684",7,10,5,2
"Anapc5",644,995,482,324
"Gm33044",2,2,1,1
"Rnf34",59,94,47,24
"Kdm2b",36,54,34,12
"Gm43411",2,0,3,1
"A930024E05Rik",6,7,4,0
"Orai1",88,135,61,41
"Morn3",5,0,0,1
"Gm43412",0,0,0,3
"ENSMUSG00000131184",0,1,1,2
"Gm6444",4,3,5,3
"Tmem120b",17,34,11,4
"Rhof",2,0,0,0
"Gm43413",1,3,2,1
"AI480526",11,15,4,7
"Setd1b",73,108,40,35
"Psmd9",383,526,261,164
"Gm43409",11,1,3,6
"Cfap251",7,3,1,0
"Gm15860",7,5,4,4
"Bcl7a",46,66,24,19
"5830487J09Rik",3,9,5,5
"Mlxip",15,28,9,10
"Gm42907",0,2,1,0
"Gm42908",21,23,6,7
"Gm43813",18,22,7,7
"Rpl31-ps6",1,4,1,2
"Gm15751",3,0,0,1
"Diablo",123,237,93,65
"Vps33a",58,69,40,23
"Gm43133",0,3,1,1
"Clip1",187,290,134,111
"ENSMUSG00000135480",1,9,3,0
"Gm42651",10,3,2,3
"Gm43797",1,0,1,0
"Zcchc8",106,123,69,43
"Rsrc2",491,614,329,231
"Kntc1",47,66,35,21
"Denr",734,958,473,307
"ENSMUSG00000142808",12,8,6,3
"Ccdc62",27,46,13,7
"Hip1r",26,40,13,11
"Vps37b",13,17,12,5
"Gm43661",3,1,0,2
"Abcb9",0,0,0,1
"Gm16001",3,3,4,0
"Ogfod2",40,51,18,13
"Arl6ip4",547,752,364,262
"Pitpnm2",28,40,13,7
"Pitpnm2os2",2,6,2,0
"Mphosph9",31,44,18,15
"Gm43339",4,7,5,0
"Gm43340",3,4,4,1
"Mtrfr",53,58,36,26
"Cdk2ap1",391,564,262,181
"Sbno1",334,465,237,159
"Kmt5a",864,1254,623,432
"Rilpl2",77,142,67,60
"Snrnp35",32,68,32,24
"Rilpl1",77,90,51,36
"Gm43034",3,3,3,2
"Tmed2",1237,1708,770,589
"Ddx55",51,74,35,26
"Eif2b1",183,238,110,79
"Gtf2h3",60,83,32,29
"Tctn2",13,31,16,11
"Atp6v0a2",15,30,13,11
"Dnah10",1,2,0,0
"Ccdc92",54,76,28,29
"Zfp664",109,161,78,60
"Ncor2",175,315,129,82
"Gm32585",1,1,1,1
"Scarb1",95,172,63,56
"Gm42633",3,3,1,0
"ENSMUSG00000131467",0,1,2,0
"Ubc",1873,2596,1439,1001
"Gm10382",4,11,5,1
"Gm57271",18,19,11,7
"Gm57275",4,5,3,2
"Dhx37",16,25,14,6
"Bri3bp",193,331,128,102
"ENSMUSG00000122318",1,1,0,3
"Aacs",74,115,50,42
"Slc15a4",19,25,31,13
"Stx2",67,103,44,47
"Ran",8158,11477,5331,3738
"Rps16-ps2",70,118,50,35
"Gm40332",1,0,2,0
"Sfswap",121,192,78,49
"Gm42979",5,6,4,2
"Gm6139",0,2,0,0
"Zfp11",9,11,6,7
"Mrps17",643,974,418,293
"Nipsnap2",12,21,15,10
"Gm15903",2,3,1,3
"Psph",1005,1331,642,387
"Cct6a",1640,2184,1053,730
"Sumf2",58,71,47,28
"Phkg1",7,10,0,5
"Chchd2",4945,7003,3496,2454
"Zbed5",4,15,6,8
"Nupr2",5,8,2,1
"Vkorc1l1",180,240,101,66
"Gm42986",12,11,4,4
"Gm43482",2,2,3,0
"Gusb",194,288,138,94
"Asl",125,195,96,47
"Crcp",142,192,91,51
"ENSMUSG00000140240",0,1,0,0
"Tpst1",127,202,85,63
"2210412B16Rik",1,1,0,1
"ENSMUSG00000135031",2,0,0,1
"Kctd7",3,6,1,1
"Gm57269",4,9,5,6
"Rabgef1",31,59,24,16
"Ndufa12-ps",30,45,21,10
"Gm15921",2,2,1,0
"Tmem248",329,498,201,132
"Gm6598",48,66,24,23
"Gm42467",21,15,12,2
"Sbds",288,378,186,137
"Tyw1",71,114,52,33
"Galnt17",3,0,0,0
"Gm43187",1,1,0,0
"Gm10051",0,2,0,0
"Castor2",24,41,15,9
"Rcc1l",95,139,50,34
"B230377A18Rik",5,10,2,0
"Gtf2ird2",17,27,9,6
"Gtf2i",123,183,77,58
"Gm43481",9,15,3,5
"Gm43480",1,3,0,0
"ENSMUSG00000130776",2,3,0,0
"Gtf2ird1",77,112,55,48
"Gm42882",1,1,1,0
"ENSMUSG00000124688",129,173,105,65
"Clip2",15,16,12,11
"2700029L08Rik",2,3,0,0
"Rfc2",339,503,266,139
"Eif4h",651,910,477,353
"Limk1",16,18,8,11
"Tmem270",0,2,0,0
"Mettl27",34,38,22,25
"Cldn4",2,2,3,1
"ENSMUSG00000122549",3,0,0,0
"Gm43372",4,8,5,6
"Abhd11",165,217,90,71
"Stx1a",9,17,7,4
"Bud23",255,385,176,128
"Dnajc30",98,172,61,49
"Vps37d",25,38,23,26
"Tbl2",29,26,21,12
"Bcl7b",256,369,162,135
"ENSMUSG00000142811",1,2,2,2
"Baz1b",242,435,219,135
"Nsun5",61,98,32,29
"Pom121",75,92,50,43
"ENSMUSG00000136781",0,1,1,0
"ENSMUSG00000123490",3,3,1,1
"Hip1",67,91,42,30
"Gm42731",3,6,1,1
"Gm43123",210,182,118,68
"Rhbdd2",58,62,41,29
"Por",136,204,84,84
"Gm16061",2,0,1,0
"Tmem120a",216,282,139,109
"Styxl1",2,1,0,0
"Mdh2",1359,1905,913,627
"Ywhag",325,452,226,134
"Gm57297",21,18,9,11
"ENSMUSG00000138805",0,5,3,3
"Ssc4d",8,11,9,5
"Dtx2",48,49,35,25
"Upk3bl",7,6,7,1
"Rasa4",24,18,16,8
"ENSMUSG00000126925",2,0,0,1
"Polr2j",507,679,370,245
"Gm43604",1,0,0,1
"Lrwd1",124,174,77,49
"Alkbh4",13,22,6,8
"Orai2",8,11,9,8
"Prkrip1",214,258,120,76
"ENSMUSG00000123352",0,1,1,2
"Sh2b2",23,20,11,8
"ENSMUSG00000132554",0,2,1,0
"Cux1",70,140,63,62
"A430110C17Rik",1,6,2,3
"Gm38082",2,11,10,3
"Ift22",89,138,80,43
"4933404O12Rik",10,11,8,2
"ENSMUSG00000141861",1,1,0,3
"Fis1",650,916,411,329
"Cldn15",0,1,1,1
"Znhit1",339,491,211,143
"Plod3",143,189,107,75
"Vgf",7,18,4,3
"Ap1s1",827,1170,503,412
"Gm57281",2,9,7,1
"Serpine1",57,50,34,19
"Trim56",33,49,36,20
"Gm20768",2,4,4,2
"Ache",3,1,1,2
"Ufsp1",26,40,15,9
"Srrt",297,469,212,177
"Gm57299",1,3,0,0
"Trip6",251,358,164,137
"Slc12a9",21,27,20,8
"ENSMUSG00000132055",15,10,8,3
"Gm43012",1,2,1,0
"ENSMUSG00000126077",2,6,1,3
"Ephb4",42,76,31,19
"Zan",2,1,3,4
"Pop7",289,419,186,115
"9130604C24Rik",2,3,4,1
"Gigyf1",70,87,32,25
"Gnb2",2312,3303,1610,1176
"Mospd3",36,50,20,25
"ENSMUSG00000130143",6,10,7,6
"Pcolce",1134,1709,918,608
"Fbxo24",15,13,6,5
"Gm36266",1,5,14,0
"Gm16089",1,4,1,2
"Lrch4",1,1,0,1
"Agfg2",63,105,59,43
"Nyap1",8,9,11,4
"Tsc22d4",309,465,217,152
"Ppp1r35",123,194,83,54
"Mepce",67,98,53,39
"Zcwpw1",1,2,1,1
"Pilra",3,0,1,0
"Gm36551",2,23,0,1
"Cyp3a13",0,1,1,3
"Zkscan1",44,58,32,28
"Zscan21",25,46,17,6
"Zfp113",13,42,18,5
"Cops6",801,1153,533,355
"Mcm7",410,584,269,178
"Ap4m1",32,51,24,11
"Taf6",14,28,9,12
"Cnpy4",51,80,37,28
"Mblac1",18,25,10,12
"Lamtor4",369,546,286,202
"Trappc14",18,33,16,12
"6330418K02Rik",5,13,7,4
"Zfp157",37,66,25,21
"Zfp68",50,104,40,31
"A430033K04Rik",9,10,10,6
"Pdgfa",169,304,119,98
"6330403L08Rik",3,7,3,2
"Gm15672",3,5,1,5
"Dnaaf5",21,25,17,9
"Sun1",62,95,50,29
"Get4",333,502,214,146
"Cox19",181,263,117,78
"3110082I17Rik",54,79,41,25
"ENSMUSG00000127320",4,3,3,3
"Gpr146",2,9,2,2
"Zfand2a",36,47,19,15
"Gm57325",17,21,19,9
"Micall2",84,117,44,43
"Ints1",93,146,75,46
"Mafk",24,27,12,13
"Psmg3",191,292,135,90
"Mad1l1",99,128,53,43
"Gm43338",8,17,4,10
"Nudt1",77,135,50,40
"Mrm2",31,56,19,8
"Snx8",44,82,53,30
"ENSMUSG00000135777",0,0,0,0
"Eif3b",641,947,486,335
"Chst12",60,102,48,27
"ENSMUSG00000126066",1,0,0,0
"Gm43703",1,2,1,1
"Lfng",5,8,4,2
"Ttyh3",13,39,23,16
"Iqce",27,32,32,14
"Brat1",12,19,10,4
"Amz1",4,8,2,2
"Gna12",58,83,31,38
"Gm30866",1,0,0,2
"Sdk1",6,10,6,8
"Gm6433",4,2,0,0
"Gm43708",16,14,10,12
"Gm43557",4,3,0,1
"Gm16036",2,1,0,0
"Gm57287",0,1,1,1
"ENSMUSG00000128532",1,0,1,0
"Foxk1",17,39,18,9
"Ap5z1",6,13,8,5
"Radil",5,8,2,0
"Papolb",1,2,0,0
"Wipi2",134,184,109,63
"Tnrc18",140,200,104,83
"Gm57301",8,17,8,5
"Gm57253",9,4,5,3
"Fbxl18",24,38,15,15
"D430018E03Rik",2,1,0,1
"Gm57309",73,127,39,42
"Actb",27469,38252,17780,11938
"Fscn1",627,900,433,258
"Rnf216",100,136,70,52
"Gm57303",2,2,0,2
"Gm43378",3,5,1,0
"Or10ah1-ps1",1,2,0,0
"Rbak",13,9,8,7
"Zfp12",17,22,10,4
"Zfp316",11,14,11,7
"BC030343",1,4,2,2
"Ints15",60,99,40,26
"Zdhhc4",81,118,58,42
"0610040B10Rik",17,30,12,16
"9530056K15Rik",8,10,7,3
"Kdelr2",785,1037,553,353
"Daglb",2,1,0,0
"Rac1",1012,1402,666,409
"Gm42502",3,1,1,1
"Fam220a",27,26,9,13
"Smim10l3",3,10,4,7
"Cyth3",172,259,123,111
"Usp42",69,87,39,24
"D130017N08Rik",0,1,0,1
"Eif2ak1",72,100,52,25
"Ankrd61",0,1,1,1
"Aimp2",2,3,2,2
"Pms2",70,86,48,21
"Ccz1",309,459,210,158
"Lmtk2",18,27,12,5
"Tecpr1",28,59,26,29
"2900089D17Rik",3,5,1,4
"Bri3",1147,1701,765,548
"Baiap2l1",3,2,2,1
"Gm15708",2,4,1,2
"Trrap",76,153,74,51
"Smurf1",69,124,45,40
"Arpc1a",507,733,299,229
"Arpc1b",3095,4335,1972,1433
"Pdap1",1972,2810,1350,943
"Bud31",204,278,130,79
"Ptcd1",34,45,26,8
"Cpsf4",69,115,48,35
"Atp5mf",3549,5153,2471,1689
"Zkscan14",14,15,18,6
"Zkscan5",8,5,1,4
"Zfp655",47,47,26,25
"ENSMUSG00000133538",4,2,1,0
"Zscan25",0,1,2,0
"Gm42636",3,4,0,1
"Gm42863",0,3,1,1
"Gm43625",1,1,0,3
"Rnf6",163,233,130,91
"ENSMUSG00000136448",1,1,1,0
"ENSMUSG00000136485",8,4,3,4
"Cdk8",116,160,69,56
"Gm15739",2,1,0,0
"ENSMUSG00000136525",16,17,9,10
"Gm8494",12,16,5,4
"Usp12",41,58,31,24
"Rpl21",10953,15164,7465,5246
"Rasl11a",9,9,6,6
"Gtf3a",367,542,259,176
"Mtif3",47,69,26,13
"Lnx2",15,34,15,7
"Polr1d",2679,3756,1783,1249
"Rps10-ps4",1,0,1,1
"ENSMUSG00000132415",2,4,2,1
"Gm6054",3,4,1,0
"D5Ertd605e",75,106,57,42
"Gm43461",4,5,1,2
"Gm43460",3,2,0,1
"Pan3",214,365,164,120
"Flt1",11,11,8,2
"Pomp",1745,2299,1151,831
"Slc46a3",2,1,3,0
"Mtus2",8,6,4,4
"Slc7a1",155,200,92,69
"Gm57292",2,3,1,2
"Ubl3",155,220,104,65
"2210417A02Rik",1,9,3,3
"Katnal1",27,51,32,9
"ENSMUSG00000131242",2,0,1,4
"Gm15410",3,2,0,0
"8430423G03Rik",16,30,14,9
"1810059H22Rik",17,25,17,7
"5930430L01Rik",15,28,17,15
"Gm15411",1,1,2,1
"Gm15408",2,2,5,2
"Hmgb1",2491,3416,1737,1228
"Gm42788",1,1,1,1
"Uspl1",89,138,62,46
"ENSMUSG00000130603",2,3,0,1
"Gm57255",1,4,1,1
"Alox5ap",6,9,9,4
"BC028471",2,0,3,3
"Medag",1,5,4,9
"Tex26",0,2,3,1
"Wdr95",0,2,0,1
"Hsph1",436,519,251,176
"Gm20005",58,77,49,20
"Nme-ps1",15,23,10,5
"B3glct",96,110,67,42
"Fry",8,10,3,1
"Gm57319",3,8,2,0
"Brca2",89,163,69,53
"Gm42531",4,4,3,0
"N4bp2l1",7,14,3,11
"Gm43597",2,1,1,2
"N4bp2l2",270,356,190,136
"Pds5b",161,247,127,72
"Gm43807",7,28,5,6
"Stard13",60,76,42,15
"ENSMUSG00000124908",24,26,11,6
"D730045B01Rik",10,7,10,6
"Rfc3",497,695,352,226
"Gm43196",0,2,1,1
"Gm20559",56,71,55,34
"Gm43197",1,1,1,0
"Samd9l",68,114,45,52
"Vps50",60,73,43,24
"Gm43294",2,2,0,0
"Gngt1",1,3,1,0
"Gng11",840,1158,636,482
"Bet1",390,525,252,193
"Col1a2",1154,1918,1001,736
"Gm43921",5,1,0,1
"Casd1",53,72,30,38
"Gm44432",15,26,9,13
"Sgce",1,0,0,0
"Gmfg-ps",3,0,1,0
"Ppp1r9a",22,23,19,12
"Gm26814",5,10,3,4
"Gm26736",0,1,0,1
"Gm44250",20,42,25,13
"Pon3",58,99,52,37
"Pon2",183,264,141,74
"Slc25a13",143,219,84,54
"Gm20619",0,5,0,1
"Sem1",3035,4295,2139,1515
"Sdhaf3",54,64,37,25
"Asns",775,955,518,330
"C1galt1",54,99,45,22
"Mios",36,62,24,16
"Rpa3",190,277,114,91
"Umad1",15,30,12,4
"A430035B10Rik",1,3,1,3
"Glcci1",1,2,1,1
"ENSMUSG00000122788",2,0,0,0
"Ndufa4",3600,5164,2571,1770
"Phf14",164,228,150,81
"Tmem106b",75,146,75,53
"Tmem168",76,101,48,51
"Bmt2",68,71,38,26
"Gpr85",3,6,2,4
"1110019D14Rik",13,17,9,5
"Smim30",141,215,101,77
"Foxp2",10,13,10,12
"Mdfic",47,97,51,26
"Tfec",2,3,1,5
"Gm15473",0,1,0,0
"Gm4876",8,8,7,0
"Tes",158,238,109,91
"Cav2",166,256,123,73
"Cav1",1110,1715,803,572
"Met",101,152,67,45
"Capza2",784,1099,588,372
"St7",55,99,34,31
"Gm55213",0,0,2,1
"Gm55215",8,11,5,6
"Gm43533",2,6,2,1
"Gm43844",0,1,0,0
"Gm20186",49,54,35,27
"Lsm8",647,866,448,293
"Ing3",44,53,25,19
"Cped1",8,11,5,5
"Fam3c",290,388,188,131
"Gm8927",2,2,2,4
"ENSMUSG00000139034",18,27,10,6
"Ndufa5",1401,2132,1061,676
"Wasl",113,185,59,69
"Gm42856",8,22,9,9
"Pot1a",37,50,23,13
"Grm8",0,3,0,1
"Gm42547",10,14,11,6
"Gm42549",2,5,3,1
"Gm42548",4,2,6,2
"Zfp800",96,116,70,43
"Gcc1",7,14,3,2
"Arf5",1396,2048,915,680
"Snd1",210,298,164,101
"Gm37321",3,0,0,0
"Gm37978",7,8,6,5
"Lrrc4",1,2,0,1
"Gm37940",25,38,7,23
"Rbm28",519,729,318,219
"ENSMUSG00000135335",0,3,1,0
"Prrt4",2,3,2,2
"Impdh1",135,183,89,54
"Garin1a",3,3,1,0
"Garin1b",11,15,7,9
"Calu",519,672,371,207
"Opn1sw",4,6,2,1
"Ccdc136",71,101,43,45
"Flnc",278,348,162,120
"Atp6v1f",741,1125,563,386
"Irf5",39,49,39,16
"Tnpo3",108,161,94,72
"Gm43029",0,1,2,2
"Tspan33",6,9,4,2
"Smo",98,171,69,61
"Gm13717",26,36,13,14
"Ahcyl2",45,73,40,17
"1700080G18Rik",7,25,8,3
"Nrf1",138,202,116,63
"Ube2h",84,96,71,45
"Zc3hc1",103,186,73,58
"ENSMUSG00000127195",1,2,0,2
"Klhdc10",97,157,73,54
"Tmem209",67,95,56,27
"Cep41",20,36,19,10
"Copg2",54,94,43,25
"Gm56999",6,13,6,2
"ENSMUSG00000139213",10,9,4,3
"Gm27019",2,4,2,1
"Lncpint",76,111,55,38
"5330406M23Rik",15,33,7,12
"Gm56937",4,0,0,0
"ENSMUSG00000138362",7,8,0,4
"Gm13835",36,64,42,19
"Gm37728",1,3,4,7
"ENSMUSG00000138494",1,4,4,1
"2210408F21Rik",28,35,20,12
"Gm43800",3,0,0,0
"Mkln1os",2,2,2,1
"Mkln1",209,290,154,115
"Podxl",2,12,2,7
"Gm43154",11,25,6,5
"Chchd3",373,512,248,174
"Gm42895",4,4,5,3
"Exoc4",67,87,54,31
"Gm43168",0,2,0,0
"Slc35b4",56,77,37,27
"Akr1b1",32,44,29,16
"Akr1b8",286,423,180,159
"Akr1b10",46,77,41,29
"Bpgm",88,124,73,42
"ENSMUSG00000127699",0,0,1,0
"Cald1",2984,4280,2278,1430
"ENSMUSG00000127743",2,2,3,1
"Gm13861",0,3,0,0
"Gm14547",0,1,0,0
"ENSMUSG00000137329",1,1,3,2
"Agbl3",39,43,21,19
"Gm13864",1,0,1,0
"ENSMUSG00000138948",0,0,1,0
"Tmem140",6,6,2,1
"Cyren",20,34,17,12
"Wdr91",24,38,25,8
"Cnot4",203,267,102,93
"Gm33046",2,4,2,3
"Nup205",101,168,88,35
"ENSMUSG00000123845",1,0,1,1
"Gm56938",1,2,0,1
"Stmp1",728,1062,522,357
"Slc13a4",2,0,1,2
"Fam180a",15,10,5,0
"Mtpn",649,858,417,294
"Creb3l2",72,109,45,31
"Gm33318",2,4,0,3
"ENSMUSG00000133378",2,1,2,0
"Ybx1-ps2",1,3,1,0
"Trim24",89,143,65,42
"Svopl",1,3,0,0
"Atp6v0a4",3,6,1,2
"D630045J12Rik",16,29,18,8
"Zc3hav1l",13,20,11,6
"Zc3hav1",226,329,183,119
"Rpl30-ps1",1,4,1,1
"Ift56",7,6,3,5
"ENSMUSG00000130996",3,1,0,0
"Ubn2",127,164,88,68
"Fmc1",352,492,227,172
"ENSMUSG00000139726",3,3,2,2
"ENSMUSG00000139762",3,13,9,7
"Luc7l2",470,725,330,264
"Klrg2",7,5,5,1
"Gm56936",7,8,3,2
"ENSMUSG00000124710",3,4,1,1
"Hipk2",75,116,51,54
"ENSMUSG00000124556",0,2,2,0
"Tbxas1",2,3,2,1
"Parp12",78,100,60,43
"4930599N23Rik",9,15,9,3
"Kdm7a",13,29,21,19
"Gm49041",7,4,5,4
"Slc37a3",40,54,29,21
"Mkrn1",185,327,165,102
"Gm10244",2,2,0,3
"Dennd2a",26,55,21,23
"Adck2",8,11,5,3
"Gm16272",4,8,4,2
"Ndufb2",611,863,399,290
"Braf",90,141,69,57
"Fth-ps2",2,1,0,1
"Mrps33",773,1057,549,368
"Agk",44,72,39,28
"Dennd11",6,10,6,8
"Ssbp1",558,780,366,285
"Ephb6",0,3,1,1
"Casp2",23,37,15,14
"Fam131b",0,9,1,2
"Zyx",677,884,457,335
"Epha1",4,1,1,1
"Tcaf1",17,27,12,10
"Gm22363",0,1,2,1
"Gm44731",3,4,5,4
"Arhgef5",121,172,86,75
"Tpk1",9,14,10,6
"Gm35113",141,227,76,83
"9430018G01Rik",2,2,0,2
"Rbpj-ps3",6,5,2,3
"ENSMUSG00000137997",46,64,28,26
"Cul1",166,231,123,95
"Ezh2",183,252,130,57
"ENSMUSG00000125575",6,3,2,2
"ENSMUSG00000126238",99,185,101,48
"Pdia4",372,552,253,172
"Rpl35a-ps7",2,1,0,2
"Zfp786",5,5,2,2
"Zfp398",39,55,19,17
"Gm44041",1,1,2,0
"Zfp282",33,42,21,18
"Zfp212",33,48,19,15
"Zfp956",10,9,3,4
"Gm6443",2,1,0,1
"Zfp777",48,56,27,26
"Zfp746",79,137,64,47
"Krba1",22,31,16,10
"Zfp467",18,10,18,11
"Zfp862-ps",4,12,4,2
"ENSMUSG00000132897",1,1,2,1
"Repin1",26,34,14,10
"Zfp775",16,23,17,7
"Gimap9",25,26,10,11
"Gimap6",15,17,12,2
"Gimap5",1,3,1,1
"Tmem176b",1646,2396,1177,754
"Tmem176a",793,1166,660,399
"Gm56981",6,5,1,0
"Gpnmb",44,90,37,60
"Malsu1",476,662,314,229
"Gm7890",7,4,7,1
"Igf2bp3",6,12,5,4
"Tra2a",401,604,283,224
"Gm43980",13,27,11,14
"Ccdc126",26,17,7,4
"Fam221a",5,4,5,1
"ENSMUSG00000131731",1,1,1,0
"Pals2",807,1069,572,420
"Gsdme",155,190,112,75
"Osbpl3",80,117,64,32
"Cycs",668,891,430,267
"5430402O13Rik",2,3,1,0
"Spmip4",1,1,1,1
"C530044C16Rik",0,2,1,0
"ENSMUSG00000128433",9,20,6,7
"ENSMUSG00000131921",5,5,7,9
"Hnrnpa2b1",2568,3513,1749,1107
"Cbx3",593,827,374,307
"Snx10",144,165,98,80
"ENSMUSG00000141462",2,1,0,0
"Skap2",178,240,119,100
"Gm44077",2,3,5,1
"Halr1",0,3,0,1
"Hoxa1",13,28,14,5
"Hotairm1",143,187,83,58
"Hoxa2",2,1,0,1
"Hoxaas2",2,3,0,1
"Gm15050",25,25,21,9
"Hoxaas3",23,32,8,13
"Hoxa4",16,12,13,4
"Hoxa5",30,42,28,15
"Hoxa6",3,2,1,2
"Hoxa7",112,141,68,55
"Hoxa9",104,158,64,50
"Hoxa10",101,145,77,43
"Hoxa11",28,34,10,6
"Hoxa11os",33,54,27,12
"Hoxa13",3,4,0,1
"ENSMUSG00000124723",2,6,2,0
"Gm8129",1,2,1,1
"ENSMUSG00000122258",1,2,0,0
"Hibadh",181,218,124,83
"Gm44434",0,1,2,1
"Gm43966",3,0,1,0
"Tax1bp1",663,953,467,347
"Jazf1",1,4,2,0
"Creb5",76,96,59,46
"ENSMUSG00000134976",6,4,3,2
"Gm44080",3,2,1,2
"Scrn1",91,129,69,44
"Fkbp14",13,32,18,9
"Plekha8",37,43,28,15
"Mturn",0,3,1,3
"Znrf2",103,124,68,39
"Gm44185",0,0,2,1
"Nod1",4,3,2,2
"Ggct",47,55,31,23
"Gars1",975,1239,643,401
"Inmt",2,2,6,0
"Mindy4",9,22,9,7
"Aqp1",37,37,18,13
"Lsm5",1121,1474,761,513
"Avl9",66,72,44,40
"Kbtbd2",52,89,39,31
"Gm10209",2,3,0,1
"ENSMUSG00000135660",0,2,0,1
"Fkbp9",225,323,153,115
"Nt5c3",185,208,101,79
"Gm3793",5,1,1,0
"Vmn1r9",0,1,0,1
"Ppm1k",12,22,13,10
"ENSMUSG00000122456",2,1,2,0
"Herc6",60,75,57,36
"Gm37397",3,2,1,1
"Pyurf",64,86,47,45
"Lancl2",59,90,37,25
"Vopp1",14,23,12,8
"Rps15-ps2",4,5,4,4
"Abcg2",35,66,24,17
"Tigd2",52,97,44,28
"Snca",1,2,0,1
"Smarcad1",89,141,63,56
"Hpgds",11,6,4,3
"Gm18913",1,3,0,0
"Tnip3",6,9,1,3
"Prdm5",104,168,79,61
"Gm20445",0,1,0,1
"Mad2l1",201,321,127,105
"Vmn1r32",3,0,0,3
"Gm6794",0,3,0,1
"Gm4045",4,12,6,4
"Vmn1r39",0,0,4,2
"Gm9794",676,981,519,305
"4930597O21Rik",8,7,5,3
"Gng12",525,751,362,222
"Gm36816",1,0,0,0
"Gm15644",3,9,3,5
"Gm29848",1,2,1,0
"Gadd45a",95,104,72,50
"E230016M11Rik",46,47,36,13
"Gm38825",1,0,1,0
"Gm8566",4,2,1,0
"Serbp1",5453,7406,3554,2372
"Rpia",139,146,70,43
"Eif2ak3",19,26,16,10
"Gm43292",1,2,0,0
"Rpl34-ps1",43,62,22,22
"Thnsl2",12,24,10,5
"Krcc1",291,492,225,140
"Gm44321",0,3,2,0
"Rmnd5a",40,59,21,22
"Gm44130",2,1,2,1
"Rnf103",63,85,51,29
"Chmp3",375,536,282,186
"Kdm3a",29,44,23,18
"Gm6063",1,2,3,0
"Gm44768",2,1,0,1
"Rpl19-ps9",2,3,4,2
"Mrpl35",598,845,387,265
"Immt",633,888,443,319
"Ptcd3",136,193,106,51
"Polr1a",182,271,132,75
"Gm19078",2,7,1,0
"ENSMUSG00000142977",0,1,1,0
"St3gal5",77,116,60,41
"Atoh8",0,0,0,2
"Usp39",196,267,142,112
"Gm45051",23,34,23,14
"0610030E20Rik",40,68,30,29
"Tmem150a",23,45,13,21
"Rnf181",107,174,101,55
"Vamp5",92,177,99,59
"Vamp8",697,930,453,326
"Ggcx",23,25,14,19
"Mat2a",800,1195,502,361
"Particl",5,6,8,4
"Capg",1310,1877,805,621
"Elmod3",21,25,19,19
"Retsat",40,78,25,20
"Gm45053",3,3,2,2
"Tgoln1",91,174,73,52
"ENSMUSG00000137095",2,2,0,1
"Tcf7l1",41,52,39,22
"Gm15401",3,1,1,0
"Gm37969",2,3,1,0
"ENSMUSG00000138018",3,4,4,1
"ENSMUSG00000122832",7,14,4,5
"Kcmf1",719,990,440,340
"D530018E20Rik",19,23,10,8
"Gm26640",7,3,5,5
"Tmsb10",6915,9626,4600,3309
"Suclg1",679,886,482,325
"Gm4374",6,7,5,2
"ENSMUSG00000126543",5,4,2,4
"Gm6210",1,2,1,0
"Gm9001",0,3,0,0
"Rnf26rt",0,2,1,1
"Gcfc2",25,24,15,10
"Mrpl19",276,412,225,143
"Pole4",592,833,356,241
"ENSMUSG00000130467",5,14,2,3
"Hk2",344,478,217,157
"Gm17034",1,3,0,0
"Gm32591",1,0,0,0
"M1ap",12,21,20,6
"Gm56974",0,6,2,1
"Dok1",161,238,123,86
"Loxl3",38,65,39,24
"Htra2",31,59,23,18
"Aup1",309,477,230,168
"Dqx1",39,71,18,19
"ENSMUSG00000133986",2,5,1,1
"Pcgf1",31,30,16,10
"Ccdc142",0,1,0,1
"Ccdc142os",3,4,3,2
"Mrpl53",530,780,328,236
"Gm56977",3,12,4,1
"Mogs",136,163,93,65
"Wbp1",62,111,54,36
"Ino80b",90,120,68,46
"ENSMUSG00000138373",1,3,1,0
"Rtkn",1,5,1,0
"Wdr54",17,15,11,10
"1700003E16Rik",0,2,2,1
"Dctn1",205,299,137,103
"Gm15624",2,1,0,0
"Slc4a5",2,5,2,2
"Mthfd2",730,894,441,324
"Gm43890",16,28,16,9
"Mob1a",185,245,141,94
"Bola3",964,1362,643,386
"Tet3",46,84,26,37
"5430434F05Rik",10,15,6,5
"Dguok",220,275,132,84
"Actg2",0,2,1,0
"Stambp",61,70,37,30
"Gm7424",1,2,0,0
"ENSMUSG00000128068",1,1,1,1
"1700124L16Rik",7,4,3,1
"Tex261",583,743,400,244
"Nagk",119,171,86,63
"Paip2b",90,131,55,40
"ENSMUSG00000141311",1,1,0,1
"Gm5312",0,3,0,0
"Zfp638",148,214,114,74
"Gm43920",1,3,3,2
"Dysf",2,4,1,0
"Exoc6b",47,98,45,28
"Gm7507",1,4,2,1
"Spr",340,472,234,162
"ENSMUSG00000141552",1,0,0,2
"Sfxn5",16,28,9,8
"Rab11fip5",55,50,29,20
"Smyd5",128,186,96,74
"Pradc1",52,86,39,26
"Cct7",2015,2604,1289,803
"Alms1",32,34,21,14
"Gm43588",7,9,1,3
"Gm42600",8,6,3,7
"ENSMUSG00000134613",14,7,8,3
"Ptges3-ps",4,8,4,3
"Nat8f1",6,6,3,2
"Tprkb",145,154,80,54
"Dusp11",337,472,211,162
"Gm19265",3,4,0,1
"Tgfa",7,4,5,1
"ENSMUSG00000143433",96,152,64,39
"Gm56967",1,1,1,1
"Fam136a",276,418,195,145
"Snrpg",3027,4311,1996,1404
"Gm44941",1,5,2,1
"Pcyox1",64,99,56,40
"Tia1",166,227,129,68
"ENSMUSG00000122995",2,3,1,0
"C87436",61,85,36,38
"A430078I02Rik",3,5,4,1
"2310040G24Rik",0,4,2,0
"Gm44386",1,9,2,0
"Pcbp1",1673,2419,1086,721
"1600020E01Rik",40,65,25,24
"Gm44369",2,2,0,1
"Mxd1",2,11,2,3
"Gm44292",0,2,3,0
"Snrnp27",743,977,469,313
"Gmcl1",67,108,51,46
"ENSMUSG00000131716",2,2,0,2
"Anxa4",225,288,146,99
"2610306M01Rik",7,21,15,7
"Aak1",71,89,32,26
"Gm44153",1,2,3,3
"Gm44152",9,6,4,4
"Gm44093",4,4,0,2
"Nfu1",398,543,255,175
"ENSMUSG00000142991",11,7,11,8
"Gfpt1",117,166,78,60
"D6Ertd527e",0,0,0,3
"Antxr1",29,46,22,15
"Gm44415",0,4,1,0
"Gm44416",1,3,3,1
"Gm44417",7,5,6,5
"9530013L04Rik",2,9,2,3
"Prokr1",8,19,10,8
"Aplf",43,76,49,17
"Cfap92",1,2,0,0
"Gm44210",2,0,1,0
"Efcc1",4,2,3,1
"Gm5879",2,2,2,0
"Rab43",6,4,0,3
"9930120I10Rik",3,3,2,3
"Isy1",197,256,126,90
"B130021K23Rik",12,20,9,8
"Cnbp",2137,2989,1363,878
"Gm44064",8,8,4,3
"Copg1",147,210,110,70
"Gm26636",1,2,1,1
"Hmces",195,282,127,103
"H1f10",219,320,123,107
"Gm5577",8,10,8,5
"Gm44168",2,1,1,0
"4933412L11Rik",2,2,0,0
"Rab7",654,856,436,304
"Gm44187",59,81,36,37
"Gm56988",0,2,1,0
"Rpn1",830,1303,565,437
"ENSMUSG00000143790",2,0,1,0
"Spehd",2,0,2,0
"Gata2",36,66,21,21
"Eefsec",105,164,66,54
"Gm44265",1,2,1,0
"Gm44264",37,41,27,20
"ENSMUSG00000130950",1,1,0,1
"Ruvbl1",673,910,447,320
"Sec61a1",324,453,233,166
"Gm44430",1,1,1,2
"Mgll",1,1,1,0
"Abtb1",13,14,9,12
"Gm36189",0,0,0,1
"Mcm2",321,459,252,172
"Tpra1",31,60,33,20
"Gm44178",1,1,0,0
"ENSMUSG00000125380",1,0,0,0
"Gm26811",1,2,1,1
"Plxna1",64,97,41,26
"Chchd6",192,279,148,78
"Txnrd3",59,66,29,32
"Vmn1r43",9,11,8,2
"Zxdc",47,74,28,23
"C030015A19Rik",0,0,2,1
"Cfap100",2,0,1,0
"Aldh1l1",0,0,1,1
"Slc41a3",26,32,15,10
"Iqsec1",82,137,68,41
"Rpl21-ps12",3,2,0,0
"1810044D09Rik",12,10,9,2
"Chchd4",366,501,229,133
"Tmem43",88,125,57,31
"Xpc",39,75,27,32
"Lsm3",565,851,347,257
"Slc6a6",242,366,174,122
"Gm45828",5,6,3,3
"Ccdc174",179,251,142,82
"4930590J08Rik",3,1,4,0
"Nr2c2",46,81,43,29
"Gm44249",0,2,0,1
"Mrps25",457,645,284,192
"Rbsn",55,75,24,21
"Prickle2",0,2,1,1
"Gm17797",0,2,0,1
"Adamts9",0,3,2,0
"9530026P05Rik",1,5,3,1
"Gm5313",1,2,0,0
"Magi1",13,17,10,11
"ENSMUSG00000129245",2,2,0,2
"Slc25a26",32,68,25,15
"Lrig1",119,185,70,59
"ENSMUSG00000135343",0,2,0,0
"ENSMUSG00000135382",3,2,0,1
"Kbtbd8",4,7,5,1
"Suclg2",443,615,286,206
"ENSMUSG00000128528",9,12,9,6
"Tafa1",32,53,29,26
"Eogt",35,57,23,18
"Gm44065",2,3,1,0
"Tmf1",490,646,341,208
"ENSMUSG00000128563",1,1,0,0
"Uba3",201,287,137,75
"Gm56976",9,10,5,3
"Arl6ip5",428,549,288,212
"Frmd4b",1,1,2,0
"Mitf",6,4,4,1
"Foxp1",411,583,277,218
"Gm52870",1,2,1,1
"Gm20696",0,4,1,1
"ENSMUSG00000138091",2,2,0,0
"Eif4e3",12,13,5,3
"Gm44442",388,570,257,212
"Rybp",44,68,19,22
"ENSMUSG00000121686",1,2,1,0
"Gm44045",0,0,2,1
"Gm44044",4,11,7,3
"Shq1",62,103,54,32
"Gm44116",3,2,1,0
"Gm56929",2,0,0,0
"Gxylt2",387,530,242,210
"Gm15576",0,2,0,1
"Ppp4r2",295,411,210,135
"Gm43942",10,14,10,3
"Cntn3",10,38,9,2
"4930587E11Rik",3,1,1,0
"ENSMUSG00000141128",1,1,0,1
"Trnt1",156,207,101,67
"Crbn",45,93,25,25
"Setmar",3,1,0,3
"Sumf1",24,44,28,12
"Rpl36-ps12",8,7,11,5
"ENSMUSG00000132047",8,12,5,7
"Itpr1",39,63,28,15
"ENSMUSG00000132007",1,2,1,0
"Gm55598",0,2,1,0
"Gm44101",1,0,0,1
"Gm44040",4,3,0,1
"Gm16433",0,7,2,1
"0610040F04Rik",1,2,0,1
"Gm17055",2,4,2,0
"Bhlhe40",89,107,53,30
"ENSMUSG00000137793",4,4,2,1
"Arl8b",156,262,124,65
"Gm35417",6,11,4,4
"Edem1",264,355,131,104
"Rad18",113,193,102,68
"ENSMUSG00000129718",0,2,0,2
"Srgap3",37,43,21,19
"Gm44081",1,4,0,1
"Gm43868",4,3,4,0
"Thumpd3",129,138,89,56
"Gt(ROSA)26Sor",95,136,54,43
"Setd5",203,284,146,93
"Lhfpl4",1,2,2,0
"Mtmr14",100,139,58,54
"Gm15492",4,4,4,3
"Brpf1",56,80,29,18
"Ogg1",46,57,27,16
"Camk1",273,449,187,152
"Tada3",92,158,74,57
"Arpc4",255,328,152,112
"Ttll3",17,24,17,5
"Rpusd3",25,46,14,12
"Jagn1",308,429,207,129
"Il17re",0,2,1,0
"Creld1",2,7,6,2
"Emc3",308,410,199,138
"Fancd2",14,32,19,8
"ENSMUSG00000130290",1,0,0,1
"ENSMUSG00000130329",1,3,0,0
"Brk1",742,1041,493,341
"Gm44199",8,11,3,3
"Vhl",47,71,36,13
"Irak2",31,31,23,10
"Gm43963",2,3,0,0
"Gm43912",0,0,1,1
"Tatdn2",59,77,35,26
"Gm26982",1,6,2,1
"Sec13",529,772,371,239
"Atg7",37,44,26,14
"Gm19040",4,2,2,2
"Vgll4",126,182,82,59
"Tamm41",118,146,64,47
"Gm36355",2,3,1,0
"Tsen2",102,119,60,49
"Mkrn2",63,93,51,27
"Raf1",19,28,18,6
"Gm14335",0,2,0,1
"D830050J10Rik",23,15,10,5
"Cand2",20,29,14,7
"Rpl32",27870,37413,18144,11999
"ENSMUSG00000129230",5,4,5,1
"Gm44206",0,1,1,5
"Mbd4",32,35,10,10
"Ift122",19,33,20,12
"Plxnd1",57,67,24,22
"Tmcc1",80,123,69,32
"Gm20404",5,4,5,5
"ENSMUSG00000127175",41,61,31,31
"9530062K07Rik",2,9,5,1
"Washc2",94,134,71,53
"Gm44103",3,0,2,1
"Zfand4",29,24,10,14
"Gm44957",1,1,1,1
"Marchf8",59,58,39,31
"Gm44237",4,4,4,3
"Or6d12",1,7,3,0
"Tmem72",0,2,1,0
"Zfp637",129,200,90,78
"Zfp239",25,22,14,8
"Gm38883",5,6,1,0
"Gm38882",20,37,18,8
"Hnrnpf",2231,3050,1411,965
"4933440N22Rik",16,24,8,6
"Gm43863",3,1,1,1
"Fxyd4",0,0,1,0
"Gm4875",1,0,0,1
"Csgalnact2",87,101,50,51
"Bms1",278,391,194,138
"Zfp248",17,42,8,14
"Zfp9",26,61,31,21
"Ankrd26",103,151,77,49
"ENSMUSG00000127782",3,1,1,0
"Cacna1c",18,17,13,7
"ENSMUSG00000125844",3,7,4,3
"Dcp1b",15,21,8,4
"Adipor2",150,192,95,77
"Gm56986",2,4,1,1
"Wnt5b",4,7,6,4
"Fbxl14",79,99,46,36
"ENSMUSG00000125548",2,9,0,0
"Erc1",127,171,78,56
"Rad52",26,29,16,16
"Wnk1",565,750,364,251
"ENSMUSG00000123375",4,1,1,0
"Ninj2",0,2,2,0
"Ccdc77",63,92,36,20
"Kdm5a",133,175,68,68
"Il17ra",46,48,26,23
"Hdhd5",17,21,6,14
"Gm20692",0,0,0,1
"Atp6v1e1",332,475,253,152
"Bcl2l13",76,91,40,30
"Bid",119,159,59,54
"Gm44260",1,1,1,0
"Mical3",50,60,25,17
"Gm43915",1,3,0,1
"Pex26",9,12,9,1
"Usp18",132,218,148,74
"Gm44148",2,1,0,1
"M6pr",224,330,151,124
"Phc1",35,54,32,29
"1700063H04Rik",2,5,1,1
"ENSMUSG00000132604",25,40,16,22
"Mfap5",470,725,370,325
"Aicda",5,12,1,2
"Gm16556",3,4,4,0
"Apobec1",28,53,20,15
"Gm10420",5,9,2,2
"ENSMUSG00000142107",5,4,4,0
"Nanog",2,0,0,0
"Slc2a3",6,16,4,10
"Gm26826",8,5,3,4
"Foxj2",46,58,38,24
"C3ar1",1,1,1,2
"Necap1",83,104,58,37
"ENSMUSG00000121841",0,1,0,0
"Gm5883",3,0,1,0
"Pex5",48,96,60,28
"Clstn3",3,5,0,0
"Gm44096",1,1,2,0
"C1rl",6,19,15,6
"C1ra",51,93,43,24
"C1s1",27,21,19,10
"Lpcat3",201,278,118,110
"Emg1",998,1411,665,458
"Phb2",1767,2320,1150,758
"Ptpn6",31,30,12,12
"Grcc10",75,75,38,34
"Atn1",135,186,86,71
"Eno2",11,10,8,7
"ENSMUSG00000139218",2,4,1,1
"Spsb2",83,167,59,56
"Tpi1",2077,2945,1431,987
"Usp5",169,240,113,91
"Cdca3",520,736,359,237
"P3h3",145,224,150,68
"Gpr162",2,6,1,2
"Lag3",2,8,3,1
"Ptms",1312,1911,1016,661
"A230083G16Rik",4,3,1,3
"Mlf2",1066,1524,720,535
"Cops7a",352,491,222,161
"ENSMUSG00000126746",3,4,2,0
"Zfp384",28,42,26,12
"4930557K07Rik",0,2,0,1
"Ing4",6,9,5,4
"Acrbp",4,7,3,1
"Chd4",847,1108,545,373
"Nop2",136,217,93,75
"Iffo1",8,13,7,5
"Gapdh",12847,17474,8487,5860
"Ncapd2",120,146,85,70
"Scarna10",1,0,1,1
"Mrpl51",695,973,436,297
"Vamp1",7,5,3,4
"Tapbpl",61,87,49,24
"Cd27",8,5,1,4
"4930417O13Rik",3,5,0,0
"Ltbr",188,260,121,91
"Scnn1a",1,2,0,0
"Tnfrsf1a",203,323,131,110
"Plekhg6",1,0,0,0
"ENSMUSG00000123510",0,0,0,2
"ENSMUSG00000123554",0,3,0,3
"Gm32673",0,1,3,1
"Cd9",2108,2870,1360,995
"ENSMUSG00000141661",6,8,4,2
"Gm28809",7,8,7,5
"ENSMUSG00000141733",10,11,2,5
"Gm26728",3,2,4,2
"1700018A23Rik",5,7,7,1
"Ndufa9",201,317,139,129
"Dyrk4",3,1,0,0
"Rad51ap1",169,238,93,78
"D6Wsu163e",22,29,15,9
"Gm43125",1,1,1,0
"Tigar",21,17,14,10
"Ccnd2",161,214,120,96
"9330179D12Rik",2,2,0,1
"Gm4968",9,4,8,1
"ENSMUSG00000131572",0,1,0,1
"Parp11",23,42,18,13
"Gm43633",2,4,2,3
"Cracr2a",1,1,1,0
"Tspan9",92,138,57,50
"Tead4",51,83,30,29
"Rpl18-ps2",10,24,15,9
"Tulp3",72,122,36,56
"Gm44190",4,8,3,1
"Gm26770",0,1,2,0
"Rhno1",31,62,23,17
"Foxm1",100,137,83,51
"Gm15862",69,123,37,30
"Tex52",1,3,0,0
"Gm43965",5,3,2,1
"Nrip2",27,58,20,12
"Itfg2",99,138,56,52
"Fkbp4",1304,1734,870,583
"Gm10069",27,47,24,22
"Gm8724",3,2,1,1
"ENSMUSG00000141228",0,1,0,1
"ENSMUSG00000128635",19,19,18,10
"Gm44066",8,6,6,1
"Gm44067",1,3,2,2
"2310001H17Rik",17,27,7,8
"Clec2d",21,38,21,11
"Gm47861",1,4,1,0
"ENSMUSG00000142037",2,0,1,2
"Clec9a",2,4,3,0
"Clec1a",18,39,21,8
"1700101I11Rik",1,2,1,0
"Gabarapl1",106,155,65,60
"Klre1",0,1,1,0
"Klra6",2,5,3,4
"Klra4",652,990,445,342
"ENSMUSG00000121360",1,0,1,1
"Klra2",3,8,3,0
"Styk1",202,319,138,105
"Ybx3",3288,4386,2190,1339
"Smim10l1",219,330,146,98
"Gm45769",0,9,2,0
"Etv6",41,64,28,18
"Gm43982",2,1,0,2
"Gm43984",5,13,1,3
"Gm17088",1,0,1,1
"Lrp6",84,160,70,53
"ENSMUSG00000139135",5,1,1,1
"Borcs5",43,69,40,26
"Dusp16",40,52,33,19
"Gm36328",3,0,1,1
"Crebl2",12,15,7,6
"Gpr19",41,33,29,14
"2810454H06Rik",46,60,31,30
"Cdkn1b",36,61,35,23
"Lockd",171,234,99,67
"ENSMUSG00000125983",0,2,6,1
"Apold1",1,1,1,0
"Ddx47",207,314,172,103
"Gprc5a",72,95,53,25
"Hebp1",125,179,72,62
"Gm19434",1,0,1,1
"Fam234b",29,52,18,20
"Gsg1",2,2,1,1
"ENSMUSG00000128111",8,11,6,0
"Pbp2",80,128,50,28
"Gm44274",4,9,5,2
"Gm36582",34,56,31,12
"Emp1",746,1129,565,346
"ENSMUSG00000126477",8,10,6,0
"ENSMUSG00000126438",0,0,1,0
"Atf7ip",96,137,95,57
"ENSMUSG00000126519",1,3,0,0
"H4c16",30,37,27,14
"ENSMUSG00000125305",6,8,2,2
"Gm43969",0,1,0,1
"H2aj",594,850,438,285
"Wbp11",640,808,442,302
"ENSMUSG00000143482",0,0,0,0
"BC049715",19,30,15,8
"Mgp",2,22,17,2
"ENSMUSG00000143442",1,3,1,2
"Erp27",3,2,2,2
"Arhgdib",2200,2897,1420,1096
"Pde6h",21,29,11,7
"Gm30055",1,1,1,0
"Eps8",914,1212,589,483
"Strap",1187,1566,773,594
"Dera",171,184,107,72
"Mgst1",7,13,4,6
"4922502N22Rik",0,2,2,1
"Plekha5",105,112,77,71
"Aebp2",141,182,93,85
"Gm44013",1,3,2,0
"Rpl38-ps2",60,83,41,24
"Gm20400",2,2,0,0
"Slco1a5",0,1,1,1
"Pyroxd1",28,19,5,20
"Recql",17,25,15,12
"Golt1b",164,274,122,72
"Ldhb",144,167,86,72
"Abcc9",1,3,0,0
"Cmas",246,295,144,83
"C2cd5",44,73,41,25
"Etnk1",157,150,102,83
"1700126G02Rik",1,0,0,0
"Bcat1",228,322,142,123
"Gm15687",1,0,1,0
"Dnai7",1,1,2,0
"Etfrf1",52,56,25,29
"Kras",421,633,299,187
"Gm44164",10,22,9,4
"Gm15706",19,24,10,10
"Rps25-ps1",61,58,39,31
"ENSMUSG00000131871",31,35,17,18
"Gm15704",46,52,23,21
"Rassf8",43,33,32,19
"Bhlhe41",46,74,53,32
"ENSMUSG00000131337",1,2,0,1
"Sspn",11,12,7,7
"Itpr2",23,25,21,7
"ENSMUSG00000129308",0,1,0,0
"ENSMUSG00000134795",0,2,2,1
"Ints13",81,117,47,47
"Fgfr1op2",433,621,267,178
"Tm7sf3",203,257,121,91
"Med21",586,822,409,304
"Stk38l",52,47,22,13
"Gm44270",1,3,1,0
"Gm6266",5,7,5,2
"Bmal2",15,21,11,10
"ENSMUSG00000124508",4,2,3,1
"Ppfibp1",399,576,282,217
"1700034J05Rik",0,1,1,0
"Rep15",11,28,6,12
"Mrps35",351,467,219,176
"Mansc4",3,3,2,0
"ENSMUSG00000127888",1,1,2,1
"Klhl42",41,53,25,7
"Pthlh",4,4,7,2
"Gm6288",3,2,1,0
"Ccdc91",48,58,38,30
"Far2",7,9,4,5
"Ergic2",266,323,176,142
"4732416N19Rik",1,2,2,1
"Ipo8",61,113,58,44
"Caprin2",23,24,12,8
"ENSMUSG00000138124",12,9,6,5
"Sinhcaf",31,50,28,19
"3010003L21Rik",27,54,27,17
"Dennd5b",52,68,43,27
"Gm15779",0,3,0,1
"Gm49058",2,1,2,3
"Etfbkmt",41,42,23,19
"Amn1",62,92,60,51
"Gm10388",0,2,0,0
"Gm56997",0,4,0,2
"Resf1",347,488,264,195
"Gm7353",0,1,2,1
"Gm3375",7,19,8,3
"Myadm",222,345,160,129
"Prkcg",1,1,2,2
"Gm35037",2,6,2,3
"Ndufa3",1176,1748,840,573
"Tfpt",61,105,49,32
"Prpf31",141,254,125,89
"Cnot3",115,192,89,73
"Leng1",65,99,50,32
"Tmc4",4,2,2,0
"Mboat7",75,93,56,52
"Tsen34",185,311,138,94
"ENSMUSG00000128519",1,0,0,1
"Rps9",8612,12579,5893,4314
"Pirb",1,1,0,0
"Gm7363",3,1,0,0
"Ttyh1",5,2,2,4
"Leng8",22,37,23,17
"Leng9",1,9,1,4
"Cdc42ep5",26,46,18,22
"Rdh13",19,26,15,9
"ENSMUSG00000140143",3,5,3,1
"Eps8l1",2,4,2,1
"Ppp1r12c",127,168,95,51
"Tnnt1",2,10,2,4
"Dnaaf3",0,2,1,0
"Tmem86b",1,3,0,1
"Ppp6r1",55,74,39,34
"Hspbp1",146,203,92,58
"Brsk1",5,7,4,6
"Kmt5c",10,14,16,6
"Il11",4,7,4,0
"Tmem238",462,643,281,199
"Rpl28",8792,12637,6327,4127
"Ube2s",27,29,15,6
"Gm57202",1,2,0,2
"Isoc2b",2,1,0,1
"Isoc2a",11,21,24,26
"Zfp628",19,20,6,8
"Nat14",2,4,1,2
"Ssc5d",7,10,6,6
"Zfp579",78,87,43,33
"ENSMUSG00000132274",121,253,122,77
"Fiz1",71,97,36,35
"Zfp524",39,44,29,17
"Gm57217",10,13,5,1
"Zfp865",36,41,21,13
"ENSMUSG00000142274",9,8,5,4
"Gm15510",7,10,1,3
"Zfp580",121,184,71,76
"U2af2",424,496,254,185
"Epn1",167,268,125,79
"Gm5321",2,5,2,2
"Zfp787",55,72,46,19
"Gm36371",13,13,2,2
"Zfp444",53,79,33,24
"Gm45069",2,1,4,0
"Zfp667",4,5,4,2
"Zfp78",3,0,1,0
"Zfp28",8,17,7,8
"Zfp954",10,20,12,5
"Gm44697",2,1,3,3
"Zfp773",5,4,7,6
"Zfp772",4,3,5,3
"Clcn4",69,89,58,30
"ENSMUSG00000133840",1,1,2,2
"Zik1",3,2,5,1
"Zfp551",1,5,1,2
"Zfp606",24,32,20,18
"Gm6946",2,4,3,0
"ENSMUSG00000121773",1,1,0,0
"Zfp329",33,60,34,18
"Zfp110",45,66,43,23
"Zfp128",3,2,2,2
"Zscan22",23,20,16,7
"Gm57203",12,11,12,0
"Rps5",11823,16793,8181,5733
"Rnf225",3,10,3,1
"1810019N24Rik",0,1,1,0
"Gm57209",0,3,1,1
"Zfp324",6,13,5,5
"Zfp446",5,9,7,7
"Trim28",586,825,366,273
"Zbtb45",50,81,32,24
"Chmp2a",340,570,288,186
"Ube2m",1354,2114,900,628
"ENSMUSG00000124114",5,12,8,1
"Mzf1",3,5,3,1
"Zswim9",14,8,9,2
"Lig1",592,791,413,286
"Pla2g4c",4,11,6,5
"Rps8-ps4",0,4,2,0
"Mrip-ps",1,4,2,4
"Selenow",977,1557,762,528
"Nop53",305,434,229,185
"Ehd2",312,504,220,167
"Bicra",13,23,6,5
"Gm38948",3,3,2,0
"2010004M13Rik",16,40,11,13
"Napa",419,527,288,194
"Kptn",43,78,19,21
"Meis3",41,81,29,18
"Dhx34",36,47,39,27
"ENSMUSG00000131190",1,1,1,3
"C5ar2",1,6,2,0
"Inafm1",43,71,30,14
"Ccdc9",37,70,38,25
"ENSMUSG00000131213",5,15,5,8
"Bbc3",72,100,44,44
"Sae1",552,726,374,241
"Gm57196",4,4,3,3
"Zc3h4",41,71,40,39
"Gm45509",19,11,9,13
"Tmem160",539,818,397,269
"Arhgap35",62,104,46,34
"Gm17826",1,2,0,0
"Gm17981",2,0,0,1
"Gm5586",1,2,0,1
"Ap2s1",555,743,365,278
"Slc1a5",258,336,167,93
"Fkrp",39,45,32,19
"Strn4",165,251,115,82
"Prkd2",19,42,15,16
"9330104G04Rik",1,4,0,1
"Dact3",16,26,8,13
"2700080J24Rik",1,1,0,0
"Gng8",3,4,4,0
"Ptgir",1,1,1,0
"Calm3",391,593,272,203
"Pnma8c",26,21,9,11
"Ppp5c",224,271,127,97
"Gm7287",3,4,3,3
"Psg17",5,6,1,2
"Mill2",4,4,1,1
"Pglyrp1",1,5,0,0
"Ccdc61",49,71,48,28
"Nova2",5,7,4,1
"ENSMUSG00000136915",4,4,3,4
"Mypop",44,65,26,24
"Mypopos",1,3,1,0
"Irf2bp1",111,155,79,47
"Sympk",78,93,45,28
"ENSMUSG00000127775",2,1,3,1
"Dmwd",146,226,109,73
"Dmpk",16,20,7,4
"ENSMUSG00000124453",3,1,1,0
"Six5",15,23,9,8
"Meiosin",3,0,0,0
"Fbxo46",15,14,22,7
"Qpctl",27,35,15,5
"Snrpd2",867,1353,633,418
"Eml2",57,64,38,25
"Gm57235",1,5,1,2
"Opa3",65,102,49,24
"Vasp",241,321,154,97
"Rtn2",24,33,20,24
"Gm26802",5,5,5,3
"Fosb",32,70,39,24
"D830036C21Rik",6,10,3,4
"Gm57200",6,7,2,3
"ENSMUSG00000140310",1,1,3,1
"Ercc1",244,288,147,108
"Polr1g",199,303,146,108
"Ppp1r13l",23,35,10,18
"Ercc2",17,21,19,8
"Gm26852",4,0,2,0
"Klc3",2,3,2,1
"Mark4",34,54,21,20
"Bloc1s3",15,17,13,6
"Trappc6a",238,349,182,127
"Nkpd1",0,2,1,0
"Ppp1r37",40,58,38,28
"Gemin7",215,373,170,123
"Zfp296",11,26,7,4
"Clasrp",53,82,31,19
"Relb",121,205,100,61
"Clptm1",170,248,113,87
"Apoe",13,7,4,1
"Tomm40",721,1102,479,365
"Lncob1",1,3,0,0
"Nectin2",113,235,114,66
"ENSMUSG00000122624",1,4,0,0
"Gm26600",4,5,2,0
"Bcl3",34,47,30,20
"Gm16175",6,5,2,3
"Ceacam19",0,0,1,1
"Pvr",82,108,61,30
"Igsf23",5,3,1,5
"Rpl7a-ps8",0,1,1,0
"ENSMUSG00000121793",1,10,2,2
"Zfp180",51,41,20,15
"Zfp112",8,3,3,1
"Zfp235",5,5,7,2
"Zfp111",17,26,17,11
"Zfp108",0,2,3,0
"Zfp93",1,10,2,4
"Zfp61",28,44,16,11
"Zfp94",10,4,3,9
"Kcnn4",211,322,163,118
"ENSMUSG00000143612",0,2,2,0
"Smg9",64,89,44,29
"ENSMUSG00000139017",5,6,0,3
"Plaur",222,299,139,88
"Cadm4",7,6,3,6
"Zfp428",149,258,118,85
"Irgq",15,10,9,5
"Xrcc1",118,212,93,66
"Ethe1",359,549,277,155
"Phldb3",21,21,13,11
"Tmsb10b",64,78,34,35
"Rps19",5199,7343,3632,2475
"Cd79a",3,11,2,3
"Arhgef1",158,229,108,89
"Rabac1",518,738,390,277
"Atp1a3",0,1,2,0
"Grik5",16,24,15,12
"Zfp574",71,71,37,24
"ENSMUSG00000136315",1,1,1,0
"ENSMUSG00000122011",2,5,7,2
"Pou2f2",1,3,3,0
"Dedd2",18,24,14,10
"Zfp526",2,3,0,4
"Gsk3a",176,230,107,82
"9130221H12Rik",2,7,0,1
"Erf",36,65,30,24
"Cic",69,112,43,39
"Pafah1b3",439,608,309,246
"Megf8",24,36,15,8
"4732471J01Rik",6,5,2,2
"Lipe",3,7,4,4
"Dmac2",21,32,18,14
"Bckdha",3,4,0,1
"Exosc5",219,324,161,106
"Tmem91",6,7,5,4
"B9d2",65,100,41,46
"Tgfb1",122,187,76,52
"Ccdc97",27,42,10,14
"Hnrnpul1",173,253,121,83
"Axl",272,699,340,258
"Gm26707",16,2,4,1
"ENSMUSG00000125671",1,1,5,0
"BC026762",2,1,5,0
"Egln2",151,206,101,76
"Rab4b",1,4,1,1
"Snrpa",457,614,287,214
"Actmap",14,32,18,5
"Coq8b",19,23,13,4
"Numbl",40,68,34,22
"Ltbp4",37,61,33,21
"ENSMUSG00000122541",3,6,4,0
"ENSMUSG00000129023",2,6,1,3
"Shkbp1",55,85,37,41
"ENSMUSG00000139778",1,0,0,2
"Sptbn4",5,9,1,3
"Blvrb",585,807,483,335
"Sertad3",21,37,26,15
"ENSMUSG00000134199",3,1,8,1
"Sertad1",116,164,72,46
"Prx",1,2,2,4
"Gm15541",3,2,0,0
"Hipk4",1,1,1,0
"Pld3",36,35,28,19
"2310022A10Rik",43,67,25,32
"Akt2",104,120,60,44
"Gm38973",4,2,2,0
"Map3k10",75,90,38,27
"Gm44684",2,5,2,1
"ENSMUSG00000124948",3,5,5,2
"Zfp607b",7,16,4,1
"ENSMUSG00000137414",1,1,1,0
"Zfp60",18,27,13,5
"Zfp626",6,11,3,10
"ENSMUSG00000137195",0,0,1,1
"Zfp59",2,2,1,0
"Zfp607a",6,17,3,5
"Zfp974",10,7,4,3
"Zfp780b",16,32,16,7
"Zfp850",3,5,4,2
"Psmc4",735,1030,527,314
"Fcgbpl1",2,6,5,2
"Fbl",531,744,339,236
"Dyrk1b",1,2,0,1
"Eid2",53,91,67,30
"Eid2b",51,48,38,19
"Timm50",438,609,297,184
"ENSMUSG00000142173",2,1,1,2
"Supt5",88,154,75,49
"Gm44709",1,2,1,0
"Gm57244",1,0,1,0
"Rps16",10718,14871,7411,5166
"Plekhg2",36,48,16,14
"ENSMUSG00000141284",2,2,0,0
"ENSMUSG00000141480",23,30,22,13
"Zfp36",25,54,22,14
"Gm57214",3,1,0,0
"Med29",253,368,161,125
"Paf1",78,111,52,42
"Samd4b",128,236,99,66
"ENSMUSG00000134760",5,7,6,2
"Gmfg",17,32,10,11
"Pak4",87,139,53,51
"Fbxo17",108,193,93,74
"Mrps12",346,519,256,165
"Sars2",29,60,31,16
"Nfkbib",215,279,133,99
"Sirt2",160,229,139,86
"Rinl",5,10,6,1
"Hnrnpl",1160,1662,774,596
"Gm57249",4,2,3,0
"Ech1",207,334,136,123
"Lgals4",2,3,1,2
"Lgals7",5,17,15,5
"Actn4",582,820,365,294
"ENSMUSG00000130573",3,5,1,0
"Gm44699",1,6,1,0
"Eif3k",1322,1946,989,676
"Map4k1",11,24,8,8
"Ryr1",5,4,4,2
"Rasgrp4",0,3,0,0
"Fam98c",12,20,4,8
"1110035H17Rik",7,7,5,2
"ENSMUSG00000137951",6,13,4,3
"Spred3",30,26,11,21
"ENSMUSG00000138024",0,0,1,2
"Ggn",1,1,1,0
"Psmd8",1337,1766,787,628
"Catsperg1",0,0,2,1
"Kcnk6",10,14,0,5
"Yif1b",154,218,98,68
"2200002D01Rik",650,845,410,317
"ENSMUSG00000138067",14,16,7,7
"Ppp1r14a",5,6,3,0
"Dpf1",8,15,8,6
"ENSMUSG00000141004",1,6,1,2
"Sipa1l3",81,155,58,44
"ENSMUSG00000134791",10,12,5,6
"ENSMUSG00000142489",2,4,0,0
"4930432E11Rik",2,10,1,4
"Zfp84",21,36,15,8
"Zfp30",36,67,29,19
"Zfp790",6,5,4,1
"Zfp940",6,20,7,5
"Gm17199",0,0,1,2
"Zfp420",5,15,5,1
"Zfp27",16,16,3,8
"Zfp383",11,14,8,5
"ENSMUSG00000141688",3,4,2,1
"Zfp74",19,20,13,13
"Gm57504",23,45,20,12
"ENSMUSG00000126235",1,7,2,1
"Zfp568",16,24,14,7
"Zfp14",1,1,2,2
"Zfp82",1,2,1,0
"Zfp566",6,18,9,7
"Zfp260",49,76,49,46
"Zfp382",15,17,10,4
"Zfp146",16,20,7,5
"Gm5113",1,6,1,2
"Capns1",753,1084,571,376
"Gm26810",0,1,1,1
"Tbcb",731,1086,538,341
"Polr2i",407,631,239,190
"Wdr62",20,32,6,14
"Rps12-ps5",3,2,1,2
"ENSMUSG00000122240",0,1,0,2
"1700020L13Rik",3,7,5,1
"Alkbh6",10,22,7,7
"Syne4",2,1,0,1
"Sdhaf1",100,140,76,34
"Nfkbid",6,4,1,0
"Nphs1",42,48,30,19
"Prodh2",1,3,0,0
"Arhgap33",4,6,1,2
"Proser3",8,20,7,11
"Hspb6",34,67,22,17
"Lin37",69,89,41,29
"Psenen",194,293,150,112
"U2af1l4",24,20,13,12
"Kmt2b",57,97,50,32
"Upk1a",0,2,0,0
"Cox6b1",1984,2932,1375,1026
"ENSMUSG00000143210",1,5,1,2
"Gm57227",1,0,2,0
"Haus5",79,106,54,24
"Tmem147",575,839,407,253
"Tmem147os",0,1,4,0
"Gm57241",0,1,1,1
"Sbsn",3,5,4,2
"Gm44662",1,1,1,0
"Usf2",157,249,121,74
"Gm4673",44,60,35,29
"Lsr",2,1,2,1
"Fxyd5",557,784,398,267
"Fxyd1",0,2,1,0
"Scn1b",3,9,8,7
"Gramd1a",26,40,28,20
"G630030J09Rik",3,1,0,0
"Gm9120",0,0,1,0
"Gm4398",1,0,0,0
"Gm12760",1,2,0,0
"Wtip",110,146,78,47
"Uba2",522,730,365,241
"Gm12778",5,5,2,0
"Pdcd2l",86,153,53,40
"Gpi1",930,1232,616,447
"Gm12758",2,6,3,4
"Garre1",66,113,43,50
"BC060293",3,7,1,0
"Lsm14a",163,266,105,72
"Gm44567",8,11,8,5
"Gm12774",0,2,1,0
"2310043P16Rik",4,3,3,2
"ENSMUSG00000123536",0,2,0,1
"Gm44837",2,4,0,1
"Kctd15",27,29,23,12
"Pepd",118,172,93,54
"Cebpg",253,324,179,119
"Gm57192",2,1,2,2
"Gm45096",0,1,1,0
"Gm45091",2,1,1,0
"ENSMUSG00000141578",1,5,2,0
"Wdr88",1,1,0,0
"Gpatch1",39,67,33,21
"Gm44636",0,4,1,2
"Rhpn2",4,3,3,5
"Faap24",80,104,40,35
"Cep89",57,86,42,41
"Tdrd12",1,1,1,2
"Nudt19",334,467,251,152
"B230322F03Rik",0,2,0,3
"Rgs9bp",1,2,0,0
"Ankrd27",42,67,31,27
"Pdcd5",1249,1749,856,627
"Dpy19l3",23,34,28,15
"Zfp507",42,62,30,15
"ENSMUSG00000136922",0,1,0,0
"Uri1",192,288,173,98
"Gm30771",1,2,2,0
"Ccne1",74,137,80,43
"1600014C10Rik",18,18,10,8
"Plekhf1",37,77,45,32
"Pop4",288,401,180,124
"Zfp939",2,8,4,2
"ENSMUSG00000130283",0,6,6,4
"Zfp619",1,3,2,1
"Gm33989",14,14,6,6
"Gm2058",3,0,0,0
"Pin4-ps",6,10,3,2
"AI987944",28,56,17,11
"AW146154",8,9,2,2
"Gm6871",4,3,0,0
"2610021A01Rik",18,16,15,5
"Zfp788",21,27,14,5
"Hmgb1-ps7",0,3,1,1
"Ccnb1-ps",0,4,1,0
"Gm2308",4,3,1,3
"Zfp141",12,23,5,7
"ENSMUSG00000124003",3,2,1,2
"Zfp977",12,20,10,2
"Zfp975",0,8,5,5
"Gm9266",2,1,1,0
"Gm9294",68,96,46,47
"Gm35588",9,12,0,2
"ENSMUSG00000131825",0,2,2,3
"Zfp715",8,15,0,3
"Siglecg",21,42,19,9
"Etfb",617,841,388,288
"ENSMUSG00000143157",0,2,1,1
"Vsig10l",1,2,0,1
"Zfp175",3,5,2,2
"Zfp719",14,20,4,4
"Ctu1",14,27,6,11
"2310002F09Rik",3,3,3,1
"Klk10",42,80,36,28
"Klk8",3,7,1,2
"1700028J19Rik",0,5,3,1
"2410002F23Rik",114,171,66,55
"Gm28496",2,1,0,0
"Clec11a",9,13,4,4
"Shank1",48,58,40,26
"Gm45124",1,1,1,0
"Josd2",167,256,112,75
"5430431A17Rik",4,2,3,2
"Emc10",439,656,318,255
"Garin5a",9,5,1,9
"Mybpc2",1,2,0,0
"Pold1",115,148,96,70
"Nr1h2",77,129,72,38
"Napsa",2,0,1,1
"Myh14",2,2,3,0
"Zfp473",2,0,3,2
"Vrk3",90,119,64,43
"Atf5",218,352,181,101
"Nup62",295,406,192,148
"Tbc1d17",56,97,30,46
"Akt1s1",183,241,120,97
"Gm57218",0,2,0,0
"Pnkp",68,114,50,41
"Ptov1",427,635,309,219
"Med25",158,230,113,74
"Fuz",12,15,12,5
"Ap2a1",69,116,63,32
"Cpt1c",1,2,1,1
"Prmt1",1366,1888,920,401
"Gm15545",10,11,9,3
"Bcl2l12",85,109,69,33
"Irf3",85,108,63,44
"Scaf1",75,121,65,43
"ENSMUSG00000126431",14,8,7,8
"Rras",307,500,212,140
"Prr12",61,83,47,23
"Prrg2",46,52,40,28
"Nosip",116,198,76,73
"Rcn3",0,0,2,0
"Fcgrt",33,58,23,15
"Gm45552",8,15,3,3
"Rps11",11777,16804,8370,5692
"Rpl13a",880,1302,634,509
"Snord35a",0,2,0,1
"ENSMUSG00000126768",4,11,1,3
"Flt3l",18,22,4,7
"Aldh16a1",32,43,26,14
"Pih1d1",192,284,131,92
"Tead2",277,371,179,110
"Trpm4",13,8,6,4
"Rpl14-ps1",63,87,41,35
"Ppfia3",5,2,5,1
"Snrnp70",688,978,436,353
"Ntf5",11,14,11,4
"Ruvbl2",354,500,226,155
"Gys1",56,65,32,25
"ENSMUSG00000131051",3,7,7,5
"Ftl1",13102,18882,10445,9159
"Gm10252",1,2,0,0
"ENSMUSG00000137874",0,1,3,3
"Bax",853,1241,628,442
"Dhdh",6,14,7,1
"Tulp2",10,9,4,4
"Nucb1",234,302,157,96
"Gm57220",0,2,2,0
"Ppp1r15a",140,172,82,61
"Plekha4",6,8,2,0
"Hsd17b14",5,2,4,2
"0610005C13Rik",8,7,4,2
"Bcat2",94,120,62,57
"Fgf21",8,14,4,0
"Rasip1",7,10,7,1
"Sec1",9,11,1,2
"Car11",0,1,1,1
"Dbp",1,2,1,2
"Sphk2",25,51,17,13
"Rpl18",5604,7803,3920,2617
"Fam83e",10,15,6,6
"Sult2b1",4,4,1,1
"Gm31597",2,2,1,0
"Lmtk3",0,1,2,3
"Cyth2",154,214,118,76
"Kcnj14",0,3,2,1
"Grwd1",148,217,124,82
"Gm45441",1,3,0,1
"Grin2d",21,26,16,19
"Kdelr1",379,450,238,175
"Syngr4",2,2,1,1
"Tmem143",30,28,13,11
"ENSMUSG00000131967",4,3,2,0
"Emp3",475,715,321,261
"Gm9712",1,2,1,0
"Nomo1",203,265,137,96
"Sergef",8,18,14,3
"Gm22969",0,3,0,0
"Gm45311",1,3,1,2
"Gm15700",3,2,0,0
"Gm45629",7,5,5,5
"Saal1",119,191,94,50
"Saa3",0,8,1,0
"Hps5",25,39,17,15
"Gm45309",0,1,1,0
"Gtf2h1",167,230,128,78
"Gm9392",1,1,1,3
"Ldha",121,201,98,65
"Tsg101",355,485,215,168
"ENSMUSG00000132424",0,2,0,0
"Uevld",29,43,27,21
"Gm45737",2,1,0,0
"ENSMUSG00000137035",1,4,1,0
"Spty2d1",102,142,64,59
"Gm32031",24,26,15,2
"Gm45474",2,1,1,0
"Tmem86a",158,152,115,44
"ENSMUSG00000122686",2,3,1,0
"ENSMUSG00000126048",4,11,0,3
"Zdhhc13",49,60,23,22
"E2f8",142,206,88,74
"Gm2788",47,73,42,26
"Nav2",34,39,20,14
"Htatip2",436,679,334,218
"Prmt3",136,234,90,81
"Gm44822",6,8,4,3
"Gm9354",6,5,8,4
"Gm45235",8,2,0,1
"Fancf",44,75,41,35
"Gas2",8,18,13,4
"Gm5776",1,5,3,2
"Tubgcp5",54,57,32,22
"Cyfip1",375,510,234,164
"Gm17907",0,1,0,1
"Gm44616",2,3,1,1
"Nipa2",140,190,76,40
"A230056P14Rik",10,7,5,6
"Gm44509",0,4,2,3
"Nipa1",33,49,29,22
"Gm44510",36,42,27,15
"Gm34121",2,3,2,0
"Herc2",72,95,54,34
"Atp10a",33,50,35,23
"Gm44937",7,13,10,6
"ENSMUSG00000140129",8,18,6,2
"Gm44742",0,1,1,1
"9330162G02Rik",63,93,51,40
"Ube3a",332,505,218,178
"Gm44562",2,1,0,0
"Gm44560",0,2,0,0
"Gm44830",1,2,1,1
"Snhg14",11,12,5,3
"Gm44829",13,20,11,10
"A230103L15Rik",0,1,1,0
"Gm10297",3,9,4,1
"Mkrn3",6,8,4,4
"Peg12",41,52,26,29
"Gm5898",2,4,3,3
"Klf13",293,499,227,170
"Gm57239",1,1,2,0
"ENSMUSG00000138675",3,2,3,2
"Gm32633",0,1,0,1
"Trpm1",1,1,0,0
"Mtmr10",48,59,28,24
"Gm20457",8,4,0,1
"Fan1",3,4,2,0
"Mphosph10",353,567,236,166
"Mcee",86,148,75,61
"Entrep2",2,4,0,0
"ENSMUSG00000138570",2,2,0,0
"Nsmce3",247,348,167,128
"Tjp1",226,331,195,126
"Gm57226",6,5,3,2
"Tars3",23,31,16,17
"Tm2d3",307,471,188,145
"Snrpa1",1111,1433,697,443
"Selenos",878,1327,618,414
"Chsy1",45,75,29,25
"Lrrk1",159,291,127,92
"Gm44752",10,13,5,2
"ENSMUSG00000138634",0,1,0,1
"Aldh1a3",2,1,0,1
"Asb7",15,26,8,10
"Lins1",16,29,17,5
"Lysmd4",11,12,9,4
"Mef2a",155,286,143,77
"Gm44667",7,16,7,2
"Gm44668",9,19,9,8
"Lrrc28",33,48,29,21
"Ttc23",24,29,10,8
"Gm44669",0,2,2,0
"Igf1r",253,329,165,105
"ENSMUSG00000136569",0,5,1,1
"ENSMUSG00000131368",1,1,0,2
"Altre",3,5,0,0
"Fam169b",1,4,0,0
"Gm29683",2,9,7,2
"Nr2f2",149,216,119,87
"B130024G19Rik",5,5,4,4
"ENSMUSG00000131546",124,157,87,52
"Gm44812",1,0,2,0
"Rpl17-ps10",4,5,1,1
"Kansl2-ps",2,2,0,0
"Gm5335",0,1,0,1
"A730056A06Rik",1,1,2,1
"Rgma",82,118,46,30
"Gm44758",7,13,6,6
"Gm44645",3,2,0,2
"Chd2",90,105,58,62
"Gm44553",1,0,1,1
"Gm44552",1,0,0,1
"C130083A15Rik",3,2,1,2
"Chaserr",98,131,64,50
"Gm57236",7,7,2,4
"ENSMUSG00000138335",1,2,0,2
"ENSMUSG00000138533",1,2,2,2
"Gm44734",2,4,2,3
"ENSMUSG00000138574",1,3,0,0
"Akap13",73,145,58,49
"Gm44695",3,2,1,1
"Gm44835",3,12,8,3
"Gm44694",10,14,11,6
"AU020206",101,163,91,68
"Klhl25",20,41,9,16
"Mrpl46",190,229,135,91
"Mrps11",217,275,137,94
"Det1",53,58,28,25
"ENSMUSG00000128146",4,7,0,0
"Aen",130,187,111,62
"Isg20",242,327,169,108
"Mfge8",561,804,440,338
"Abhd2",52,65,38,21
"Gm44639",25,44,5,16
"Gm39041",3,1,0,3
"Fanci",18,19,10,7
"Polg",56,70,34,32
"Gm10616",0,3,1,0
"Gm45170",0,0,0,2
"Ticrr",48,68,29,17
"Kif7",8,14,4,5
"Pex11a",32,47,21,22
"Gm44705",0,3,1,0
"Anpep",6,5,2,0
"Gm44974",7,11,6,1
"Ap3s2",80,110,58,29
"5430400D12Rik",5,3,2,1
"Gm44950",17,15,6,10
"Arpin",12,18,12,8
"Zfp710",36,68,36,31
"Gm44951",14,31,20,8
"Gm44949",0,2,0,1
"Idh2",667,988,491,314
"Gm45203",6,9,5,1
"Sema4b",90,119,64,45
"Gm45206",2,3,3,1
"Cib1",189,288,143,83
"Gdpgp1",6,10,4,2
"Ttll13",0,1,0,0
"Ngrn",144,206,118,56
"Vps33b",5,15,4,6
"Rccd1",14,25,12,9
"Prc1",417,585,291,221
"Unc45a",62,115,47,38
"Man2a2",16,35,18,12
"Fes",0,2,1,0
"Furin",63,77,41,17
"Gm44851",1,1,0,0
"Blm",77,105,52,34
"Crtc3",90,132,72,46
"Gm15880",1,2,0,0
"Iqgap1",518,769,340,296
"ENSMUSG00000131559",1,2,2,0
"Zscan2",3,5,0,1
"Wdr73",56,75,35,24
"Nmb",0,1,1,2
"Sec11a",687,868,407,350
"Gm45718",7,9,2,2
"Zfp592",26,49,25,29
"Gm44967",5,6,4,3
"ENSMUSG00000129723",3,1,0,0
"Gm7180",1,2,0,0
"Rps17",6514,8960,4438,3093
"Cpeb1",14,13,4,8
"Ap3b2",1,1,0,0
"2900076A07Rik",12,31,9,11
"Whamm",66,97,62,35
"Gm45698",1,2,1,1
"ENSMUSG00000133084",0,3,0,1
"Ramac",188,259,114,91
"3110040N11Rik",37,54,37,17
"Btbd1",240,365,152,100
"Gm45867",6,5,5,4
"Hdgfl3",141,211,106,77
"Gm45088",3,3,1,0
"ENSMUSG00000124136",0,0,2,1
"Bnc1",6,13,9,5
"Gm20744",5,2,4,4
"Sh3gl3",2,8,10,5
"Saxo2",12,12,8,6
"Efl1",41,81,42,29
"Gm44916",1,3,0,0
"4933406J10Rik",0,3,0,0
"Mex3b",28,27,18,10
"4933430H16Rik",1,1,0,0
"Tmc3",1,1,0,0
"Gm16638",2,1,1,1
"Stard5",21,32,22,11
"Gm45838",3,3,2,1
"Il16",3,4,1,0
"Gm7964",1,8,1,1
"Cfap161",3,4,1,0
"ENSMUSG00000141753",0,1,0,1
"Gm39043",0,1,0,0
"Gm44530",1,1,1,1
"Tlnrd1",101,119,91,50
"Mesd",219,329,188,121
"Gm49493",2,4,3,0
"Abhd17c",99,139,57,47
"Gm30873",2,1,1,0
"Ctxnd1",13,40,15,14
"Gm45174",2,0,1,1
"Fah",58,124,55,25
"Zfand6",203,249,138,102
"ENSMUSG00000143116",3,3,0,0
"Vmn2r79",1,2,0,1
"Rps13-ps2",23,34,17,12
"Gm6240",0,1,0,1
"Tmem135",21,36,20,11
"Gm44704",1,1,2,0
"Gm44996",1,2,0,0
"Fzd4",6,5,2,6
"Prss23",260,440,257,81
"Gm45064",3,4,4,2
"Me3",0,1,1,0
"Hikeshi",464,654,352,236
"Eed",161,229,108,74
"Gm45120",7,7,6,5
"E230029C05Rik",5,10,2,5
"2310010J17Rik",53,64,37,19
"Picalm",159,261,132,70
"Gm45223",6,24,9,4
"Gm45222",3,8,1,2
"Gm45221",2,6,3,2
"Gm45220",4,13,4,7
"Crebzf",51,79,29,26
"Tmem126a",512,735,331,223
"Gm44907",2,1,1,0
"Tmem126b",76,98,51,32
"Ccdc90b",92,108,56,53
"Ankrd42",1,3,1,2
"Gm26944",0,0,2,0
"6430511E19Rik",4,4,2,1
"Pcf11",94,145,61,48
"Gm26981",4,7,7,4
"4632427E13Rik",108,147,89,55
"Rab30",28,24,10,13
"Gm45200",1,5,3,3
"Ddias",20,25,10,4
"Prcp",31,40,27,22
"9530078K11Rik",3,4,1,0
"Gm15501",24,35,20,15
"Tenm4",34,52,17,9
"Gm8319",1,3,0,0
"Nars2",14,21,15,10
"Gab2",4,10,6,4
"Usp35",4,6,2,1
"Alg8",109,173,91,50
"Ndufc2",1343,1899,984,651
"Thrsp",3,2,0,0
"Ints4",43,64,31,20
"Aamdc",57,84,50,31
"Rsf1",170,298,131,90
"Rpl15-ps5",3,1,2,0
"Rsf1os2",3,3,0,4
"Clns1a",528,704,337,236
"Aqp11",7,7,5,2
"Pak1",108,158,76,54
"ENSMUSG00000123411",10,6,5,1
"Myo7a",8,7,8,4
"Capn5",4,3,2,5
"Omp",0,1,1,1
"Acer3",162,239,120,80
"Tsku",16,18,8,8
"Gm44507",2,3,3,1
"ENSMUSG00000142345",22,34,16,14
"Lrrc32",3,8,2,1
"ENSMUSG00000124539",0,1,0,1
"Emsy",113,187,94,65
"4930558N01Rik",19,19,16,9
"Gm15506",1,6,1,3
"Thap12",125,182,102,53
"ENSMUSG00000142247",4,3,1,1
"Uvrag",53,84,41,41
"Gm45187",1,2,0,0
"Dgat2",2,2,1,0
"Mogat2",5,6,2,0
"Gm26705",0,3,0,1
"Map6",61,104,38,32
"ENSMUSG00000141960",3,1,0,1
"Serpinh1",2466,3539,1693,1181
"Gm57252",3,3,3,1
"Gdpd5",47,51,26,19
"Rps3",13044,18545,9104,6214
"Arrb1",15,23,8,10
"Neu3",5,1,2,1
"Spcs2",1474,1979,1029,673
"Rnf169",21,23,20,13
"Gm18959",2,1,1,0
"Pold3",139,166,86,64
"Lipt2",32,48,27,22
"Pgm2l1",34,51,22,17
"Ppme1",114,144,76,57
"C2cd3",27,37,22,12
"Gm44571",2,2,0,1
"Gm10603",3,4,2,2
"Gm37716",0,1,2,2
"ENSMUSG00000126071",3,3,7,0
"Ucp2",7,8,8,3
"ENSMUSG00000133488",1,0,1,0
"Coa4",27,43,25,13
"Mrpl48",274,369,188,122
"Cox20b",0,1,0,1
"ENSMUSG00000126065",1,3,0,2
"Rab6a",283,407,170,129
"Fam168a",112,130,53,54
"ENSMUSG00000144053",0,1,2,0
"Relt",8,20,3,7
"Arhgef17",89,120,68,41
"P2ry2",4,14,3,2
"Fchsd2",22,56,19,13
"Gm6341",2,6,2,0
"Gm47324",1,2,1,0
"Atg16l2",37,38,24,21
"Stard10",32,47,27,13
"Gm45620",6,8,7,6
"Arap1",39,52,17,17
"Gm57204",3,6,1,0
"Gm7027",2,4,0,0
"Clpb",142,210,103,59
"Gm45380",7,8,4,4
"Inppl1",79,118,90,49
"Gm10602",2,10,3,2
"Folr1",8,13,4,5
"Anapc15",42,66,28,17
"ENSMUSG00000138795",0,1,1,1
"Lamtor1",528,726,368,237
"Lrrc51",1,0,2,1
"Numa1",156,261,116,98
"Il18bp",6,6,9,3
"Rnf121",77,92,57,36
"Xndc1",15,18,9,6
"Xntrpc",1,0,1,0
"Nup98",173,243,132,74
"Pgap2",120,173,84,46
"ENSMUSG00000140557",7,12,15,3
"Rhog",108,162,81,61
"Stim1",80,112,68,42
"Rrm1",418,612,311,213
"Gm45399",2,9,7,2
"ENSMUSG00000128874",1,0,1,0
"Or55b3",2,4,1,1
"Trim21",12,31,10,8
"Trim68",5,11,3,6
"Or51v14",3,2,1,1
"Dnajc19-ps",5,6,1,5
"Trim34a",2,4,0,1
"Trim5",11,15,3,6
"Trim12a",36,52,40,37
"Gm15133",0,4,0,0
"Trim12c",35,33,30,15
"Trim30a",114,183,117,73
"Trim30d",16,38,26,17
"Or52ac1",2,5,3,0
"Usp17la",5,3,4,3
"ENSMUSG00000140389",2,3,0,0
"Fhip1b",33,59,22,17
"Cavin3",1114,1629,756,585
"Smpd1",78,105,36,45
"Apbb1",41,62,26,26
"Hpx",0,1,3,0
"Trim3",24,52,25,18
"Gm45632",0,0,2,1
"Arfip2",111,149,72,57
"Timm10b",258,366,179,139
"Gm45799",3,5,0,0
"Mrps36-ps2",4,3,1,3
"Rrp8",232,327,167,116
"Ilk",23,26,14,6
"Taf10",969,1447,676,462
"Tpp1",145,239,110,89
"Dchs1",2,0,0,0
"Mrpl17",701,1007,501,343
"Gvin2",1,2,0,0
"ENSMUSG00000125995",12,13,7,6
"ENSMUSG00000133723",3,7,4,3
"Gvin-ps7",1,1,0,1
"Eif3f",1516,2239,1039,732
"Trim66",1,1,1,1
"Gm57246",0,0,1,1
"Rpl27a",2073,2967,1467,1016
"Gm55633",3,3,2,2
"Dennd2b",32,58,29,21
"ENSMUSG00000132631",0,3,0,0
"Akip1",229,328,156,103
"BC051019",1,1,3,0
"Ascl3",2,0,0,0
"Tmem9b",152,211,120,66
"4930431P19Rik",6,11,8,6
"Dennd5a",101,170,90,65
"Tmem41b",106,141,63,54
"1600010M07Rik",1,3,1,2
"Ipo7",284,411,206,132
"Gm25636",0,3,2,0
"ENSMUSG00000140094",0,0,2,0
"AA474408",28,31,18,13
"Zfp143",40,49,28,29
"Gm45819",4,2,3,3
"Wee1",117,158,81,64
"ENSMUSG00000129285",3,4,2,0
"ENSMUSG00000140892",0,1,0,0
"Swap70",151,239,133,78
"Gm9132",0,8,1,3
"Sbf2",118,186,60,58
"ENSMUSG00000128169",0,4,1,5
"Adm",4,1,3,2
"Gm21123",1,4,2,3
"Ampd3",23,33,20,16
"Rnf141",56,86,31,21
"Ctr9",126,192,110,59
"Eif4g2",1059,1587,729,561
"Gm57201",7,11,5,2
"Zbed5-ps",11,18,2,2
"Gm57240",4,2,2,3
"ENSMUSG00000137718",1,1,0,1
"Galnt18",77,102,35,39
"ENSMUSG00000128986",0,4,0,0
"Usp47",153,237,101,63
"Dkk3",51,80,24,17
"Mical2",30,43,20,6
"Parva",303,480,189,125
"2310014F06Rik",13,16,10,9
"Tead1",503,710,336,216
"Gm5599",0,1,0,1
"4930543E12Rik",0,2,0,1
"ENSMUSG00000130394",2,5,3,0
"ENSMUSG00000129073",2,2,2,1
"Bmal1",39,40,37,21
"ENSMUSG00000123865",1,5,2,3
"Btbd10",58,71,55,21
"Far1",110,156,103,67
"Spon1",11,20,4,6
"Rras2",360,508,217,167
"Gm45454",0,2,1,0
"Copb1",261,377,177,139
"Psma1",997,1387,652,477
"4933406I18Rik",0,0,0,2
"Pde3b",21,36,20,13
"Calcb",1,4,0,0
"1110004F10Rik",1197,1674,824,638
"1700003G18Rik",2,2,1,0
"Plekha7",9,7,8,3
"Gm44867",2,8,7,4
"Rps13",7895,11272,5396,3811
"Gm44777",23,19,14,16
"Pik3c2a",35,46,28,18
"Gm45033",3,1,1,0
"C430039J01Rik",1,2,5,0
"AV356131",1,6,1,1
"Nucb2",253,388,167,122
"4732496C06Rik",4,13,1,2
"Gm4366",65,74,38,27
"Rps15a",9418,13158,6619,4608
"Arl6ip1",9,8,6,5
"Smg1",105,137,72,67
"Gm45084",8,0,2,4
"4930583K01Rik",0,3,0,0
"Gm45155",1,0,1,1
"Itpripl2",122,163,84,63
"Coq7",313,415,213,155
"Gde1",222,301,156,95
"Ccp110",25,36,24,13
"Vps35l",108,157,76,50
"Gm44550",3,3,3,1
"Knop1",553,918,440,304
"Iqck",3,3,1,3
"Gm44763",0,3,0,0
"Gprc5b",26,46,17,11
"Thumpd1",104,173,80,59
"Ppp1ccb",1,6,3,1
"Acsm3",1,0,1,0
"Eri2",31,28,14,13
"Rexo5",18,19,12,8
"Dcun1d3",9,20,13,8
"Lyrm1",9,13,13,3
"Ldaf1",84,121,48,36
"Abca16",0,1,1,1
"Gm32916",2,1,0,0
"Gm45113",7,7,2,2
"Uqcrc2",495,636,345,251
"Pdzd9",11,16,10,5
"4930588G17Rik",28,34,21,19
"9030407P20Rik",1,10,0,3
"Mosmo",135,204,95,61
"ENSMUSG00000126256",50,74,42,20
"Eef2k",43,54,26,18
"Gm57219",3,2,0,0
"Polr3e",68,91,41,29
"Cdr2",103,147,60,61
"Mfsd13b",1,1,0,0
"Gm9905",1,2,0,4
"Mettl9",664,888,478,317
"Gm45137",7,9,5,5
"Gm44901",4,6,3,4
"2210406H18Rik",4,5,4,2
"Otoa",0,3,2,0
"4933432K03Rik",0,0,1,1
"Usp31",28,56,19,18
"Cog7",25,49,31,19
"Gga2",18,28,18,19
"ENSMUSG00000136494",1,1,0,0
"Ears2",32,50,25,17
"Ubfd1",227,317,151,103
"Ndufab1",636,1009,501,338
"Gm44986",0,1,1,0
"Palb2",17,28,20,9
"Dctn5",188,256,130,103
"Gm15489",3,7,1,0
"Plk1",247,435,222,132
"Gm14388",0,1,0,0
"Rbbp6",347,422,209,169
"4930413G21Rik",0,0,1,2
"Gm20274",12,16,6,7
"Tnrc6a",490,652,355,235
"Arhgap17",52,75,41,26
"Lcmt1",82,120,56,38
"Kdm8",7,9,5,2
"Nsmce1",486,673,365,243
"ENSMUSG00000125853",2,2,1,0
"Il4ra",31,54,22,17
"Gtf3c1",103,150,92,63
"Katnip",39,42,23,17
"Xpo6",74,101,61,35
"ENSMUSG00000121622",3,3,4,2
"Sbk1",5,16,6,4
"Gm10155",1,2,1,0
"Gm30928",13,17,12,6
"Lat",2,1,2,1
"Spns1",59,111,46,49
"Nfatc2ip",19,40,15,12
"Gm57238",13,15,10,4
"Rabep2",40,57,24,22
"Sh2b1",69,103,49,47
"Tufm",191,201,125,81
"Atxn2l",160,265,129,91
"ENSMUSG00000141936",16,13,11,9
"Eif3c",2518,3558,1809,1227
"Cln3",47,59,41,28
"Apobr",47,67,44,21
"Nupr1",1160,1562,873,506
"2510046G10Rik",25,34,19,8
"Sgf29",128,199,115,74
"Slx1b",22,15,9,6
"Bola2",901,1256,638,390
"Coro1a",3,7,6,7
"Mapk3",237,323,148,109
"Ypel3",63,93,48,49
"Ppp4c",349,451,238,156
"Aldoa",2297,3334,1727,1143
"Tlcd3b",1,1,1,1
"ENSMUSG00000123692",0,1,1,1
"Doc2a",0,0,2,0
"Ino80e",118,190,111,73
"Hirip3",98,192,90,66
"Taok2",60,70,30,32
"Tmem219",119,148,83,43
"Kctd13",80,85,55,29
"Gm44735",7,2,1,4
"Gm21984",2,1,1,2
"Asphd1",4,9,6,3
"Sez6l2",0,1,3,0
"Cdiptos",1,3,0,2
"Cdipt",168,299,143,107
"Mvp",104,144,88,57
"Maz",172,234,110,94
"Kif22",189,279,117,98
"AI467606",55,68,38,27
"Spn",7,13,4,1
"Cd2bp2",93,151,67,42
"Tbc1d10b",15,22,16,5
"Mylpf",16,33,23,6
"Septin1",16,13,5,5
"ENSMUSG00000123936",0,1,1,0
"Zfp553",51,48,25,12
"Zfp771",243,385,197,157
"Dctpp1",782,1082,502,328
"Sephs2",152,224,94,70
"Gm17511",5,4,2,0
"Zfp768",34,49,24,20
"ENSMUSG00000132652",4,7,0,2
"Zfp747",12,14,5,6
"Zfp764l1",0,3,0,1
"Zfp764",15,19,19,6
"Zfp688",46,48,26,27
"Gm45184",18,16,2,5
"Zfp689",16,26,14,4
"B130055M24Rik",9,6,10,3
"Gm45110",2,3,4,7
"Prr14",24,23,10,13
"ENSMUSG00000139004",0,1,2,0
"Fbrs",48,54,28,24
"1700008J07Rik",5,13,2,4
"Srcap",37,42,27,11
"Gm42715",19,24,19,13
"Phkg2",6,21,5,3
"Cfap119",6,6,3,2
"Rnf40",35,48,27,20
"Zfp629",6,10,6,9
"ENSMUSG00000140431",5,1,1,0
"Bcl7c",342,496,224,137
"Gm39090",4,17,2,5
"Ctf1",29,47,39,24
"Ctf2",3,10,2,4
"Gm53374",2,4,0,0
"Fbxl19",12,31,11,9
"Orai3",83,128,65,39
"Setd1a",80,98,61,39
"Stx4a",146,224,118,109
"ENSMUSG00000133481",2,1,1,0
"Zfp668",27,49,31,14
"Zfp646",21,29,20,11
"Vkorc1",46,55,48,29
"Bckdk",222,311,149,110
"ENSMUSG00000133279",1,3,1,4
"Kat8",98,126,62,39
"Prss8",1,1,0,1
"Prss36",8,18,8,8
"Fus",420,628,333,233
"Pycard",14,19,7,9
"Gm45205",7,9,8,5
"Cox6a2",2,9,9,2
"Zfp696",0,5,6,5
"Armc5",49,90,31,26
"Tgfb1i1",116,165,84,52
"Rusf1",20,27,20,7
"ENSMUSG00000121845",1,0,0,0
"Rgs10",103,161,61,66
"Gm15503",1,4,0,0
"Tial1",271,434,186,152
"Gm32816",2,2,1,2
"4921520J07Rik",1,3,0,0
"Bag3",91,148,75,50
"Inpp5f",86,114,51,40
"Mcmbp",198,284,160,101
"Gm44673",3,2,0,0
"Gm44674",2,3,2,0
"Sec23ip",74,100,39,48
"Wdr11",38,50,28,16
"Gm4265",0,2,0,0
"Ate1",129,158,78,47
"Gm45719",3,3,1,0
"Nsmce4a",549,857,429,253
"Tacc2",128,126,63,49
"ENSMUSG00000137823",13,16,6,5
"4930513N20Rik",2,7,1,1
"Plekha1",70,107,73,36
"Htra1",1009,1514,730,591
"Fam24b",0,2,0,0
"2310057M21Rik",66,104,48,24
"Pstk",172,244,135,91
"Ikzf5",22,52,19,10
"Gm44624",2,0,1,0
"Acadsb",52,64,35,25
"Bub3",616,955,479,294
"Chst15",24,25,21,7
"ENSMUSG00000124189",1,2,0,0
"Gm44891",3,1,0,0
"ENSMUSG00000140499",9,7,4,0
"Oat",389,580,294,180
"Lhpp",31,48,14,12
"Fam53b",30,39,23,14
"Eef1akmt2",120,151,70,50
"Gm45501",9,12,7,6
"Abraxas2",125,153,81,55
"1500002F19Rik",2,1,0,0
"Zranb1",130,171,89,74
"Ctbp2",152,217,110,64
"B930086L07Rik",12,21,13,8
"ENSMUSG00000138954",55,72,29,33
"Edrf1",13,29,16,14
"Uros",24,30,14,9
"Bccip",235,324,168,121
"Dhx32",108,131,66,51
"Gm15483",1,2,1,1
"Gm45670",9,7,9,2
"Gm9333",1,2,3,0
"Dock1",116,182,87,61
"Insyn2a",12,13,5,5
"Gm45532",0,1,2,0
"Ptpre",106,165,82,47
"5830432E09Rik",2,6,0,1
"Mki67",598,778,393,257
"Gm45240",1,0,0,1
"Gm9347",7,12,4,2
"Mgmt",85,111,61,20
"ENSMUSG00000143545",1,1,0,0
"9430038I01Rik",87,97,43,31
"Glrx3",1110,1483,687,496
"Mapk1ip1",32,32,22,14
"Ppp2r2d",344,477,251,163
"Bnip3",53,69,29,42
"Stk32c",2,1,0,1
"Gm45328",1,1,0,0
"Lrrc27",7,6,7,5
"Pwwp2b",42,58,35,27
"ENSMUSG00000133871",3,0,1,0
"Inpp5a",25,29,15,10
"Gm4459",10,9,7,5
"Adgra1",2,3,1,0
"Gm16201",5,9,4,10
"Adam8",11,13,4,5
"Tubgcp2",112,177,74,54
"Zfp511",189,262,124,99
"Fuom",0,1,1,0
"Echs1",215,320,169,108
"Paox",36,69,41,26
"Mtg1",66,94,40,30
"Bet1l",53,76,33,22
"Ric8a",74,124,51,52
"Sirt3",20,29,13,9
"Psmd13",578,882,434,284
"Gm15542",7,10,4,1
"Pgghg",26,36,17,5
"Ifitm5",4,2,3,1
"ENSMUSG00000141572",1,3,0,1
"Ifitm2",1495,2132,1101,643
"Ifitm1",510,702,423,176
"Gm7514",1,3,0,0
"Ifitm3",6364,9155,4785,2780
"Ifitm6",0,1,0,0
"Gm39114",0,3,0,1
"B4galnt4",15,24,19,11
"Pkp3",10,13,4,6
"Sigirr",159,197,90,71
"Ptdss2",117,182,87,60
"ENSMUSG00000134590",0,0,4,1
"Rnh1",873,1339,664,467
"Gm57245",3,8,4,0
"ENSMUSG00000141850",31,42,22,16
"Hras",778,1173,526,361
"Lrrc56",4,7,3,1
"Lmntd2",0,2,0,2
"Rassf7",44,69,36,32
"Phrf1",129,211,94,52
"Irf7",138,258,110,69
"Deaf1",38,46,16,13
"Tmem80",59,74,52,27
"Eps8l2",86,158,83,65
"B230206H07Rik",3,4,1,3
"Taldo1",692,1084,484,385
"Gm4535",0,2,1,0
"Gatd1",62,126,39,35
"Slc25a22",21,38,21,11
"Pidd1",9,12,6,10
"ENSMUSG00000128714",3,14,5,3
"Rplp2",10041,14023,6948,4964
"ENSMUSG00000128670",2,2,0,1
"Pnpla2",127,180,92,57
"Cracr2b",2,5,2,2
"Gm10575",1,1,2,0
"Cd151",308,406,217,158
"Polr2l",162,279,135,80
"Tspan4",198,287,157,96
"Chid1",126,178,93,68
"Gm57210",2,2,2,1
"Ap2a2",345,567,257,180
"Gm16982",0,2,0,0
"Muc6",6,7,5,1
"Tollip",39,36,23,20
"Brsk2",2,1,0,1
"Mob2",88,133,63,38
"Dusp8",27,50,27,7
"Gm32786",2,2,0,0
"Ctsd",470,669,321,256
"Syt8",1,0,1,0
"Tnni2",14,19,14,5
"Lsp1",124,192,107,68
"Tnnt3",2,0,1,0
"Mrpl23",50,74,37,23
"Igf2os",5,6,1,2
"Gm7290",6,5,0,0
"Tspan32os",0,5,1,1
"Tspan32",8,7,4,8
"R74862",10,15,6,7
"Cd81",2002,2936,1444,947
"Tssc4",160,222,107,74
"ENSMUSG00000122470",2,2,0,2
"Kcnq1ot1",186,302,127,82
"4933417O13Rik",2,6,2,7
"Cdkn1c",9,9,4,5
"Slc22a18",21,30,14,16
"Phlda2",216,325,122,136
"Nap1l4",301,422,204,124
"Cars1",332,420,224,132
"Gm15580",3,4,1,2
"Tnfrsf26",2,3,1,1
"Tnfrsf22",16,37,10,8
"Tnfrsf23",14,32,11,9
"Osbpl5",30,40,20,16
"Mrgpre",3,8,2,1
"Nadsyn1",6,9,5,2
"Dhcr7",54,96,62,30
"Shank2",2,4,0,0
"Cttn",300,432,209,134
"Ppfia1",78,137,54,45
"Fadd",48,72,45,24
"ENSMUSG00000132616",5,1,3,0
"Ano1",24,26,10,13
"Bc1",2,2,0,0
"LTO1",35,47,23,12
"Ccnd1",1469,2043,1020,663
"Gm57215",2,4,0,0
"ENSMUSG00000124518",1,2,1,0
"Tpcn2",15,20,14,5
"Smim38",0,2,0,0
"Mrgprf",3,6,3,4
"Insr",67,95,49,42
"ENSMUSG00000132221",2,3,0,0
"Arhgef18",36,54,26,16
"Pex11g",10,15,4,0
"Zfp358",103,157,86,51
"Mcoln1",45,66,39,18
"ENSMUSG00000129227",8,11,6,2
"Pnpla6",37,49,16,21
"ENSMUSG00000131735",0,1,1,0
"Xab2",59,105,44,44
"Pet100",286,427,190,160
"Stxbp2",62,106,41,27
"Retn",1,6,1,1
"Fcor",19,22,10,8
"Gm39121",2,2,1,1
"Trappc5",352,454,223,134
"Cd209c",1,1,1,1
"Evi5l",25,22,14,9
"Prr36",1,16,4,6
"ENSMUSG00000140492",1,1,0,1
"Lrrc8e",35,41,30,25
"Map2k7",72,98,46,32
"Tgfbr3l",1,1,0,0
"Snapc2",91,132,55,50
"Ctxn1",24,21,11,15
"Timm44",359,490,247,191
"Elavl1",526,727,336,242
"Ccl25",129,174,76,59
"Gm7434",3,2,4,0
"Zfp958",53,92,38,33
"ENSMUSG00000126800",2,9,3,4
"Gm6410",1,4,2,0
"Gm2676",0,3,1,0
"Shcbp1",262,348,180,120
"Gm9457",4,8,2,2
"Rpl21-ps14",0,1,1,0
"Gpi-ps",3,3,1,0
"Gm45075",1,3,1,0
"Efnb2",37,52,23,26
"E230020D15Rik",12,14,14,5
"Gm45074",7,8,4,4
"Gm45073",2,9,6,3
"Arglu1",704,947,477,352
"Lig4",17,18,4,7
"Abhd13",47,68,35,28
"Tnfsf13b",1,5,3,0
"Gm32540",1,1,0,1
"Gm2814",1,3,0,0
"4833411C07Rik",1,1,0,0
"Gm44955",10,9,5,9
"Gm44956",2,6,7,3
"Irs2",175,196,83,74
"ENSMUSG00000128182",1,0,2,0
"ENSMUSG00000128141",1,0,1,1
"Col4a1",649,803,376,305
"Gm44716",1,5,3,2
"Col4a2",289,432,234,156
"ENSMUSG00000130571",0,2,1,0
"Rab20",61,79,40,29
"E230013L22Rik",3,0,0,3
"Naxd",397,583,308,199
"Cars2",90,114,76,53
"Ing1",277,407,183,157
"ENSMUSG00000140737",3,1,0,0
"Ankrd10",198,312,123,108
"Gm45592",2,6,2,1
"Gm7600",7,9,5,2
"Arhgef7",95,134,72,53
"ENSMUSG00000132784",6,3,3,3
"D630011A20Rik",13,11,8,6
"Spaca7",2,0,2,2
"Tubgcp3",103,124,67,45
"4931415C17Rik",1,1,1,0
"Atp11a",113,149,82,45
"Mcf2l",0,1,1,1
"Pcid2",86,120,47,28
"Cul4a",193,255,138,89
"Lamp1",1271,1814,896,670
"Grtp1",94,154,88,50
"2810030D12Rik",0,5,1,1
"ENSMUSG00000125499",3,5,6,0
"Dcun1d2",43,62,32,19
"E330037G11Rik",17,31,5,5
"9530085L11Rik",10,9,3,4
"Tmco3",82,115,51,34
"Tfdp1",787,1042,481,302
"Rasa3",32,54,34,30
"Cdc16",268,377,173,126
"Upf3a",435,590,310,203
"Champ1",83,113,54,38
"Coprs",199,310,133,80
"ENSMUSG00000134444",2,3,0,0
"Fbxo25",51,66,37,23
"Erich1",101,130,70,47
"Cln8",46,59,33,20
"ENSMUSG00000137459",0,0,1,1
"Arhgef10",17,25,14,8
"Gm56855",4,2,1,1
"Myom2",40,28,5,7
"ENSMUSG00000125824",2,4,1,5
"Mcph1",103,140,44,31
"Gm16725",1,1,0,1
"Gm17149",0,2,0,0
"Angpt2",9,16,9,8
"Gm56833",11,25,14,4
"Agpat5",360,623,265,185
"Gm45493",1,1,0,1
"Xkr5",44,82,34,19
"ENSMUSG00000144066",2,1,3,2
"Rpl19-ps11",180,244,119,73
"ENSMUSG00000140077",3,6,1,1
"Gm56847",5,11,5,8
"2610005L07Rik",31,34,16,19
"6820431F20Rik",11,15,9,2
"ENSMUSG00000144212",39,63,30,21
"Gm56829",3,3,2,5
"Alg11",67,85,39,42
"Nek3",7,6,6,3
"Ckap2",208,334,166,96
"Vps36",753,1027,504,376
"Rpl30-ps2",0,3,0,0
"Slc25a15",26,33,12,8
"1810012K16Rik",1,2,0,0
"Gm56828",1,0,0,1
"Mrps31",174,218,122,81
"Gm17491",91,124,59,34
"ENSMUSG00000129620",4,21,14,4
"Smim19",227,276,157,108
"Slc20a2",98,127,69,59
"Vdac3",1015,1405,711,475
"Polb",237,315,155,113
"Ikbkb",108,134,52,38
"Plat",57,98,54,25
"Ap3m2",21,41,9,14
"1700041G16Rik",17,13,6,2
"Kat6a",142,200,99,79
"Gm45555",7,12,6,3
"Ank1",7,13,5,3
"ENSMUSG00000142061",0,1,0,0
"ENSMUSG00000142101",3,4,0,1
"Gpat4",259,356,175,120
"Gins4",295,423,204,129
"Golga7",135,194,112,70
"Gm45412",1,1,0,4
"ENSMUSG00000133821",1,1,0,0
"Gm26714",3,2,2,2
"Tcim",307,360,188,111
"ENSMUSG00000129553",1,2,1,0
"Adam5",1,0,1,1
"Adam9",69,121,77,39
"Tm2d2",439,613,285,221
"Plekha2",58,77,37,22
"ENSMUSG00000123186",0,3,0,0
"5830408C22Rik",18,26,12,10
"ENSMUSG00000131886",0,1,2,1
"Tacc1",125,189,91,38
"5430421F17Rik",1,3,1,1
"Gm10689",3,6,1,3
"Fgfr1",402,554,273,182
"ENSMUSG00000126177",2,1,0,0
"Gm16159",1,2,1,0
"Letm2",28,39,32,19
"D830025C05Rik",31,32,20,15
"Nsd3",225,310,155,106
"ENSMUSG00000139525",1,1,1,0
"ENSMUSG00000137253",1,2,0,0
"Gm45343",10,10,10,7
"Gm45342",3,9,6,3
"Plpp5",114,141,67,40
"Ddhd2",120,141,86,58
"6430710M23Rik",4,5,1,1
"Gm17484",6,9,4,1
"Bag4",120,170,77,48
"Lsm1",568,814,398,285
"Star",9,19,11,9
"Ash2l",336,480,253,148
"Hgsnat",110,166,66,48
"Pomk",16,21,12,8
"Fnta",518,645,295,223
"Hook3",202,298,128,103
"Gm45413",5,12,9,2
"1700047A11Rik",1,2,1,0
"Rnf170",63,86,44,25
"Gm45251",5,4,4,3
"ENSMUSG00000122955",1,1,1,0
"Gm45250",3,10,1,1
"Thap1",90,121,60,40
"ENSMUSG00000141660",1,1,0,0
"Gm39150",3,8,4,2
"Zfp703",67,91,48,35
"ENSMUSG00000130201",7,5,5,3
"Erlin2",77,114,44,45
"Proscos",3,4,0,5
"Plpbp",140,170,81,54
"Adgra2",133,188,102,77
"ENSMUSG00000122522",8,35,13,15
"Brf2",64,75,51,35
"Rab11fip1",47,52,24,16
"4933416M07Rik",0,0,2,1
"Gm45266",6,13,8,5
"ENSMUSG00000142592",0,0,1,0
"Eif4ebp1",94,119,46,40
"ENSMUSG00000129906",2,0,0,0
"Gm8100",1,5,1,1
"Nudc-ps1",8,9,4,3
"ENSMUSG00000123309",51,77,24,40
"Rnf122",8,6,4,7
"Tti2",27,25,15,12
"Mak16",570,789,382,219
"ENSMUSG00000122883",2,1,1,3
"Fut10",57,89,30,24
"Nrg1",90,118,62,48
"Wrn",93,110,59,51
"Purg",11,29,11,4
"Ppp2cb",331,459,203,107
"Ubxn8",268,403,182,126
"ENSMUSG00000138818",14,20,14,8
"Gsr",849,1311,609,472
"ENSMUSG00000132496",1,5,1,0
"Gm24727",3,0,1,2
"ENSMUSG00000143125",12,23,12,0
"ENSMUSG00000134796",0,4,0,3
"Gtf2e2",418,585,268,184
"Rbpms",294,448,179,119
"Gm26632",4,10,5,3
"ENSMUSG00000129176",1,2,1,1
"ENSMUSG00000140399",0,1,0,0
"Dctn6",216,331,137,108
"Erhrt-ps",1,2,1,0
"Leprotl1",491,714,345,234
"ENSMUSG00000140217",11,22,7,5
"Saraf",270,354,194,120
"ENSMUSG00000140181",2,2,0,0
"Gm56852",1,1,0,3
"Dusp4",41,77,41,24
"Tnks",80,138,55,49
"Gm34597",1,0,4,1
"Gm34853",1,0,0,2
"Eri1",321,443,220,131
"Gm16793",0,1,1,0
"Mfhas1",92,123,57,40
"Gm35021",2,10,4,2
"Cldn23",3,1,6,1
"Rps12-ps24",0,4,0,1
"Prag1",65,97,59,21
"ENSMUSG00000135564",0,1,0,2
"Lonrf1",6,19,9,11
"Gm5787",4,3,5,1
"Dlc1",9,16,8,10
"ENSMUSG00000127303",0,0,0,2
"ENSMUSG00000129694",2,1,0,0
"Tusc3",441,633,323,221
"ENSMUSG00000128094",2,1,5,0
"Fgf20",0,1,2,0
"ENSMUSG00000131217",1,2,2,0
"Micu3",64,72,39,34
"Cnot7",183,271,126,95
"Vps37a",148,212,121,76
"Mtmr7",3,1,0,0
"Mtus1",14,35,14,10
"B430010I23Rik",5,3,4,2
"Gm16192",0,2,0,0
"ENSMUSG00000142791",1,2,0,0
"Pcm1",403,567,299,209
"Asah1",506,746,370,251
"Gm56834",7,10,4,4
"Frg1",244,356,166,124
"Gapdh-ps14",3,4,1,2
"Gm9908",2,2,0,0
"Fat1",84,125,58,46
"ENSMUSG00000134040",1,3,0,0
"Gm2366",1,3,1,2
"Cyp4v3",7,17,6,4
"Fam149a",196,289,125,82
"Tlr3",28,39,21,15
"Cfap96",15,27,8,11
"Ufsp2",513,750,364,273
"Ankrd37",45,50,30,26
"Lrp2bp",1,1,1,1
"Snx25",51,74,24,25
"Cfap97",84,119,55,51
"Gm15634",1,1,1,0
"Gm45693",1,2,0,0
"Gm56864",30,66,25,19
"Slc25a4",5888,8364,4047,2813
"Gm10313",0,1,0,0
"Helt",0,0,1,2
"Acsl1",29,32,23,19
"Cenpu",42,47,20,22
"Primpol",17,16,11,12
"Casp3",382,550,256,198
"Gm16675",6,4,3,3
"Irf2",141,184,106,72
"Stox2",0,2,0,1
"ENSMUSG00000142745",3,3,0,2
"Trappc11",85,102,53,32
"Rwdd4a",279,404,186,106
"Gm8623",3,3,2,1
"Ing2",143,220,107,94
"AA386476",31,35,33,9
"Cdkn2aip",61,83,26,33
"E030037K01Rik",1,2,1,0
"Wwc2",405,610,289,194
"ENSMUSG00000134522",4,4,4,1
"Dctd",302,385,205,129
"Tenm3",12,11,7,7
"Gm32842",1,3,0,2
"Gm19744",1,0,1,1
"Gm45697",2,2,0,0
"Gm9892",9,27,8,7
"ENSMUSG00000135853",30,39,31,13
"Aga",206,323,176,108
"Neil3",112,174,105,60
"Vegfc",14,28,11,12
"Spcs3",295,430,212,143
"Asb5",1,3,0,0
"Cep44",92,122,49,41
"Fbxo8",57,113,55,36
"Hand2os1",0,3,1,0
"Sap30",166,258,124,88
"2500002B13Rik",15,24,13,9
"Gm56857",365,484,246,159
"Hmgb2",3133,4328,1947,1520
"Gm6012",1,2,1,2
"Galnt7",188,292,136,90
"Gm10284",2,2,3,1
"Gm45534",8,9,8,7
"Gm45360",1,3,3,1
"Gm19269",1,2,2,3
"Gm45358",2,5,3,1
"4930412F12Rik",4,3,1,4
"AW046200",10,13,6,3
"Gm34730",3,6,1,0
"Mfap3l",175,275,112,71
"Gm45650",2,1,1,0
"Gm45651",2,7,3,1
"ENSMUSG00000140682",63,66,39,17
"Hpf1",1156,1607,738,516
"Clcn3",145,191,94,81
"B230317F23Rik",13,15,11,3
"Nek1",49,56,30,19
"Gm45809",2,3,2,3
"Gm45483",4,7,3,2
"Gm16178",7,5,0,4
"Sh3rf1",77,101,46,34
"ENSMUSG00000122825",2,2,3,1
"Gm53435",5,9,5,1
"ENSMUSG00000131054",1,2,1,0
"Cbr4",103,129,59,36
"Palld",200,267,131,77
"Gm35254",2,3,1,0
"4930512H18Rik",0,4,2,1
"Ddx60",77,113,79,44
"Gm7561",14,24,6,5
"Cpe",659,1031,468,334
"Msmo1",758,1004,528,316
"Klhl2",102,134,72,50
"ENSMUSG00000141762",2,3,2,1
"Gm45345",4,11,4,3
"Gm45242",6,13,5,6
"Tmem192",388,569,287,208
"Marchf1",6,8,2,2
"Tma16",264,367,199,157
"Npy5r",3,1,1,1
"Naf1",265,363,184,128
"Nat2",21,43,13,18
"Gm9755",1,1,1,0
"Psd3",9,15,8,8
"Csgalnact1",10,13,9,7
"Gm15654",0,1,1,0
"Ints10",149,176,98,64
"Gm15549",0,1,1,1
"Slc18a1",0,0,1,1
"Atp6v1b2",108,150,68,61
"Lzts1",4,3,0,0
"ENSMUSG00000140741",1,2,1,0
"Zfp930",47,73,35,19
"Zfp781a",3,2,1,2
"Gm10033",36,57,26,20
"ENSMUSG00000136796",4,3,1,1
"Zfp868",36,60,31,18
"Zfp964",2,2,0,0
"Zfp869",75,123,67,50
"Zfp963",4,8,4,4
"Zfp866",14,34,9,10
"ENSMUSG00000140318",4,8,3,4
"Atp13a1",71,139,86,59
"Gmip",30,44,26,21
"Lpar2",13,17,10,15
"Pbx4",3,7,12,5
"Yjefn3",87,96,70,59
"Ndufa13",2487,3539,1693,1109
"Tssk6",5,11,7,6
"Gatad2a",426,621,299,211
"ENSMUSG00000130029",0,1,0,1
"Gm7730",16,28,10,3
"Mau2",69,128,77,55
"Sugp1",76,92,54,33
"Tm6sf2",0,1,3,1
"Hapln4",53,72,31,30
"Ncan",0,2,2,0
"Rfxank",54,75,26,25
"Nr2c2ap",223,348,165,105
"Borcs8",128,237,120,73
"Mef2b",3,2,3,1
"Tmem161a",160,225,116,79
"Slc25a42",8,15,7,8
"Armc6",54,70,29,23
"Sugp2",42,60,23,15
"Homer3",96,104,55,40
"Ddx49",86,130,57,52
"Cope",842,1198,544,433
"Upf1",151,212,100,74
"Crtc1",28,31,18,11
"Klhl26",28,26,16,15
"Crlf1",16,17,6,11
"Rex1bd",1131,1599,734,548
"Uba52",1647,2295,1175,810
"Kxd1",371,576,259,202
"Gm56874",25,35,14,19
"Fkbp8",766,1121,505,438
"Ell",39,42,21,19
"Isyna1",260,418,184,114
"Ssbp4",467,652,328,203
"Gm45546",2,3,0,3
"Pgpep1",66,144,77,66
"Lsm4",2170,2980,1424,990
"ENSMUSG00000139989",5,7,4,1
"Jund",1156,1758,918,695
"Iqcn",2,3,0,0
"Rab3a",42,49,31,16
"Mpv17l2",215,308,143,85
"Ifi30",378,581,279,203
"Pik3r2",174,227,134,100
"2010320M18Rik",95,141,58,49
"Mast3",52,77,45,41
"Il12rb1",24,30,16,12
"ENSMUSG00000136338",47,78,32,8
"Arrdc2",10,19,4,7
"ENSMUSG00000124537",1,3,0,2
"Ccdc124",692,1063,489,361
"Slc5a5",6,5,3,0
"Rpl18a",15859,22182,10592,7731
"Map1s",237,370,131,106
"Gm10654",0,0,0,1
"Haus8",151,222,92,78
"Myo9b",7,18,7,1
"Gm56873",2,1,1,0
"Use1",483,754,324,231
"Ocel1",27,37,22,13
"Nr2f6",172,255,121,73
"Babam1",436,582,296,217
"Gm39193",19,30,12,9
"Ankle1",19,28,18,12
"Abhd8",267,360,161,122
"Mrpl34",185,234,117,91
"Dda1",538,712,363,256
"Ano8",34,52,29,21
"Gtpbp3",45,77,33,43
"Plvap",6,13,9,3
"Ccdc194",7,4,2,0
"Bst2",3279,4534,2198,1377
"Mvb12a",850,1058,544,315
"Slc27a1",102,149,79,66
"Gm56877",4,1,4,1
"Pgls",2173,3148,1401,924
"Niban3",7,6,4,4
"Colgalt1",208,268,141,86
"Unc13a",11,22,13,6
"Jak3",7,11,3,4
"B3gnt3",100,115,74,69
"Gm35572",0,1,1,0
"Gm5373",1,3,1,1
"Zfp617",31,54,24,14
"ENSMUSG00000133995",2,1,0,0
"Zfp961",23,39,23,14
"Or2z9",5,4,0,1
"Tpm4",2034,2676,1322,860
"Gm26586",9,6,8,2
"Rab8a",365,519,265,183
"Hsh2d",3,4,0,2
"Cib3",0,1,3,1
"Fam32a",124,217,94,81
"ENSMUSG00000137898",7,17,6,5
"ENSMUSG00000137863",0,1,0,0
"Ap1m1",232,299,151,100
"ENSMUSG00000129691",4,1,0,2
"ENSMUSG00000129730",1,1,0,1
"Klf2",444,613,346,244
"Eps15l1",81,98,53,46
"Gm45779",0,3,2,1
"Calr3",6,6,2,7
"1700030K09Rik",24,29,20,10
"Cherp",34,32,20,12
"Slc35e1",62,73,24,29
"Gm17435",22,26,12,9
"Med26",9,19,4,4
"Gm35857",0,2,6,4
"1700085D22Rik",4,8,3,1
"Smim7",249,357,161,133
"Tmem38a",33,34,21,25
"ENSMUSG00000125482",3,2,1,0
"Sin3b",1680,2280,1150,761
"Large1",52,69,40,17
"ENSMUSG00000130160",1,1,0,0
"Crry-ps",3,4,1,0
"Gm11033",11,8,5,1
"Hmgxb4",160,198,114,62
"Gm45822",8,6,0,1
"Tom1",45,51,27,22
"Hmox1",147,178,100,120
"Mcm5",524,745,365,262
"Nr3c2",0,0,2,1
"Arhgap10",287,441,172,139
"Gm45407",16,17,15,8
"0610038B21Rik",15,25,10,10
"Prmt9",28,71,33,28
"Gm45286",1,1,2,2
"Tmem184c",147,222,107,70
"4933431K23Rik",6,3,0,0
"Gm2225",2,6,1,2
"Rbmxl1",836,1158,558,330
"Slc10a7",34,60,27,11
"Lsm6",1342,1852,867,638
"Gm8054",0,2,0,0
"Zfp827",20,29,13,11
"ENSMUSG00000137431",0,1,0,0
"Mmaa",13,35,18,7
"Gm4890",17,29,12,10
"Smad1",182,250,130,100
"Otud4",153,215,114,95
"Abce1",497,678,359,210
"Anapc10",264,343,160,108
"Gm45435",1,4,3,4
"Gm5909",1,5,0,1
"Smarca5",887,1226,603,381
"Gab1",31,34,10,14
"ENSMUSG00000123975",1,2,0,0
"Gm31105",1,6,3,9
"Gm31223",25,27,19,16
"Usp38",17,16,8,15
"Inpp4b",20,23,9,6
"Il15",40,68,32,30
"9530004M14Rik",1,3,1,0
"Zfp330",332,456,223,164
"Elmod2",24,31,19,13
"Scoc",337,458,254,167
"Gm5910",0,3,2,0
"Ndufb7",1545,2302,1033,732
"Tecr",1243,1584,812,585
"D830024N08Rik",46,58,22,24
"Dnajb1",338,420,216,150
"Gipc1",335,498,246,180
"Pkn1",62,100,50,32
"Ptger1",2,2,5,1
"Gm10644",9,14,1,11
"Ddx39a",1233,1709,829,604
"Adgrl1",44,83,26,30
"Asf1b",374,577,269,155
"Prkaca",144,212,102,85
"Gm56840",1,0,1,2
"Samd1",124,157,65,64
"1700067K01Rik",1,5,0,0
"Misp3",5,7,1,5
"Palm3",2,6,2,1
"Il27ra",4,3,0,0
"Gm10643",3,6,6,0
"C330011M18Rik",4,7,4,2
"Rfx1",26,48,22,25
"Dcaf15",112,143,86,47
"Podnl1",33,73,42,20
"Cc2d1a",72,80,36,22
"ENSMUSG00000143511",3,3,1,2
"Brme1",3,3,2,2
"Nanos3",13,29,15,8
"Gm56830",17,25,27,17
"ENSMUSG00000124850",13,13,16,9
"Gm56836",6,5,6,1
"ENSMUSG00000130171",5,1,3,0
"Gm56841",1,8,1,1
"Gm26532",59,90,33,24
"Zswim4",35,49,39,22
"Gm56839",0,1,1,2
"D8Ertd738e",1457,2130,1006,760
"Mri1",366,499,243,178
"Yju2b",61,76,41,36
"ENSMUSG00000122714",0,0,3,0
"Cacna1a",309,407,210,154
"Gm16183",5,6,3,2
"ENSMUSG00000136298",4,13,6,4
"ENSMUSG00000125578",9,13,5,7
"ENSMUSG00000125616",32,48,18,11
"Ier2",476,664,364,239
"Gm26664",11,22,5,9
"Nacc1",172,198,101,84
"Trmt1",268,402,192,142
"Nfix",618,868,485,307
"G430095P16Rik",14,15,7,4
"Dand5",28,31,19,7
"Gadd45gip1",435,616,271,172
"Rad23a",111,148,84,42
"ENSMUSG00000136624",0,2,0,0
"Calr",3118,4641,2210,1626
"1700122E12Rik",4,10,1,0
"Farsa",403,583,270,203
"Syce2",388,547,267,211
"Gcdh",73,92,44,29
"Gm39213",3,4,3,0
"Klf1",3,6,3,0
"Dnase2a",78,83,47,38
"Rnaseh2a",348,479,231,152
"Prdx2",2377,3335,1629,1116
"Junb",548,746,443,357
"ENSMUSG00000136582",8,22,13,7
"Gm56846",1,3,0,2
"Hook2",37,72,31,25
"ENSMUSG00000135584",3,1,2,0
"Get3",157,242,101,81
"Trir",1362,2044,924,645
"ENSMUSG00000126159",2,1,2,1
"Tnpo2",51,55,23,20
"Fbxw9",36,75,31,29
"Gm56867",27,35,17,18
"Dhps",303,480,224,142
"Wdr83",92,97,53,52
"Wdr83os",701,916,481,319
"Man2b1",89,138,55,52
"Cks1brt",8,11,4,0
"Vps35",592,817,404,347
"Orc6",502,731,407,241
"4921524J17Rik",233,341,156,72
"1700051O22Rik",5,6,2,0
"ENSMUSG00000127341",3,0,1,9
"Gpt2",73,89,48,33
"Dnaja2",1492,2164,1038,738
"Neto2",22,40,14,18
"Gm39214",7,11,6,6
"Itfg1",152,241,115,67
"ENSMUSG00000136672",3,6,4,1
"Phkb",44,83,29,22
"Hm629797",0,0,2,0
"Lonp2",140,173,86,70
"Gm16177",1,2,0,2
"Siah1a",98,172,67,42
"Gm10638",4,6,2,2
"N4bp1",221,248,125,83
"Gm27167",5,6,1,3
"Rps13-ps1",2,3,0,0
"Gm19872",25,26,18,15
"Gm27016",2,1,0,1
"Cnep1r1",196,277,144,100
"Heatr3",129,230,100,77
"ENSMUSG00000135131",10,15,6,4
"9430002A10Rik",3,3,3,0
"Tent4b",86,139,48,61
"ENSMUSG00000129429",2,0,1,0
"Adcy7",113,152,93,59
"Brd7",475,686,340,215
"Snx20",1,3,1,0
"Cyld",144,194,75,75
"Gm17995",1,5,1,2
"Gm56850",1,3,0,0
"Gm5356",0,3,0,1
"ENSMUSG00000124090",4,0,1,0
"Chd9",130,189,94,63
"Gm45640",17,31,10,4
"Gm45643",3,3,4,0
"Gm6658",3,4,4,1
"Rbl2",18,26,11,5
"Aktip",94,102,48,37
"Gm45464",2,0,1,1
"Rpgrip1l",57,87,37,27
"Gm45662",1,1,0,0
"Gm45428",0,2,0,1
"Fto",156,183,111,74
"ENSMUSG00000126384",1,1,1,1
"4831440D22Rik",4,5,6,1
"Gm45292",7,15,6,3
"Gm45289",5,3,1,1
"Gm45290",2,1,0,0
"Gm45294",2,0,0,1
"Gm3235",50,52,29,22
"Gm45293",2,2,0,0
"Gm9619",9,10,4,4
"Crnde",97,131,51,49
"Irx5",86,128,57,42
"Gapdh-ps16",3,2,1,0
"Mmp2",0,0,1,0
"Lpcat2",12,9,1,0
"Ces1a",4,2,0,0
"Gnao1",6,5,3,5
"Amfr",304,431,184,131
"ENSMUSG00000136921",1,1,0,1
"Nudt21",1208,1686,850,571
"Ogfod1",41,48,17,8
"Gm45873",8,13,2,1
"Bbs2",12,27,9,11
"Gm45774",7,12,6,8
"Mt2",212,251,137,162
"Mt1",376,569,246,420
"Nup93",156,240,96,82
"Gm45804",3,7,3,3
"C78859",2,0,1,0
"Gm15890",1,5,0,2
"Herpud1",603,794,390,292
"9330175E14Rik",7,11,8,1
"Nlrc5",14,19,10,11
"Cpne2",81,148,69,43
"Psme3ip1",235,322,164,121
"Rspry1",112,175,79,62
"Gm45797",2,3,1,0
"ENSMUSG00000123044",0,2,0,0
"Arl2bp",507,742,349,259
"Pllp",0,1,2,2
"Gm45767",2,5,0,1
"ENSMUSG00000143887",3,2,3,0
"Cx3cl1",174,223,97,79
"1700121C10Rik",0,2,2,0
"Ccl17",5,11,6,4
"Ciapin1",386,576,249,169
"Coq9",83,125,68,50
"Polr2c",1074,1445,728,484
"Dok4",4,10,1,3
"Ccdc102a",87,149,77,35
"Adgrg1",1,11,3,1
"Katnb1",55,74,33,34
"Kifc3",2,4,0,3
"Zfp319",20,25,12,9
"Usb1",59,88,69,22
"Mmp15",1,1,1,0
"Cfap20",422,575,312,191
"Csnk2a2",648,903,433,322
"Gm45854",11,17,11,5
"Gm45853",2,5,2,2
"Gins3",42,70,39,40
"Ndrg4",3,4,5,2
"Setd6",80,105,54,41
"Cnot1",220,280,133,134
"ENSMUSG00000132026",0,1,1,0
"Gm45762",3,5,1,5
"4930513N10Rik",6,5,5,4
"Sap18b",46,81,39,16
"Slc38a7",29,54,26,29
"ENSMUSG00000137882",4,5,2,3
"Got2",463,634,287,206
"Gm45760",1,3,2,3
"Impdh2-ps",15,24,9,10
"Gm8730",405,570,248,195
"Cdh5",4,5,1,4
"Tk2",22,31,14,18
"Cklf",141,188,102,69
"Cmtm3",104,149,82,52
"Cmtm4",276,396,203,118
"Dync1li2",93,135,70,43
"Gm45731",8,13,3,3
"K230015D01Rik",4,5,5,2
"Nae1",411,566,325,200
"Car7",7,6,4,2
"Pdp2",65,98,43,43
"Gm33023",2,2,2,0
"Rrad",117,142,66,58
"Ciao2b",707,1009,436,347
"Gm3830",1,7,2,0
"Cbfb",156,175,109,73
"Gm22063",0,2,4,0
"Phaf1",10,18,9,8
"B3gnt9",4,4,1,1
"Tradd",152,224,125,77
"Fbxl8",49,95,45,40
"Hsf4",25,31,16,8
"Matcap1",18,18,6,8
"Gm20163",4,9,0,2
"E2f4",441,575,286,179
"Elmo3",2,2,0,0
"Fbxl9",7,9,2,4
"Tmem208",490,712,366,242
"Fhod1",31,41,16,17
"ENSMUSG00000142699",2,5,0,0
"Slc9a5",10,10,4,6
"Plekhg4",3,5,3,2
"Tppp3",3,3,1,1
"Zdhhc1",25,43,20,15
"Atp6v0d1",315,452,248,182
"Gm38250",3,6,1,1
"Agrp",1,1,1,1
"Gm45855",5,5,4,1
"Ripor1",95,133,52,56
"Gm5914",13,20,11,7
"Gm38384",8,19,6,7
"Ctcf",648,914,453,308
"Gm5915",5,15,3,5
"Carmil2",3,2,1,0
"Acd",223,389,174,126
"Pard6a",72,110,65,51
"Enkd1",189,242,119,84
"Gfod2",104,218,133,72
"Ranbp10",39,75,27,19
"Tsnaxip1",1,1,0,1
"Cenpt",77,130,71,39
"Thap11",184,264,150,96
"4930578M07Rik",3,3,2,1
"Nutf2",11,10,5,10
"Edc4",86,121,58,41
"Nrn1l",0,0,0,0
"Pskh1",47,66,32,23
"Ctrl",1,1,1,1
"Psmb10",855,1279,676,466
"Lcat",7,6,2,5
"Slc12a4",124,142,85,61
"Dpep2",5,5,2,1
"Dus2",111,133,61,45
"Ddx28",69,125,55,57
"Nfatc3",99,154,86,63
"1810019D21Rik",1,1,4,0
"Pla2g15",18,25,14,16
"Slc7a6",72,118,68,30
"Slc7a6os",91,156,73,53
"Prmt7",336,519,236,151
"ENSMUSG00000129495",13,6,6,4
"Smpd3",2,1,1,0
"Zfp90",38,58,26,14
"1110028F18Rik",16,25,15,8
"Gm10073",16,19,17,3
"Tango6",38,46,30,18
"Has3",1,1,0,1
"Chtf8",6,4,6,2
"Utp4",270,344,178,115
"Sntb2",162,227,127,93
"Vps4a",212,264,141,98
"Pdf",0,3,4,0
"Cog8",167,286,119,99
"Nip7",649,859,466,282
"Terf2",96,150,81,48
"Cyb5b",542,720,355,252
"ENSMUSG00000122251",61,60,26,16
"ENSMUSG00000122206",0,3,0,0
"4930517G24Rik",1,2,0,0
"Rps18-ps3",3,6,3,1
"ENSMUSG00000128387",5,3,4,1
"Nfat5",331,468,238,156
"Nqo1",179,274,161,214
"Nob1",364,527,248,179
"Wwp2",165,224,108,75
"ENSMUSG00000121644",11,8,5,3
"ENSMUSG00000134528",4,4,2,3
"Psmd7",2309,3229,1643,1051
"ENSMUSG00000138695",1,1,0,0
"Zfhx3",399,614,278,178
"Gm56853",0,2,2,0
"Gm38042",57,52,35,23
"ENSMUSG00000135341",3,5,3,0
"Gm38318",3,3,3,0
"D030068K23Rik",2,2,2,0
"Gm1943",1,2,0,0
"ENSMUSG00000122685",1,2,0,0
"Dhx38",138,207,105,64
"Txnl4b",24,31,18,9
"Dhodh",60,97,48,39
"Ist1",92,136,72,57
"Zfp821",20,58,28,20
"Atxn1l",47,68,43,28
"ENSMUSG00000140188",1,2,1,0
"ENSMUSG00000138554",1,3,2,1
"Ap1g1",40,47,29,16
"Gm17344",6,3,2,2
"Phlpp2",31,47,32,12
"Cmtr2",25,30,13,13
"Vac14",67,118,46,35
"Mtss2",37,53,23,20
"Il34",254,368,162,119
"Gm15894",18,37,21,18
"Gm15895",8,10,8,3
"Sf3b3",714,1058,505,400
"Cog4",164,217,123,96
"Fcsk",20,25,12,9
"St3gal2",67,89,54,43
"ENSMUSG00000122349",3,2,2,2
"ENSMUSG00000122277",6,15,8,1
"Ddx19a",165,206,74,59
"Ddx19b",18,23,9,12
"Aars1",517,682,368,217
"Pdpr",13,16,9,1
"9430091E24Rik",2,8,1,2
"Glg1",143,229,118,69
"Gm56868",11,19,7,8
"Rfwd3",117,173,98,57
"Mlkl",339,433,229,155
"ENSMUSG00000125029",7,9,6,3
"Wdr59",17,32,18,18
"Gm56848",3,0,1,1
"Znrf1",161,231,104,86
"ENSMUSG00000123703",3,0,1,0
"Gm56859",0,6,1,2
"Zfp1",71,122,45,53
"Bcar1",168,288,139,88
"Cfdp1",1458,2105,998,734
"Tmem170",30,29,22,7
"Tmem231",16,26,13,8
"Gabarapl2",871,1232,591,394
"Adat1",36,54,26,20
"Kars1",493,775,369,251
"Terf2ip",45,89,57,23
"Cntnap4",23,24,15,8
"Gm45904",2,5,0,0
"Mon1b",15,24,10,9
"Nudt7",34,57,28,18
"Wwox",40,44,25,13
"ENSMUSG00000127887",2,1,0,1
"Gm16116",2,8,3,3
"Maf",13,5,10,1
"Cdyl2",30,43,19,14
"Cmc2",469,690,342,206
"Cenpn",123,195,79,78
"ENSMUSG00000125903",2,1,0,1
"Atmin",25,28,23,22
"1700030J22Rik",3,3,2,2
"Gcsh",653,965,455,270
"Gm56860",30,37,12,18
"Gan",52,73,28,28
"Cmip",95,152,88,43
"Gm56878",53,66,31,25
"ENSMUSG00000143524",2,0,0,2
"Mphosph6",189,288,138,91
"Cdh13",39,54,22,14
"ENSMUSG00000124322",2,5,2,0
"Hsbp1",1199,1654,848,552
"Mlycd",56,90,47,36
"Gm32006",1,0,0,1
"Osgin1",14,21,17,16
"Mbtps1",135,204,103,68
"Hsdl1",38,75,30,22
"Taf1c",0,2,0,1
"Rps13-ps4",1,0,1,1
"Atp2c2",1,1,0,0
"Meak7",17,23,16,6
"Cotl1",94,145,71,70
"Klhl36",25,32,25,21
"Usp10",249,352,177,114
"Zdhhc7",83,114,59,38
"A130014A01Rik",11,16,8,5
"6430548M08Rik",27,34,25,7
"A330074K22Rik",12,7,7,4
"Gse1",14,15,13,7
"Gins2",410,537,260,178
"Gm10614",2,2,2,1
"Gm26739",1,2,0,0
"1190005I06Rik",36,47,17,19
"Emc8",904,1241,588,413
"Cox4i1",2753,4030,2047,1434
"ENSMUSG00000131593",70,110,50,32
"Irf8",41,53,17,21
"Fendrr",51,97,49,36
"Foxf1",112,164,83,57
"Mthfsd",119,159,68,62
"Foxc2",65,73,32,19
"Foxl1",5,7,3,1
"Gm26815",18,21,38,4
"ENSMUSG00000127981",4,6,6,5
"Fbxo31",187,238,132,94
"Gm17786",6,3,1,2
"Map1lc3b",1106,1701,876,615
"Zcchc14",52,83,35,29
"Gm27030",4,2,1,2
"Gm45833",5,3,1,0
"Jph3",0,3,0,1
"Klhdc4",205,260,144,77
"ENSMUSG00000137774",1,2,0,0
"Gm42047",36,89,42,21
"Gm26812",17,25,5,12
"Slc7a5",376,452,214,160
"BC048644",3,0,3,0
"Banp",120,176,80,58
"Gm17709",2,1,0,0
"Zfp469",18,41,29,12
"Zfpm1",43,54,37,19
"ENSMUSG00000130177",2,1,1,0
"Gm20681",20,24,12,14
"Zc3h18",312,419,219,167
"Cyba",1889,2743,1414,970
"Mvd",120,161,81,43
"9330133O14Rik",9,15,9,3
"Snai3",1,1,1,0
"Rnf166",119,148,75,44
"Gm56876",11,8,7,5
"Ctu2",207,291,128,102
"Piezo1",19,16,8,8
"Gm56872",3,2,1,2
"ENSMUSG00000141504",19,24,8,9
"Cdt1",259,346,192,156
"Aprt",3907,5323,2652,1625
"Galns",47,56,28,20
"Trappc2l",508,814,393,254
"Cbfa2t3",0,3,1,2
"Acsf3",11,25,11,9
"Gm16378",12,10,1,3
"Ankrd11",835,1231,630,421
"ENSMUSG00000131490",0,1,1,0
"ENSMUSG00000133923",4,5,0,1
"2810013P06Rik",51,55,22,25
"Spg7",328,459,193,160
"ENSMUSG00000133342",1,0,1,1
"Rpl13",18458,25360,12386,8330
"Cpne7",0,1,1,0
"Sult5a1",3,9,3,2
"Chmp1a",219,330,169,136
"Rps12-ps9",3,7,3,1
"Spata33",7,6,3,3
"Cdk10",61,105,44,27
"Spata2l",6,15,6,3
"Vps9d1",22,27,16,5
"Zfp276",13,19,10,5
"Fanca",50,78,30,20
"ENSMUSG00000134722",7,1,1,1
"Spire2",73,111,51,41
"Tcf25",1182,1703,804,622
"Tubb3",80,138,33,15
"Def8",86,113,63,26
"ENSMUSG00000138181",0,5,4,1
"Afg3l1",283,459,231,178
"Dbndd1",3,4,2,5
"Gas8",151,214,120,80
"n-R5s136",1,0,0,1
"Rhou",156,229,99,72
"4732419C18Rik",15,34,15,1
"ENSMUSG00000135667",2,1,1,0
"Rab4a",135,209,90,85
"2810455O05Rik",15,15,8,7
"Ccsap",60,95,37,17
"Gm4342",4,6,2,3
"Acta1",2,14,3,0
"Gm29773",5,12,1,3
"Nup133",88,172,92,57
"Gm45890",3,6,7,4
"Abcb10",27,67,23,22
"ENSMUSG00000124208",5,8,2,2
"Taf5l",131,223,92,62
"Urb2",25,32,16,7
"Galnt2",179,242,117,79
"Gm15775",1,2,2,0
"Pgbd5",37,46,23,22
"Cog2",112,164,76,64
"Agt",0,6,0,3
"Capn9",1,2,0,2
"2310022B05Rik",399,630,283,210
"Ttc13",142,203,89,75
"Arv1",38,41,22,22
"Fam89a",37,62,22,15
"Gm16163",0,2,0,1
"2810004N23Rik",378,501,242,164
"Gnpat",153,223,100,60
"Exoc8",37,53,38,21
"Sprtn",23,34,20,15
"Egln1",624,823,427,276
"ENSMUSG00000138657",4,10,1,6
"Tsnax",226,307,139,86
"ENSMUSG00000124988",1,4,2,0
"Sipa1l2",5,5,1,0
"4930567H12Rik",2,2,0,1
"Ntpcr",120,176,78,56
"Gm42056",12,28,14,7
"ENSMUSG00000143036",10,12,9,4
"Coa6",138,185,102,68
"Tarbp1",26,23,21,13
"Irf2bp2",101,136,66,55
"Gm56824",15,10,6,9
"Gm56842",5,16,4,4
"Gm31718",3,6,3,1
"Tomm20",3985,5582,2630,1832
"Rbm34",265,407,183,131
"Gm29688",1,3,4,0
"Gm38574",1,2,1,0
"Pard3",220,316,136,105
"Nrp1",63,84,42,40
"ENSMUSG00000137183",1,2,1,1
"Gm56862",35,54,38,21
"Gm45746",2,1,1,0
"Itgb1",1134,1626,766,567
"Zfp1006",19,31,18,12
"ENSMUSG00000132147",8,9,1,4
"Gm32856",45,56,27,17
"Gm31138",2,5,0,1
"Alkbh8",46,40,30,24
"Cwf19l2",98,171,84,60
"Aasdhppt",268,415,190,121
"Kbtbd3",17,30,18,11
"Msantd4",114,190,94,53
"ENSMUSG00000124215",4,3,1,0
"Casp1",147,197,105,79
"Casp4",48,62,38,21
"Casp12",42,69,45,32
"Dync2h1",24,39,13,10
"Dcun1d5",982,1294,683,455
"Mmp13",1,2,0,2
"Mmp3",1,4,23,10
"Mmp10",6,10,18,8
"ENSMUSG00000134189",1,2,0,0
"Tmem123",146,144,75,61
"Birc2",57,92,44,32
"Birc3",39,45,19,21
"ENSMUSG00000136403",3,1,0,0
"Yap1",79,115,50,30
"Gm45494",1,6,0,0
"Cfap300",16,19,10,10
"Cep126",8,8,3,7
"1700018P22Rik",6,11,7,2
"Arhgap42",59,84,41,22
"Jrkl",18,26,6,13
"Ccdc82",71,107,53,45
"ENSMUSG00000138082",5,4,3,3
"Maml2",27,40,21,9
"5330432J10Rik",25,35,17,18
"Phxr4",23,50,22,13
"Mtmr2",110,161,81,53
"Cep57",199,309,134,106
"Fam76b",77,108,54,42
"Sesn3",48,77,55,29
"Endod1",61,79,36,31
"Cwc15",862,1099,553,427
"Amotl1",178,261,121,83
"Piwil4",22,12,10,4
"Gm10706",0,0,0,2
"Ankrd49",131,186,107,53
"Mre11a",83,136,66,32
"Gm16302",1,2,0,0
"Panx1",46,54,31,11
"Med17",156,206,99,71
"4931406C07Rik",57,80,34,25
"Taf1d",655,861,468,310
"Cep295",135,181,103,50
"Smco4",204,302,147,86
"Slc36a4",20,30,14,10
"Gm5611",0,3,0,0
"Chordc1",251,376,179,107
"Naalad2",70,112,54,43
"Ubtfl1",1,3,1,0
"Zfp317",19,38,14,9
"Or7d10",31,53,21,16
"Or7d9",1,1,1,0
"Zfp560",101,181,81,56
"Gm29761",3,8,0,0
"Zfp26",33,53,19,17
"Zfp426",23,37,22,13
"ENSMUSG00000124384",1,2,1,2
"Zfp266",79,88,43,48
"Gm46142",3,5,1,1
"Zfp846",44,56,22,21
"Gm48069",3,2,1,0
"Fbxl12os",3,7,6,2
"Fbxl12",20,26,18,9
"Ubl5",1312,1959,965,672
"Pin1",944,1289,624,473
"Col5a3",31,65,17,19
"Shfl",1,1,1,0
"Angptl6",6,7,3,3
"Ppan",340,498,222,153
"Gm50491",0,1,2,1
"Eif3g",512,759,413,248
"Dnmt1",424,578,299,257
"S1pr2",58,81,32,26
"Mrpl4",478,634,312,181
"Gm47079",0,0,2,0
"Icam4",1,0,0,0
"Icam5",2,2,2,1
"Gm26592",7,14,6,3
"1700084C06Rik",6,16,6,4
"Tyk2",12,24,9,7
"ENSMUSG00000141459",3,5,1,0
"Cdc37",774,1154,543,392
"ENSMUSG00000137476",4,7,1,0
"ENSMUSG00000137438",4,1,0,0
"Pde4a",103,154,69,58
"Gm16754",15,10,6,5
"Keap1",182,267,148,73
"ENSMUSG00000127109",5,2,3,1
"ENSMUSG00000144015",0,3,1,0
"Atg4d",14,20,12,8
"Kri1",10,17,4,6
"ENSMUSG00000144057",0,3,1,1
"Cdkn2d",190,252,111,66
"Gm39302",3,5,1,0
"Slc44a2",30,45,35,16
"Gm36198",3,2,4,3
"Ilf3",526,740,337,236
"Gm16853",3,3,4,0
"Qtrt1",114,133,58,45
"Dnm2",109,153,67,45
"ENSMUSG00000123010",54,67,71,11
"Tmed1",170,245,109,68
"Carm1",14,14,6,4
"Yipf2",5,5,5,1
"Timm29",27,26,23,10
"Smarca4",442,626,293,188
"ENSMUSG00000143415",9,11,5,6
"Gm26511",2,5,1,2
"Ldlr",312,462,198,148
"ENSMUSG00000127258",22,47,16,16
"ENSMUSG00000136171",0,1,2,1
"Spc24",313,510,256,142
"Kank2",74,123,50,41
"ENSMUSG00000141046",1,2,0,0
"Dock6",8,13,11,6
"Rab3d",29,41,13,14
"Tmem205",126,187,91,57
"Ccdc159",2,3,2,1
"Plppr2",14,14,14,7
"Swsap1",7,14,8,3
"Epor",11,15,12,6
"Rgl3",20,22,15,9
"Prkcsh",406,595,302,202
"Zfp653",12,24,10,10
"Gm16845",6,9,5,0
"Ecsit",96,121,72,43
"Gm6581",3,5,1,1
"Cnn1",1,1,0,0
"Elof1",509,728,319,253
"Acp5",0,1,0,0
"Pigyl",176,234,101,78
"Zfp809",9,28,14,6
"Gm48478",2,2,2,1
"Zfp599",11,23,11,4
"Gm39307",1,0,0,0
"Zfp810",1,4,4,0
"ENSMUSG00000130400",7,6,1,3
"Gm6607",4,0,3,4
"Anln",420,642,291,208
"Gm48646",6,14,7,4
"Rp9",880,1335,652,449
"Matcap2",7,13,8,5
"Bbs9",4,7,3,2
"Dpy19l1",61,110,47,36
"Gm47772",16,12,14,12
"Herpud2",67,112,48,38
"Gm29642",4,1,5,0
"9130004C02Rik",6,20,7,7
"Septin7",1059,1549,717,482
"Acad8",62,82,31,19
"Thyn1",369,561,301,195
"Vps26b",57,91,44,25
"Ncapd3",129,221,91,64
"Gm48796",0,3,2,1
"Igsf9b",22,29,20,13
"Opcml",2,0,1,0
"Snx19",16,32,16,10
"Gm29724",2,1,1,0
"Zbtb44",56,78,46,33
"Aplp2",349,523,222,200
"4930517E14Rik",2,6,3,0
"Prdm10",23,29,13,11
"ENSMUSG00000131201",5,7,3,3
"Nfrkb",69,89,45,22
"Gm3756",3,2,0,2
"Arhgap32",18,19,20,9
"Gm47680",2,2,0,0
"Ets1",178,230,102,106
"Gm27240",1,2,2,1
"Tmed2b",1,3,0,0
"Kirrel3",8,23,9,5
"Kirrel3os",1,2,0,2
"St3gal4",58,89,32,39
"4930581F22Rik",19,26,13,7
"Dcps",198,281,127,78
"Tirap",50,47,44,20
"Srpra",375,477,242,170
"Foxred1",35,36,21,22
"Fam118b",40,84,43,20
"Rpusd4",50,61,33,27
"Cdon",22,28,13,13
"ENSMUSG00000128939",3,3,3,6
"Pus3",4,4,3,2
"Hyls1",27,38,14,10
"Pate2",4,4,1,2
"Pate4",0,2,0,1
"Chek1",59,106,53,38
"ENSMUSG00000138793",4,1,0,0
"Stt3a",259,370,189,126
"Gm26787",38,71,39,9
"Ei24",209,327,160,113
"Gm27219",1,0,0,0
"Fez1",1,3,2,1
"Pknox2",1,4,3,1
"Gm48717",1,2,0,0
"Tmem218",53,85,40,26
"ENSMUSG00000124251",8,6,8,0
"Slc37a2",1,4,5,0
"ENSMUSG00000121655",79,95,43,21
"Gm47640",2,1,1,0
"Ccdc15",27,27,14,15
"Gm47643",4,3,2,0
"Gm34885",0,1,0,0
"Gm47652",0,1,2,0
"Msantd2",57,81,37,30
"Gm47963",4,1,0,1
"Siae",44,84,25,41
"Spa17",21,29,18,6
"Tbrg1",726,1017,500,402
"Tpt1-ps5",5,3,2,2
"Or8b40",4,6,5,4
"Vwa5a",56,58,36,20
"Or8b53",2,3,2,1
"Or4d5",0,1,1,0
"Zfp202",6,9,2,3
"Gramd1b",7,13,11,3
"ENSMUSG00000127424",0,1,2,0
"Gm48114",1,0,3,0
"Gm5055",2,0,0,1
"Clmp",87,145,79,65
"Gm48294",0,3,0,0
"Gm48293",1,0,2,1
"Gm57042",4,9,1,2
"Hspa8",4855,7124,3353,2434
"Ubash3b",105,138,52,38
"Gm48611",4,7,1,2
"Mir100hg",428,664,283,227
"Gm48742",6,7,4,1
"Gm48740",3,4,0,1
"ENSMUSG00000141156",14,11,6,5
"Gm28119",141,226,104,86
"Gm57856",0,5,2,2
"Gm35940",1,4,2,3
"ENSMUSG00000144151",0,1,0,2
"Sorl1",2,2,0,0
"Sc5d",164,248,125,66
"Gm10690",1,0,1,1
"Tbcel",32,56,21,16
"Arhgef12",192,241,122,87
"Oaf",1322,1793,884,738
"D630033O11Rik",10,16,6,10
"Gm30015",2,2,1,0
"Nectin1",10,15,5,10
"Gm39323",5,15,4,3
"Usp2",4,4,7,4
"Rnf26",60,57,26,17
"Gm26737",38,64,16,19
"Gm10687",0,2,2,0
"Mcam",7,3,5,1
"Cbl",79,112,45,29
"5830462O15Rik",1,4,1,1
"Nlrx1",9,13,8,4
"Gm10686",3,8,1,2
"Abcg4",0,2,0,0
"Gm48604",3,5,3,0
"Hinfp",36,43,25,12
"C2cd2l",16,17,15,8
"Dpagt1",106,170,79,48
"Gm48853",2,1,0,0
"H2ax",762,1165,488,467
"Hmbs",149,235,109,70
"Vps11",61,64,50,41
"ENSMUSG00000140606",1,1,2,3
"Gm10080",35,44,28,16
"Hyou1",83,84,47,33
"Slc37a4",51,46,20,16
"Trappc4",379,590,293,208
"Rps25",3976,5265,2544,1789
"Cenatac",53,49,26,25
"Gm9830",2,1,1,0
"Gm47204",0,2,4,0
"Gm47205",1,3,2,0
"Bcl9l",106,173,93,69
"Gm47232",2,4,3,1
"Gm57017",5,13,4,6
"Ddx6",147,238,131,87
"E030022I16Rik",15,23,9,10
"Gm47234",2,3,0,0
"Phldb1",39,69,20,14
"ENSMUSG00000131932",2,4,0,1
"Arcn1",186,284,158,88
"Gm48562",13,19,12,5
"Ift46",90,124,54,58
"Tmem25",0,2,1,1
"Kmt2a",169,262,134,92
"Gm48314",1,3,0,1
"Gm39326",0,1,1,0
"Gm57024",2,2,1,0
"Atp5mg",107,158,64,52
"Gm30934",3,6,5,2
"Ube4a",31,55,22,20
"Jaml",0,3,6,1
"Gm47964",1,0,0,0
"Cep164",183,359,157,104
"2610028D06Rik",2,1,0,0
"Bace1",83,90,52,47
"Gm16536",11,19,6,8
"Gm49338",20,15,12,9
"Rnf214",73,93,53,44
"Pcsk7",25,39,15,14
"Tagln",1,18,0,3
"Gm48529",5,3,1,2
"Sidt2",73,82,44,25
"A830035O19Rik",2,2,3,0
"Pafah1b2",386,500,252,142
"Sik3",113,162,69,67
"Apoa1",2,0,0,1
"Zpr1",214,260,129,88
"Bud13",26,46,17,20
"Nxpe4",2,0,0,0
"ENSMUSG00000121481",1,2,1,0
"Rexo2",1233,1758,819,559
"Rbm7",257,372,160,143
"Gm5617",75,115,39,28
"ENSMUSG00000123750",13,11,7,3
"Nnmt",242,354,182,115
"ENSMUSG00000126872",1,2,0,0
"Usp28",16,39,23,12
"Zw10",62,80,37,34
"Ttc12",3,2,0,4
"Ncam1",75,93,52,50
"Gm11149",2,0,0,2
"ENSMUSG00000139976",0,1,0,0
"2310003N18Rik",0,1,1,1
"Rpl10-ps3",24,33,11,21
"Plet1",1,3,2,1
"Pts",156,216,98,59
"Il18",10,9,10,4
"Sdhd",391,529,256,193
"Timm8b",607,856,413,296
"Nkapd1",75,99,56,38
"Pih1d2",11,15,4,7
"Dlat",188,272,128,103
"Dixdc1",16,32,12,11
"2310030G06Rik",1,4,0,5
"Hspb2",47,83,46,45
"Cryab",857,1194,635,486
"ENSMUSG00000123419",3,8,4,2
"Cfap68",37,69,38,16
"Fdxacb1",17,36,8,7
"Alg9",84,115,44,50
"Ppp2r1b",28,42,19,15
"Sik2",24,30,18,13
"Layn",69,86,38,31
"Hoatz",0,2,1,0
"Pou2af3",10,15,5,9
"2010007H06Rik",4,6,1,2
"Fdx1",445,625,293,187
"Gm6981",2,0,0,1
"Rdx",1554,2134,958,745
"Zc3h12c",5,17,11,10
"Ddx10",186,243,122,78
"Gm47986",1,2,0,1
"Poglut3",54,77,29,23
"4930550C14Rik",3,0,1,0
"Atm",74,91,53,26
"Npat",63,88,43,25
"Acat1",428,628,276,245
"Cul5",262,338,165,144
"ENSMUSG00000141959",0,0,1,0
"Gm16124",11,22,18,7
"Rps6-ps3",17,4,6,3
"Gm16380",1,1,1,1
"Dmxl2",5,10,5,1
"Cib2",19,38,13,13
"Idh3a",594,855,394,256
"Acsbg1",12,14,5,7
"Dnaja4",8,15,6,6
"Skic8",430,631,281,203
"Crabp1",2,5,4,0
"Ireb2",61,109,63,36
"Hykk",3,5,0,2
"AY074887",9,11,5,7
"Psma4",1922,2748,1379,983
"Ube2q2",85,119,56,40
"Fbxo22",141,178,85,60
"Nrg4",1,6,4,0
"Etfa",368,489,262,183
"Isl2",8,24,6,11
"Scaper",33,45,18,12
"ENSMUSG00000121804",2,3,3,0
"Rcn2",489,751,368,264
"Pstpip1",85,123,70,45
"Tspan3",478,704,329,242
"Peak1",469,624,301,221
"Gm29322",0,2,2,0
"Peak1os",0,2,0,0
"Gm37842",1,0,1,1
"Gm36940",8,14,15,5
"Hmg20a",76,115,55,26
"Ube2srt",10,13,6,9
"ENSMUSG00000142277",4,2,1,2
"ENSMUSG00000142360",1,4,2,2
"Cimap1c",37,43,15,21
"Cspg4",3,0,3,1
"Snx33",26,28,17,17
"Imp3",477,711,344,248
"Snupn",59,84,48,34
"Ptpn9",151,258,100,69
"Gm10658",5,5,2,3
"Sin3a",93,109,65,40
"ENSMUSG00000142127",11,21,10,9
"Man2c1os",6,12,0,3
"Man2c1",48,72,35,21
"Neil1",19,20,7,10
"Commd4",266,437,202,145
"1700017B05Rik",155,179,84,80
"Gm5121",8,9,7,7
"Ppcdc",49,54,24,13
"Scamp5",35,40,37,19
"D9Wsu149",3,4,2,2
"Cox5a",2562,3456,1622,1108
"Gm26631",115,188,78,63
"Fam219b",29,66,18,22
"Mpi",44,104,36,20
"Scamp2",151,210,114,95
"Ulk3",5,5,1,0
"Csk",53,99,38,21
"Edc3",46,81,33,23
"ENSMUSG00000128308",3,7,3,1
"Clk3",8,15,5,5
"Arid3b",17,14,9,4
"ENSMUSG00000143642",0,1,1,1
"Ubl7",149,189,99,65
"Sema7a",1,5,4,2
"Stra6",11,10,3,4
"Islr",49,39,28,21
"Islr2",1,3,2,0
"Pml",81,108,61,37
"Stoml1",21,42,17,11
"Gm57034",4,5,1,0
"Loxl1",202,322,173,106
"4930461G14Rik",0,0,0,1
"Cd276",59,96,51,34
"ENSMUSG00000142606",1,3,3,2
"Gm10657",4,10,0,1
"Nptn",372,492,265,183
"Rec114",1,5,3,3
"Neo1",97,147,68,56
"Gm47271",0,1,0,0
"Gm7589",3,4,4,1
"Adpgk",122,148,62,54
"Bbs4",16,21,13,6
"Arih1",139,207,100,64
"Rps11-ps1",145,216,118,86
"Gm57013",2,1,1,1
"Tmem202",2,3,1,0
"Hexa",186,278,145,111
"Parp6",21,30,16,12
"ENSMUSG00000140907",4,11,0,2
"Pkm",388,554,281,234
"ENSMUSG00000140944",15,20,10,4
"Gm49759",13,21,5,7
"Senp8",13,19,9,8
"Myo9a",24,55,27,17
"Gm20275",3,3,1,1
"Gm2735",1,1,0,1
"Gm47740",2,0,0,0
"Lrrc49",19,25,21,6
"ENSMUSG00000141309",3,2,0,1
"Uaca",162,280,123,98
"Gm9869",1,1,2,0
"ENSMUSG00000127389",8,4,2,2
"Gm33699",38,40,30,9
"Gm34157",3,0,1,2
"Gm57022",0,0,1,1
"Gm10655",6,4,2,0
"Tle3",56,87,49,27
"Rplp1",20659,29194,14319,10005
"Kif23",294,397,202,135
"Glce",28,41,26,20
"Anp32a",426,557,267,179
"Gm57047",0,2,0,0
"Fem1b",53,88,53,33
"Cln6",63,81,47,36
"Calml4",0,0,3,0
"Pias1",102,142,78,33
"Map2k5",53,73,19,14
"ENSMUSG00000130276",0,2,2,0
"2300009A05Rik",211,350,159,109
"Gm16759",1,1,1,1
"Gm6257",3,0,2,0
"Aagab",32,50,16,18
"Smad3",44,71,24,30
"Gm18541",1,1,2,0
"Gm36033",25,27,15,20
"Smad6",11,11,5,7
"Zwilch",75,116,49,48
"Rpl4",5451,7441,3774,2423
"Snapc5",40,44,24,21
"Map2k1",142,206,107,73
"Gm48855",3,6,6,4
"Uchl4",8,23,6,8
"Tipin",717,1130,528,342
"Dis3l",31,44,32,7
"Megf11",0,3,1,0
"Rab11a",495,724,363,243
"Gm36459",0,1,1,1
"Dennd4a",17,39,18,12
"Ints14",73,75,43,36
"Hacd3",65,123,54,43
"Gm57019",1,1,1,0
"ENSMUSG00000134799",1,3,3,0
"Dpp8",80,110,58,36
"Parp16",13,17,16,6
"ENSMUSG00000129920",3,4,1,0
"Clpx",146,196,76,80
"Gm39363",2,0,1,0
"Pdcd7",99,154,83,59
"Ubap1l",0,0,1,0
"Mtfmt",68,110,44,43
"Spg21",420,587,275,218
"Gm17749",2,2,2,0
"ENSMUSG00000126255",2,2,3,0
"Plekho2",141,193,78,48
"ENSMUSG00000134580",1,0,0,0
"Pif1",34,29,10,11
"Rbpms2",207,283,137,97
"Oaz2",149,223,95,66
"Zfp609",40,58,32,29
"Trip4",59,78,46,31
"Pclaf",1709,2450,1185,813
"Csnk1g1",102,139,52,44
"Ppib",305,428,200,145
"Snx22",35,31,21,8
"Snx1",105,159,78,64
"Ciao2a",588,809,393,261
"Dapk2",0,1,0,1
"Herc1",76,100,57,39
"Fbxl22",6,6,2,2
"Usp3",129,189,76,76
"Gm15563",0,1,1,0
"ENSMUSG00000128324",1,3,2,2
"Aph1b",14,40,23,11
"Gm40528",3,6,0,0
"Rab8b",43,94,48,30
"Rps27l",4761,6616,3121,2162
"Lactb",138,225,106,74
"ENSMUSG00000138469",5,2,5,1
"ENSMUSG00000138426",1,0,1,1
"Gm30639",30,26,10,6
"Tpm1",3602,5339,2537,1644
"Gm10646",6,3,3,3
"Tln2",86,112,72,41
"ENSMUSG00000133280",2,10,3,2
"ENSMUSG00000122074",13,10,5,2
"Vps13c",54,85,37,29
"Ice2",25,39,19,18
"Anxa2",4116,5748,2746,1989
"ENSMUSG00000124805",2,1,1,0
"Gm28731",5,3,0,0
"Bnip2",448,612,282,201
"Gtf2a2",986,1315,645,393
"Gm47233",1,0,1,0
"ENSMUSG00000126857",5,5,4,4
"Myo1e",78,109,45,32
"ENSMUSG00000134045",3,2,1,1
"ENSMUSG00000134087",3,5,1,0
"Ccnb2",865,1217,615,420
"Rnf111",76,124,66,42
"Sltm",623,878,394,297
"Mindy2",47,69,33,24
"Adam10",142,192,121,78
"Gm3458",1,2,1,2
"Polr2m",541,717,353,252
"Myzap",7,10,6,8
"Cgnl1",350,563,285,151
"ENSMUSG00000141940",8,0,3,1
"Gm37660",12,18,10,4
"Tcf12",254,426,178,171
"Gm38057",3,4,1,5
"Gm38111",1,5,2,3
"Gm37879",0,5,2,1
"Gm37663",7,7,4,6
"Gm37023",2,0,0,1
"A430027C01Rik",20,34,15,9
"Gm37137",3,5,3,2
"Rpl15-ps2",1,0,1,0
"ENSMUSG00000143883",5,4,4,2
"Uba52-ps",5,4,2,2
"Zfp280d",120,222,106,80
"Gm19353",1,1,0,2
"Gm17828",2,2,2,1
"Gm37983",2,1,2,1
"Gm37303",11,6,6,6
"Gm37581",10,4,3,3
"Gm27254",0,1,1,0
"Mns1",191,266,136,105
"Gm36948",2,3,3,1
"Tex9",32,55,30,16
"4930509E16Rik",2,8,3,1
"Rfx7",106,121,63,48
"Gm19427",1,2,7,1
"Gm37105",15,25,13,9
"ENSMUSG00000139217",0,1,2,0
"Nedd4",1133,1709,812,604
"A530064N14Rik",22,25,7,19
"Gm7265",5,6,4,6
"Gm36936",4,12,6,2
"ENSMUSG00000125568",4,5,2,2
"Prtg",8,19,4,3
"Gm27203",2,0,0,0
"A730062M13Rik",1,2,2,2
"Gm37234",9,11,4,1
"Pygo1",30,45,21,19
"Pierce2",16,31,14,9
"Ccpg1",2,3,1,1
"Pigb",6,13,9,3
"Gm38192",2,5,4,3
"Pigbos1",119,182,106,46
"Rab27a",8,8,7,4
"ENSMUSG00000124616",5,15,4,3
"Rsl24d1",234,307,160,99
"Unc13c",3,2,1,1
"Atosa",9,10,6,3
"ENSMUSG00000140595",0,7,2,0
"Arpp19",2662,3776,1738,1123
"ENSMUSG00000129133",0,3,0,0
"Myo5a",124,129,73,44
"ENSMUSG00000138937",2,1,0,0
"Gnb5",74,118,57,56
"Gm19531",3,11,4,2
"Mapk6",643,851,402,311
"4933433G15Rik",14,25,7,12
"ENSMUSG00000138674",5,5,1,2
"ENSMUSG00000126866",0,2,0,0
"Leo1",186,304,155,108
"ENSMUSG00000121476",4,3,0,0
"Tmod3",223,272,132,100
"Tmod2",2,1,1,0
"Lysmd2",219,310,137,101
"Lrrc1",28,27,19,11
"Gm19569",2,4,2,1
"ENSMUSG00000133511",1,1,1,0
"Gclc",73,98,44,54
"Elovl5",65,91,37,26
"Fbxo9",97,147,79,42
"Cilk1",38,53,29,21
"Rn7sk",3,5,1,3
"C920006O11Rik",9,19,9,6
"Gsta4",37,51,26,62
"4930542C12Rik",3,5,2,1
"Cgas",72,110,37,29
"Mto1",49,75,30,26
"Eef1a1",23618,32700,16319,12113
"ENSMUSG00000137119",2,5,5,1
"Slc17a5",19,27,11,8
"ENSMUSG00000139197",2,2,0,0
"Cd109",60,101,51,31
"Gm8116",2,4,2,0
"Col12a1",20,25,13,7
"Cox7a2",3102,4407,2134,1538
"Tmem30a",229,359,174,105
"4930429F24Rik",0,4,0,0
"ENSMUSG00000138578",0,6,0,0
"Senp6",314,453,219,139
"Gm17477",11,14,10,1
"Myo6",45,71,28,28
"Htr1b",0,2,0,0
"ENSMUSG00000121649",21,47,25,4
"Gm9531",4,5,1,2
"Irak1bp1",186,355,153,91
"Phip",349,508,292,157
"Gm38398",0,1,0,1
"Hmgn3",609,858,404,298
"Gm2065",0,0,0,2
"Gm29054",0,2,1,2
"Lca5",27,30,23,11
"Rps27a-ps2",4,7,6,2
"Sh3bgrl2",29,34,12,10
"Elovl4",38,40,21,21
"Gm57060",0,1,1,1
"Ttk",107,146,67,62
"Gm36278",1,1,0,2
"Bckdhb",53,76,36,13
"Tent5a",64,115,64,46
"ENSMUSG00000131196",0,1,1,1
"Ibtk",81,110,63,32
"9330154J02Rik",15,20,7,6
"Tpbg",96,152,85,59
"Ube3d",36,49,18,16
"Dop1a",29,46,21,15
"Gm17530",2,4,1,0
"Pgm3",22,27,16,11
"Rwdd2a",5,6,8,2
"Me1",229,289,173,107
"A330041J22Rik",1,5,5,1
"Cyb5r4",133,163,91,54
"Gm37012",0,1,2,2
"Cep162",97,133,62,45
"Tbx18",57,99,47,37
"D030062O11Rik",6,10,2,3
"Snx14",38,48,23,12
"Gm28229",10,3,4,6
"Syncrip",493,763,393,237
"Snhg5",42,69,25,20
"Zfp949",8,28,10,3
"9430037G07Rik",3,2,2,4
"Mthfsl",22,38,20,15
"Gm10634",2,1,0,0
"9330159M07Rik",13,15,10,7
"4930579C12Rik",0,4,1,0
"Mthfs",12,19,16,7
"Tmed3",507,668,361,244
"Ctsh",96,143,67,64
"Morf4l1",442,591,329,210
"ENSMUSG00000129320",15,8,8,3
"Adamts7",4,7,4,3
"Tbc1d2b",35,48,15,15
"Gm16200",0,0,0,1
"Gm5620",1,1,3,0
"ENSMUSG00000123771",1,1,1,3
"Plscr1",399,526,261,175
"Plscr2",450,602,322,202
"Plscr1l1",0,0,3,0
"Plscr4",29,54,28,14
"B430319G15Rik",5,10,9,3
"Plod2",102,150,61,37
"Dipk2a",13,29,5,12
"Slc9a9",0,3,1,2
"Chst2",45,40,32,23
"U2surp",524,756,370,279
"Gm28424",1,3,1,4
"Trpc1",22,42,24,15
"Pls1",1,1,0,1
"1700065D16Rik",1,3,0,0
"Atr",52,68,43,27
"Gm16794",2,5,0,2
"Xrn1",88,140,94,77
"Gm38375",0,1,0,0
"Gk5",9,34,8,9
"Tfdp2",116,159,82,76
"Gm37195",1,2,2,2
"Atp1b3",468,642,329,207
"ENSMUSG00000133656",3,5,1,1
"Rnf7",817,1220,584,397
"ENSMUSG00000136610",3,5,6,1
"Rasa2",106,181,84,51
"ENSMUSG00000131996",2,0,0,0
"Zbtb38",138,195,82,68
"C430002N11Rik",0,2,0,0
"Gm8520",1,3,2,1
"Pxylp1",3,4,7,5
"ENSMUSG00000127630",16,17,7,5
"Spsb4",8,10,4,2
"Gm19325",0,3,1,1
"Slc25a36",52,70,29,40
"Gm16185",3,1,2,2
"Rpl7a-ps10",1,0,2,1
"Gm33302",2,8,8,5
"ENSMUSG00000122841",6,5,4,5
"Nmnat3",2,4,6,4
"Gm28530",3,4,5,3
"Rbp1",62,66,46,42
"Rbp2",123,169,69,66
"4930579K19Rik",2,7,5,4
"Copb2",509,685,329,232
"Mrps22",166,274,123,93
"Faim",208,347,179,108
"Gm1123",7,2,4,1
"Pik3cb",62,104,51,33
"ENSMUSG00000129085",2,3,1,0
"Gm57045",0,1,1,1
"Cep70",58,105,42,29
"Mras",117,139,82,69
"ENSMUSG00000126690",2,2,3,0
"Armc8",64,79,43,23
"Dbr1",102,123,76,61
"Dzip1l",76,86,49,28
"ENSMUSG00000124912",2,5,0,3
"Il20rb",4,8,6,2
"Nck1",214,328,151,91
"ENSMUSG00000127588",0,4,0,3
"Stag1",206,249,128,71
"Gm8661",0,1,2,0
"Gm37204",12,12,7,8
"Gm38297",2,4,3,1
"Gm3081",4,3,0,1
"Pccb",27,38,22,9
"ENSMUSG00000123120",1,0,0,0
"Msl2",43,53,14,22
"Ppp2r3a",44,83,26,35
"Gm37962",1,8,6,2
"Gm37621",6,12,7,3
"Gm38344",14,14,10,3
"Gm37314",0,1,3,0
"ENSMUSG00000123153",1,0,1,0
"Cep63",108,106,80,42
"Anapc13",465,757,364,203
"Amotl2",293,477,274,164
"ENSMUSG00000137123",1,1,1,1
"ENSMUSG00000141848",0,3,0,1
"ENSMUSG00000141884",0,0,1,0
"Ryk",520,760,362,266
"Slco2a1",13,21,9,6
"Rab6b",13,21,9,8
"Gm37166",0,0,1,0
"Srprb",280,363,204,121
"ENSMUSG00000133688",4,10,4,3
"Topbp1",267,383,165,137
"Cdv3",1404,2000,894,630
"Nphp3",8,8,4,3
"Uba5",179,283,144,86
"Acad11",3,8,5,5
"Dnajc13",102,155,79,62
"Hmgb1-rs16",5,5,3,3
"ENSMUSG00000125917",1,2,0,0
"ENSMUSG00000123909",0,2,0,1
"Acp3",81,133,56,47
"Mrpl3",240,330,162,111
"Gm38077",10,13,2,3
"Nudt16",51,112,61,44
"Aste1",22,22,17,9
"Atp2c1",49,84,38,33
"Gm7436",2,6,1,0
"Gm5621",0,3,0,1
"Pik3r4",32,46,28,18
"Col6a4",2,2,0,0
"Gm47575",1,1,0,2
"ENSMUSG00000142184",0,4,2,0
"Glyctk",2,2,2,1
"Wdr82",144,216,88,63
"Ppm1m",80,109,49,33
"Twf2",97,143,54,60
"Alas1",43,52,39,24
"4930500F10Rik",1,2,0,0
"Poc1a",75,122,63,44
"Gm29123",1,4,1,0
"Dusp7",92,131,59,44
"Rpl29",6159,8474,4007,2893
"Acy1",34,37,13,6
"Abhd14a",189,231,111,72
"Abhd14b",1,3,0,0
"Gm28959",0,1,1,0
"Pcbp4",248,353,171,131
"Parp3",89,160,70,52
"Rrp9",213,286,145,91
"Tex264",358,515,255,170
"Rad54l2",42,55,39,27
"Dcaf1",101,173,66,56
"Manf",2068,2979,1458,917
"Gm37612",5,5,1,2
"Rbm15b",70,87,37,33
"4930524O07Rik",6,14,7,4
"Mapkapk3",25,34,16,12
"Cish",6,6,5,3
"Hemk1",14,15,6,8
"Tmem115",98,124,71,42
"Cyb561d2",105,173,83,50
"Nprl2",38,61,26,25
"Rassf1",7,8,4,2
"ENSMUSG00000131172",0,0,2,0
"Gm9917",12,15,6,4
"Tusc2",69,92,49,34
"Hyal2",73,106,52,49
"Hyal1",10,18,5,3
"Naa80",34,51,25,21
"Hyal3",1,10,2,1
"Ifrd2",12,18,15,5
"Gm38150",3,2,2,1
"Sema3b",4,3,0,2
"Gnai2",1498,2085,1039,682
"Gm19721",0,2,1,0
"Sema3f",2,0,1,2
"Rbm5",240,294,148,118
"Gm37850",2,1,2,0
"Rbm6",140,214,99,71
"Gm37436",9,6,4,3
"Mon1a",34,37,15,13
"Traip",69,86,51,29
"Uba7",15,19,13,5
"Inka1",66,77,49,31
"Ip6k1",66,113,63,48
"Gm38134",0,1,2,1
"Gmppb",32,47,17,9
"Rnf123",15,17,6,7
"Amigo3",2,1,1,0
"Apeh",78,109,54,24
"Bsn",118,165,68,52
"4930447F24Rik",64,91,50,56
"Dag1",258,320,156,102
"Nicn1",34,43,28,17
"Amt",4,7,6,3
"Tcta",23,40,14,10
"Rhoa",610,934,408,329
"Gm37401",2,2,0,1
"Gpx1",1683,2433,1225,762
"Gm57028",2,1,4,2
"Usp4",116,173,80,51
"Rps2-ps11",11,13,6,3
"Gm37963",3,1,4,0
"1700102P08Rik",1,2,1,1
"Klhdc8b",13,17,10,4
"Ccdc71",93,142,64,52
"Lamb2",28,60,33,17
"Usp19",103,152,80,57
"Qars1",177,240,130,105
"Qrich1",123,169,85,72
"Gm38366",1,10,3,1
"Gm37678",1,4,1,0
"Impdh2",636,863,438,286
"Ndufaf3",83,109,64,50
"4833445I07Rik",6,3,1,2
"Dalrd3",34,49,36,13
"Wdr6",13,17,3,6
"P4htm",1,1,0,1
"Arih2",80,85,50,29
"Slc25a20",43,74,32,19
"Prkar2a",299,452,233,150
"Ip6k2",34,41,29,31
"Nckipsd",16,27,13,13
"Slc26a6",3,9,3,1
"Uqcrc1",839,1208,566,373
"Col7a1",22,38,15,14
"Ucn2",3,6,1,0
"Pfkfb4",18,17,6,3
"Shisa5",283,399,229,138
"Atrip",47,85,33,20
"Tma7",2126,3002,1427,944
"Ccdc51",41,41,32,23
"Plxnb1",4,4,3,4
"ENSMUSG00000121717",2,2,5,0
"Nme6",131,190,94,63
"Cdc25a",98,146,65,52
"Map4",170,231,99,82
"Gm4734",5,4,1,1
"Gm42432",13,25,27,9
"Dhx30",126,166,104,67
"Smarcc1",426,636,330,227
"Cspg5",10,14,9,6
"Mir6236",3,4,1,2
"Elp6",79,146,72,39
"Scap",60,79,48,33
"Ptpn23",95,170,83,55
"Klhl18",7,12,13,12
"Kif9",2,6,2,0
"Setd2",116,166,95,59
"ENSMUSG00000144154",9,9,6,5
"Gm42763",1,8,4,5
"Nradd",317,450,234,149
"Nbeal2",4,9,3,2
"Ccdc12",224,324,153,126
"Pth1r",0,2,0,0
"1700061E17Rik",0,1,5,2
"Ccrl2",3,6,1,2
"ENSMUSG00000140275",0,1,2,0
"Lrrfip2",257,395,201,116
"Mlh1",36,65,40,33
"Epm2aip1",41,76,35,16
"Pdcd6ip",489,752,340,249
"Clasp2",26,68,37,21
"Ubp1",55,86,45,32
"ENSMUSG00000136188",0,3,3,2
"Fbxl2",7,16,8,4
"ENSMUSG00000123013",5,7,3,8
"4930520O04Rik",1,6,1,1
"Crtap",5,7,4,1
"Glb1",27,28,23,6
"Gm57032",3,1,3,2
"Trim71",7,8,6,4
"ENSMUSG00000128400",5,9,4,4
"Cnot10",93,103,57,41
"ENSMUSG00000128363",5,4,3,2
"ENSMUSG00000127235",1,3,4,2
"Dync1li1",258,321,190,113
"Cmtm6",25,37,19,14
"Cmtm7",445,630,324,210
"Gm9888",3,0,2,0
"ENSMUSG00000142068",9,24,7,8
"Gpd1l",33,36,17,15
"Rps27rt",268,367,199,137
"Stt3b",290,349,181,114
"Gm5921",5,7,5,4
"Gadl1",2,5,3,2
"Gm9385",22,45,18,11
"Tgfbr2",366,501,222,162
"Gm4668",8,13,4,5
"Gm31410",5,5,1,3
"D730003K21Rik",8,8,3,2
"Rbms3",19,30,13,6
"Gm17396",1,4,0,0
"Azi2",142,180,108,83
"Cmc1",222,349,199,139
"Gm17399",1,3,1,2
"ENSMUSG00000122560",4,7,0,0
"Eomes",35,63,27,32
"Gm33460",14,27,9,8
"Golga4",163,262,126,101
"ENSMUSG00000131983",18,27,22,10
"Gm2415",3,9,3,3
"Ctdspl",135,218,108,59
"Vill",2,3,0,2
"Plcd1",32,21,15,11
"ENSMUSG00000128028",0,3,1,0
"Slc22a13b",2,1,1,0
"Oxsr1",93,111,56,42
"Gm57027",4,16,7,3
"Myd88",50,74,43,23
"Acaa1a",118,148,72,53
"Xylb",14,22,11,11
"Acvr2b",12,21,6,8
"Exog",25,39,17,14
"ENSMUSG00000136317",5,3,0,1
"Gm2449",3,6,1,0
"Wdr48",28,22,14,17
"Gorasp1",18,25,6,10
"Csrnp1",18,31,18,14
"1700019L13Rik",9,20,0,6
"Slc25a38",33,43,33,17
"Rpsa",15735,22378,11208,7667
"Gm5922",3,1,4,1
"D830035M03Rik",0,3,1,1
"Eif1b",189,299,128,118
"Rpl14",10028,13752,6783,4555
"5830454E08Rik",2,2,1,0
"ENSMUSG00000142422",3,9,2,3
"Gm39459",13,9,6,0
"Ctnnb1",29,31,15,16
"ENSMUSG00000126064",3,0,1,0
"Ulk4",1,3,2,1
"Gm34655",7,8,4,1
"Trak1",53,83,40,25
"C230053D17Rik",0,1,1,0
"Gm47092",4,3,1,1
"Sec22c",21,29,16,6
"ENSMUSG00000123434",0,2,2,1
"Ss18l2",137,193,78,58
"Nktr",321,505,211,177
"E530011L22Rik",6,16,3,5
"Zbtb47",10,34,22,11
"Gm47111",5,5,4,1
"Higd1a",757,1179,554,362
"Gm47112",1,1,0,1
"Pomgnt2",20,26,17,12
"Gm47117",2,3,0,1
"Snrk",39,52,37,21
"4632418H02Rik",2,1,0,1
"Ano10",35,48,25,19
"Abhd5",105,131,64,46
"Tcaim",18,24,16,13
"Zfp445",94,136,55,45
"ENSMUSG00000121452",0,2,0,0
"1110059G10Rik",88,114,52,45
"Kif15",126,155,91,57
"ENSMUSG00000122131",1,2,1,2
"Gm47148",2,4,2,1
"Gm9856",31,38,11,14
"Tmem42",35,49,19,15
"Zdhhc3",257,430,195,137
"Exosc7",465,681,329,196
"Tmem158",456,676,279,200
"ENSMUSG00000121445",0,2,2,0
"Gm47162",0,1,1,0
"Lars2",23,42,24,13
"Limd1",134,166,100,64
"Gm57036",1,3,0,0
"Sacm1l",21,23,16,9
"ENSMUSG00000141837",2,1,0,0
"Slc6a20b",2,1,1,2
"Gm10052",3,2,0,0
"Lztfl1",34,70,39,29
"Fyco1",20,25,16,11
"Xcr1",2,0,0,0
"Gm57020",2,3,5,1
"ENSMUSG00000131099",1,2,0,1
"Ccr5",0,1,1,0
"Gm39469",11,27,26,12
"ENSMUSG00000129667",14,15,6,7
"2010315B03Rik",11,16,9,3
"Ppp2r3d",98,143,81,48
"Ppp1r14c",1,2,0,1
"Mthfd1l",79,98,45,34
"ENSMUSG00000134668",9,6,3,3
"Akap12",0,1,1,0
"Zbtb2",20,29,10,9
"Gm21781",13,12,1,4
"Rmnd1",47,63,33,18
"Gm16153",5,13,9,2
"Armt1",26,57,24,18
"Esr1",31,50,25,16
"Syne1",61,80,42,27
"Gm10097",0,2,0,1
"ENSMUSG00000138396",5,6,7,3
"Fbxo5",249,369,165,107
"Mtrf1l",45,66,28,19
"Rgs17",121,144,74,61
"Cnksr3",20,24,16,6
"Gm53610",11,12,12,6
"Ulbp1",22,23,7,8
"Gm46209",0,0,0,2
"Lrp11",24,33,26,13
"Pcmt1",531,680,375,232
"A630066F11Rik",11,12,7,6
"Nup43",384,512,197,149
"Lats1",29,61,28,33
"Katna1",156,208,111,70
"Ginm1",115,157,81,57
"B430219N15Rik",3,1,1,1
"Ppil4",143,228,108,47
"Tab2",134,188,93,65
"ENSMUSG00000140515",1,0,0,2
"Ust",4,15,5,2
"Sash1",19,32,11,12
"Gm26674",2,2,2,1
"Gm48727",4,3,1,0
"ENSMUSG00000138635",19,28,13,12
"Gm48743",1,1,0,0
"Samd5",15,26,18,16
"Gm9930",0,0,1,1
"ENSMUSG00000136997",1,2,0,0
"Stxbp5",51,109,47,33
"Rab32",46,61,37,22
"Gm5177",2,2,2,1
"Shprh",33,58,25,36
"4930432B10Rik",1,2,0,1
"Fbxo30",55,79,32,17
"ENSMUSG00000121782",1,2,2,3
"Utrn",98,143,90,57
"ENSMUSG00000129046",39,61,30,19
"Gm7525",5,5,1,0
"B230208H11Rik",11,13,5,3
"Stx11",15,32,15,10
"Sf3b5",936,1367,642,431
"Ltv1",171,237,128,88
"Phactr2",24,24,16,12
"Fuca2",43,58,33,22
"Pex3",57,89,48,25
"Adat2",77,132,67,37
"Aig1",244,311,194,95
"ENSMUSG00000123661",5,0,2,1
"Gm8330",2,4,1,1
"Gm56954",3,6,3,3
"Hivep2",115,167,90,56
"Adgrg6",111,175,114,67
"Gm10335",4,1,6,2
"Gm46212",56,102,56,31
"Vta1",399,569,293,169
"Gm20125",3,0,0,0
"Cited2",713,1188,500,364
"Txlnb",1,0,0,0
"Heca",39,41,22,17
"Abracl",1212,1845,851,548
"ENSMUSG00000133825",2,1,1,0
"Reps1",150,212,82,74
"Ect2l",0,1,1,2
"Ccdc28a",8,13,11,3
"Gm10827",5,8,13,5
"Nhsl1",44,55,23,25
"ENSMUSG00000138022",3,3,3,0
"Hebp2",112,160,67,59
"Tnfaip3",13,22,7,8
"Gm20139",0,3,0,0
"Ifngr1",178,267,152,92
"Pex7",166,250,120,88
"Map3k5",21,26,12,9
"ENSMUSG00000132177",3,3,0,1
"4933406P04Rik",2,2,0,1
"Bclaf1",556,840,374,281
"Mtfr2",20,20,13,10
"Ahi1",82,130,51,49
"Gm10826",0,2,0,0
"Gm2467",0,1,0,1
"4930455C13Rik",1,2,6,0
"Hbs1l",154,221,101,75
"Sgk1",199,323,150,131
"Gm34267",1,3,1,1
"ENSMUSG00000121883",39,67,33,18
"Gm4895",2,2,1,1
"Hmgb1-ps8",0,3,0,0
"ENSMUSG00000121430",19,9,5,10
"Raet1d",9,14,6,1
"Tbpl1",112,176,104,73
"Gm17794",0,1,0,0
"ENSMUSG00000128115",0,3,0,0
"Rps12",13913,19173,9722,7303
"Gm56964",5,7,3,4
"Slc18b1",10,23,17,7
"Stx7",138,177,83,69
"Enpp3",0,1,1,1
"Med23",43,51,33,27
"Arg1",40,48,33,28
"Akap7",52,78,35,19
"ENSMUSG00000136682",7,10,10,2
"Epb41l2",449,629,270,214
"ENSMUSG00000136767",0,4,0,0
"Tmem200a",8,8,4,3
"Gm9767",1,1,1,1
"Gm4739",2,10,5,2
"L3mbtl3",20,26,13,13
"Gm30034",2,4,0,1
"Arhgap18",58,85,61,46
"Lama2",1,1,0,0
"Gm10145",2,3,3,0
"Ptprk",9,5,4,1
"ENSMUSG00000130659",4,13,2,4
"Mtcl3",9,18,15,6
"9330159F19Rik",3,2,1,0
"Gm46218",1,4,2,2
"Echdc1",3,1,2,1
"Rnf146",5,15,7,5
"Gm47483",3,11,5,6
"ENSMUSG00000121784",70,88,44,27
"Cenpw",882,1224,608,380
"Trmt11",51,68,44,25
"Gm20300",5,6,1,1
"Hint3",103,163,97,48
"Ncoa7",52,72,44,26
"Gm48334",1,2,0,1
"Gm5171",2,1,0,0
"Hddc2",404,605,264,213
"Tpd52l1",7,10,6,7
"Rnf217",33,64,44,22
"Gm47693",0,0,2,3
"Gm7909",2,3,2,4
"Zup1",25,39,27,17
"A830082N09Rik",5,6,1,5
"Rwdd1",1068,1456,751,543
"Gm48045",0,3,0,0
"Calhm4",0,1,0,0
"Calhm5",5,9,7,4
"Dse",40,53,31,24
"Gm47445",21,32,11,12
"Tspyl1",40,65,27,24
"Nt5dc1",18,30,11,12
"Gm47508",1,0,2,1
"Tspyl4",1,5,3,1
"Col10a1",2,2,1,1
"Frk",14,19,9,6
"Amd2",92,129,61,43
"Hdac2",238,300,178,144
"Marcks",401,555,296,246
"Gm31378",1,5,1,0
"Fam229b",32,35,21,5
"Tube1",18,35,14,13
"Gm6477",94,139,63,50
"Gm31616",1,2,2,0
"Fyn",70,123,61,45
"Gm16364.1",1,2,0,3
"Traf3ip2",10,20,6,6
"E130307A14Rik",27,27,17,14
"Gm8899",5,8,1,1
"ENSMUSG00000122446",1,1,0,1
"ENSMUSG00000122530",0,3,2,2
"Rev3l",40,62,22,28
"ENSMUSG00000126086",3,2,2,1
"Mfsd4b4",4,4,3,5
"4930547M16Rik",0,2,2,0
"Mfsd4b5",2,2,0,0
"Gm8055",2,3,0,0
"Slc16a10",29,29,17,13
"Gm47598",0,3,0,0
"Rpf2",232,341,131,100
"Gtf3c6",329,456,195,154
"ENSMUSG00000137188",0,1,0,0
"ENSMUSG00000137231",5,5,5,3
"Amd1",79,122,53,59
"Cdk19",30,25,21,11
"Cdc40",203,326,162,118
"Wasf1",6,15,4,7
"Fig4",41,48,23,25
"ENSMUSG00000139725",0,1,1,0
"Zbtb24",29,30,28,12
"Mical1",10,14,8,1
"Smpd2",27,61,23,29
"Cd164",253,328,182,131
"Ccdc162",2,1,1,0
"Cep57l1",60,75,27,17
"Sesn1",23,42,10,15
"9930024M15Rik",4,7,5,3
"Armc2",19,27,5,11
"1700016J18Rik",2,9,2,1
"Foxo3",56,91,30,31
"ENSMUSG00000123732",8,5,3,4
"Afg1l",7,6,4,1
"Gm15197",1,1,1,1
"Gm15198",3,1,3,5
"Snx3",962,1320,684,449
"Ostm1",30,47,24,18
"Sec63",222,358,185,138
"Sobp",3,7,4,3
"5430427G11Rik",6,8,9,7
"Pdss2",27,38,22,14
"Gm16546",0,2,0,0
"Gm47857",3,2,1,1
"Bend3",14,10,8,4
"Gm47889",0,1,3,2
"Pam16l",17,27,9,9
"Mtres1",169,238,109,87
"Qrsl1",52,72,42,17
"Rtn4ip1",8,14,12,4
"Crybg1",18,21,18,15
"Atg5",113,170,109,57
"ENSMUSG00000139717",3,3,1,0
"ENSMUSG00000143385",21,44,20,14
"Prep",152,200,116,78
"Popdc3",2,0,2,2
"Lin28b",15,18,5,2
"Hace1",21,40,11,13
"Gm47503",2,1,0,0
"ENSMUSG00000121783",31,42,19,21
"Gm48128",1,0,1,1
"ENSMUSG00000126433",0,2,1,0
"Ascc3",108,182,90,64
"Gm48332",0,2,0,0
"Dcbld1",37,74,37,26
"Gopc",38,43,22,18
"Gm6627",0,2,0,1
"Gm47580",3,5,0,3
"ENSMUSG00000134861",1,1,0,0
"Nus1",121,176,82,63
"Cep85l",8,8,6,5
"Gm17823",0,0,0,0
"Gm47644",3,3,2,2
"Gm47641",2,0,0,1
"Mcm9",24,39,15,21
"Asf1a",243,395,179,145
"4930466K18Rik",0,2,2,5
"ENSMUSG00000136182",0,1,0,0
"Man1a",16,29,19,5
"Gm47917",0,1,1,1
"Tbc1d32",26,32,24,14
"Gja1",184,304,139,112
"Gm9118",8,12,11,3
"Hsf2",50,72,40,32
"Serinc1",238,350,226,134
"Fabp7",1,0,2,1
"Gcc2",165,247,121,105
"Lims1",181,252,133,94
"Gm57003",17,30,8,13
"Ranbp2",148,213,110,101
"ENSMUSG00000138853",2,6,1,1
"Ccdc138",19,23,9,10
"Septin10",78,152,80,57
"Sowahc",29,33,12,16
"P4ha1",236,330,160,140
"Mcu",60,94,42,26
"Gm10322",1,0,2,0
"ENSMUSG00000125089",44,61,41,36
"Micu1",121,184,102,51
"Gm17059",0,1,1,0
"ENSMUSG00000130395",0,3,2,0
"ENSMUSG00000130355",2,0,0,0
"ENSMUSG00000124466",4,2,1,1
"Dnajb12",39,63,20,21
"ENSMUSG00000124449",2,2,0,0
"ENSMUSG00000134270",1,1,0,1
"Ddit4",84,100,48,46
"Anapc16",317,430,194,145
"Ascc1",85,107,54,53
"Psap",419,650,303,247
"ENSMUSG00000132639",9,11,9,8
"Vsir",4,7,4,2
"Slc29a3",19,29,13,14
"Unc5b",44,40,34,18
"Gm26947",4,4,4,4
"Sgpl1",72,123,52,48
"Adamts14",11,11,4,6
"ENSMUSG00000126691",2,4,2,1
"Rpl27a-ps1",1,1,0,2
"Pald1",10,16,11,5
"Gm48077",6,8,2,4
"ENSMUSG00000143167",7,5,4,5
"Eif4ebp2",180,293,132,108
"Gm48086",3,7,2,2
"D830039M14Rik",0,3,0,0
"Lrrc20",13,19,11,7
"Gm47594",16,17,8,5
"ENSMUSG00000141678",2,1,2,1
"Ppa1",176,258,141,75
"1700022H01Rik",9,12,8,2
"Sar1a",413,624,296,177
"Tysnd1",97,124,65,42
"Aifm2",34,46,26,25
"Tspan15",11,9,5,5
"Hk1",80,165,52,36
"Hk1os",6,4,3,2
"Supv3l1",53,77,26,18
"4930507D05Rik",2,1,0,0
"Vps26a",150,237,114,74
"Srgn",1,0,0,2
"Kifbp",84,89,53,38
"Ddx21",581,819,351,247
"Gm47257",131,194,91,55
"Ddx50",339,523,223,168
"Ccar1",783,1182,549,437
"Gm48146",69,94,43,20
"ENSMUSG00000141104",73,104,48,49
"Slc25a16",37,57,31,20
"Dna2",25,49,20,21
"Rufy2",38,72,32,30
"Hnrnph3",252,368,149,153
"Pbld1",15,14,5,4
"1700120B22Rik",2,2,2,3
"Herc4",62,65,34,35
"ENSMUSG00000131398",9,6,7,4
"Gm19337",1,1,2,0
"Gm47615",10,11,4,5
"ENSMUSG00000131474",0,3,0,0
"Gm26789",3,11,4,5
"Sirt1",48,60,30,21
"Dnajc12",1,2,1,1
"ENSMUSG00000123864",0,2,0,0
"Gm31416",2,0,3,0
"Gm31763",8,13,4,5
"Reep3",292,413,173,129
"Jmjd1c",130,208,96,81
"ENSMUSG00000136628",1,2,1,0
"Nrbf2",26,39,11,12
"Gm49454",0,1,2,1
"Egr2",0,3,1,0
"ENSMUSG00000125207",3,2,1,1
"Ado",147,200,77,69
"Rtkn2",4,5,7,2
"Arid5b",185,279,143,98
"ENSMUSG00000125221",3,1,0,0
"Rhobtb1",6,12,6,5
"A930033H14Rik",2,3,2,1
"ENSMUSG00000143203",0,1,1,0
"Cdk1",1227,1862,850,613
"Ank3",1,0,1,2
"ENSMUSG00000134647",1,2,0,0
"Ccdc6",175,243,104,91
"1700113B09Rik",0,2,2,0
"Tfam",222,308,139,117
"Ube2d1",129,205,93,90
"Cisd1",888,1176,594,343
"Ipmk",25,47,22,13
"Zwint",615,849,427,308
"Gm15398",2,1,2,3
"Gnaz",1,1,0,1
"Rab36",4,9,4,4
"Bcr",74,98,47,38
"Specc1l",49,58,46,31
"Gucd1",28,35,25,16
"Upb1",0,1,1,0
"Snrpd3",1305,1847,895,608
"Ggt1",0,2,0,3
"Gm19688",2,4,0,2
"ENSMUSG00000143105",0,1,0,1
"Cabin1",130,198,70,61
"Ddt",333,496,225,170
"Gstt3",28,46,30,24
"Gstt2",20,40,24,13
"ENSMUSG00000122183",2,2,0,0
"Mif",2768,4030,1908,1305
"Smarcb1",471,683,298,222
"ENSMUSG00000122224",0,1,2,1
"Mmp11",63,103,49,36
"Chchd10",2,4,3,1
"Gm867",7,4,3,10
"Zfp280b",14,24,9,4
"Gm16222",10,0,0,0
"Prmt2",138,163,89,64
"Dip2a",44,49,28,19
"ENSMUSG00000135487",0,2,4,0
"Pcnt",122,215,91,68
"1700094J05Rik",0,6,1,1
"Gm9744",0,6,3,3
"Ybey",18,28,6,10
"Mcm3ap",74,97,60,46
"Lss",91,95,47,42
"Col6a2",437,681,337,197
"Col6a1",602,981,464,327
"Pcbp3",45,45,30,13
"Slc19a1",86,129,57,40
"Col18a1",161,220,118,64
"ENSMUSG00000141945",0,1,1,0
"Gm10941",4,6,2,0
"ENSMUSG00000141902",2,2,2,1
"Pofut2",195,320,151,104
"Adarb1",88,131,59,38
"Slx9",222,305,134,91
"ENSMUSG00000142938",2,4,1,1
"Itgb2",203,273,176,128
"ENSMUSG00000132236",2,3,3,0
"Pttg1ip",560,829,462,278
"Sumo3",478,685,307,220
"Ube2g2",115,165,83,53
"Trpm2",1,1,2,1
"Cfap410",65,109,40,47
"Pfkl",197,233,116,98
"ENSMUSG00000128142",3,2,1,2
"Dnmt3l",3,3,1,0
"Icosl",7,10,5,1
"Gatd3a",68,84,29,33
"Pwp2",43,56,23,19
"Trappc10",69,113,52,28
"Gm30122",3,4,0,1
"Agpat3",415,618,309,188
"Gm40709",0,0,1,1
"Gm10146",2,2,1,0
"Rrp1",812,1203,607,421
"Cstb",1898,2571,1368,1081
"Pdxk",63,83,56,30
"Ilvbl",38,52,39,30
"Syde1",70,111,48,43
"2610008E11Rik",26,53,26,13
"Plpp2",263,440,191,158
"Mier2",28,57,25,16
"Shc2",5,4,8,8
"Gm47163",1,1,0,2
"Madcam1",1,4,1,1
"Tpgs1",123,212,127,72
"Cdc34",137,191,106,58
"ENSMUSG00000134930",5,6,10,2
"Gzmm",0,1,2,0
"Bsg",2235,3211,1547,1029
"ENSMUSG00000125251",10,5,2,3
"Hcn2",22,31,15,9
"Polrmt",28,49,28,11
"Fgf22",1,4,0,0
"Rnf126",420,694,325,219
"Fstl3",4,7,6,3
"Palm",84,114,56,46
"ENSMUSG00000125415",0,3,3,2
"Misp",5,5,1,1
"Gm56961",2,5,1,2
"E130317F20Rik",22,27,15,8
"Ptbp1",209,284,119,110
"Plppr3",2,0,3,1
"Gm19810",2,3,3,5
"Med16",73,76,53,38
"R3hdm4",176,261,111,103
"Kiss1r",19,37,15,7
"ENSMUSG00000129519",1,1,0,0
"ENSMUSG00000139843",0,1,0,1
"Arid3a",27,45,17,13
"Wdr18",398,486,253,181
"Grin3b",1,1,0,0
"Tmem259",148,214,104,74
"Cnn2",1066,1666,751,486
"Abca7",9,16,7,7
"Arhgap45",12,18,9,4
"Polr2e",819,1061,542,405
"Gpx4",1914,2752,1430,1052
"ENSMUSG00000122028",2,2,1,1
"Sbno2",138,189,128,62
"ENSMUSG00000141077",34,48,16,5
"Stk11",139,175,89,73
"Cbarp",25,27,17,11
"Atp5f1d",2166,3003,1495,967
"Midn",108,221,134,61
"ENSMUSG00000135969",1,3,0,0
"Cirbp",38,50,21,25
"ENSMUSG00000135861",0,2,1,0
"Fam174c",84,126,56,54
"Efna2",41,67,36,18
"Pwwp3a",235,349,175,92
"Ndufs7",910,1336,662,444
"Gamt",49,83,52,19
"Dazap1",681,870,429,329
"Rps15",8157,11444,5572,3864
"Apc2",0,0,0,0
"2310011J03Rik",148,232,108,77
"Pcsk4",19,41,15,7
"Reep6",49,57,29,15
"Adamtsl5",53,93,33,27
"Mex3d",41,72,29,22
"Mbd3",750,1044,467,345
"3300002P09Rik",1,4,4,1
"Uqcr11",2069,2955,1583,1047
"Tcf3",282,363,167,151
"ENSMUSG00000140877",3,0,2,0
"Rexo1",108,170,77,57
"Klf16",29,47,11,16
"Abhd17a",378,542,246,179
"Gm29093",0,3,3,0
"Scamp4",1,2,0,0
"Gm49322",0,3,0,1
"Csnk1g2",284,376,177,142
"Btbd2",104,166,69,36
"Mknk2",72,114,52,35
"Mob3a",19,43,11,16
"Izumo4",9,9,1,3
"Ap3d1",145,190,96,75
"ENSMUSG00000124063",0,0,4,2
"Dot1l",92,149,72,44
"Gm17151",2,2,0,1
"Plekhj1",337,479,203,155
"Sf3a2",114,150,71,49
"Amh",0,3,0,0
"Oaz1",5388,7417,3724,2553
"Lsm7",788,1129,458,373
"Sppl2b",34,50,14,23
"Timm13",1447,2241,1075,745
"Lmnb2",10,14,4,2
"Gadd45b",268,496,235,153
"Gng7",3,5,8,2
"Slc39a3",28,38,28,15
"Sgta",372,479,234,187
"Thop1",217,299,120,99
"Map2k2",857,1258,631,379
"Zbtb7a",154,210,93,72
"Pias4",80,100,46,26
"Eef2",4065,5631,2839,2069
"Dapk3",106,169,92,71
"Zfr2",0,10,5,4
"Matk",2,2,2,0
"Mrpl54",932,1413,677,446
"Apba3",66,99,38,28
"Tjp3",4,2,0,2
"Pip5k1c",46,54,40,16
"Cactin",69,103,42,30
"Tbxa2r",0,2,2,1
"Gipc3",2,1,0,1
"Hmg20b",234,355,170,128
"Mfsd12",7,16,4,11
"Fzr1",185,271,126,99
"Dohh",280,504,206,132
"Gm48551",6,8,2,4
"Smim24",0,1,2,0
"Nfic",457,760,323,212
"Gm16104",23,24,19,29
"Celf5",2,4,0,2
"ENSMUSG00000132470",12,17,9,7
"Ncln",146,219,101,83
"Gna11",167,212,125,57
"Tle5",1104,1533,699,498
"Tle2",3,7,4,1
"Tle6",17,35,14,8
"BC025920",4,6,3,0
"Sirt6",66,113,64,42
"Ankrd24",35,39,13,14
"Gm3055",0,0,0,0
"Zfp781b",0,1,1,0
"ENSMUSG00000143481",7,5,6,4
"Gm10777",1,1,0,0
"ENSMUSG00000143548",0,3,2,2
"Zfp873",13,24,5,5
"BC024063",5,6,3,2
"ENSMUSG00000143587",2,1,0,1
"AU041133",7,16,2,2
"Gm47572",3,4,1,1
"Gm47573",1,2,0,1
"Gm15608",1,1,0,0
"Zfp938",91,154,66,39
"ENSMUSG00000131118",0,1,0,0
"Gm4924",6,13,8,5
"Ap3m1-ps",0,2,1,0
"ENSMUSG00000141108",0,3,1,0
"Uqcc6",161,205,99,64
"Tdg",114,183,64,54
"Glt8d2",3,11,6,1
"Hcfc2",47,53,33,18
"Nfyb",189,300,139,84
"1700028I16Rik",0,2,0,0
"Txnrd1",356,458,229,204
"Gm38560",9,11,4,2
"Eid3",4,7,2,0
"Gm4799",10,21,8,2
"Chst11",28,33,22,4
"ENSMUSG00000141052",2,1,1,1
"Slc41a2",9,11,6,4
"Gm40723",9,13,3,9
"Nopchap1",134,172,76,50
"Aldh1l2",19,22,15,4
"ENSMUSG00000134945",1,3,2,1
"Washc4",84,136,58,39
"Appl2",18,24,10,22
"Nuak1",6,15,12,7
"Gm47962",0,0,1,1
"ENSMUSG00000124187",1,1,0,1
"E230014E18Rik",2,3,3,1
"Ckap4",860,1325,566,415
"ENSMUSG00000133623",1,1,0,2
"ENSMUSG00000138934",1,2,1,0
"Tcp11l2",2,11,7,5
"Gm17249",4,6,4,1
"Polr3b",36,45,27,12
"Ric8b",14,27,15,10
"Gm56990",0,2,0,1
"Fhl4",1,2,1,0
"Tmem263",72,121,69,38
"Mterf2",23,29,18,12
"Cry1",58,78,45,27
"Psma5-ps",0,1,1,0
"Abtb3",46,75,36,30
"ENSMUSG00000132241",3,5,2,1
"ENSMUSG00000124424",1,1,2,5
"Pwp1",241,333,150,110
"Prdm4",34,47,35,24
"Rtcb",507,722,332,251
"A230060F14Rik",1,1,2,1
"Fbxo7",58,100,38,32
"Timp3",1,2,1,0
"ENSMUSG00000121489",17,41,18,17
"Hsp90b1",3508,5353,2546,1819
"Ttc41",3,2,0,0
"Nt5dc3",24,50,22,23
"Igf1",4,12,5,1
"Tyms-ps",3,2,1,1
"Parpbp",13,18,16,7
"Nup37",244,362,166,113
"Washc3",274,395,160,124
"Dram1",10,11,2,4
"Gnptab",57,68,26,15
"Gm16235",0,2,0,0
"Chpt1",129,189,76,60
"ENSMUSG00000131655",1,0,1,0
"Gm4925",1,0,2,1
"Arl1",590,825,404,279
"Utp20",101,131,59,43
"ENSMUSG00000123325",1,6,2,2
"Gas2l3",79,120,56,44
"Nr1h4",1,2,1,0
"Scyl2",42,55,27,17
"1500026H17Rik",2,4,2,0
"Actr6",35,75,31,25
"Bltp3b",88,147,72,50
"Anks1b",0,1,0,2
"ENSMUSG00000131459",17,25,11,5
"Gm5780",0,2,1,1
"Apaf1",16,47,23,11
"Ikbip",194,283,137,104
"Slc25a3",4476,6254,3182,2122
"Gm56945",2,3,3,1
"Tmpo",790,1221,572,391
"Nedd1",89,129,75,47
"Gm49783",23,22,6,3
"Gm32468",2,1,2,0
"Gm56958",1,3,4,1
"Cdk17",57,73,36,33
"Mir1931",2,3,1,5
"Elk3",99,193,92,53
"ENSMUSG00000122550",1,1,0,0
"ENSMUSG00000122581",10,14,7,8
"ENSMUSG00000142610",3,8,4,4
"Lta4h",290,370,181,146
"Amdhd1",5,14,5,3
"Ccdc38",16,17,7,10
"Snrpf",1572,2263,1034,684
"4933408J17Rik",1,1,4,1
"Ntn4",18,32,15,15
"Gm8580",0,3,1,2
"Gm15963",5,4,4,1
"Gm3571",83,107,59,24
"Metap2",2260,3029,1513,1007
"Vezt",46,92,39,19
"Gm49628",10,11,3,7
"Fgd6",22,34,14,12
"Gm48372",0,1,1,0
"Nr2c1",20,29,19,13
"Ndufa12",607,789,402,231
"Tmcc3",15,38,15,7
"ENSMUSG00000138237",0,3,3,0
"ENSMUSG00000138085",2,0,0,1
"Cep83os",6,6,0,3
"Cep83",112,145,84,48
"Plxnc1",0,3,1,2
"Cradd",13,18,2,6
"Gm48880",2,7,3,3
"Gm48882",1,6,1,1
"Socs2",40,50,46,24
"5730420D15Rik",2,1,2,1
"Mrpl42",1081,1622,753,470
"ENSMUSG00000144145",0,3,0,1
"ENSMUSG00000144178",1,3,0,0
"Ube2n",666,845,426,309
"Nudt4",1108,1652,716,520
"Gm47708",8,12,2,5
"4732465J04Rik",1,5,0,0
"Eea1",267,384,182,140
"4930459C07Rik",0,2,0,1
"Btg1",272,395,177,162
"ENSMUSG00000123402",1,3,4,1
"Dcn",1056,1823,958,743
"Lum",4,16,3,5
"Atp2b1",472,650,335,248
"ENSMUSG00000131749",3,1,0,0
"Gm48768",8,4,7,3
"Poc1b",34,41,18,17
"Galnt4",15,19,5,9
"Gm34777",3,6,5,1
"Gm56965",3,0,2,1
"Dusp6",76,100,63,34
"Gm34921",1,0,2,0
"B530045E10Rik",7,8,3,7
"Kitl",40,50,27,22
"Tmtc3",57,65,30,35
"Cep290",119,192,87,42
"Rlig1",29,55,24,12
"Gm47223",0,2,1,0
"Mettl25",7,12,7,7
"Ccdc59",392,585,323,205
"Ppfia2",17,23,9,6
"Ptprq",0,3,2,1
"Ppp1r12a",307,488,212,159
"Pawr",141,151,71,53
"ENSMUSG00000135315",154,198,86,71
"Gm36283",4,3,0,0
"Gm36440",19,28,8,10
"Nav3",105,136,58,61
"ENSMUSG00000139757",0,2,2,0
"E2f7",53,95,46,30
"Csrp2",352,512,227,169
"Zdhhc17",34,40,20,16
"Rpl6l",62,86,42,27
"Osbpl8",38,38,19,14
"Gm57006",2,0,2,2
"Bbs10",6,11,8,6
"Nap1l1",1847,2664,1358,845
"Gm25117",2,0,1,2
"Phlda1",680,942,493,296
"Gm28592",2,1,0,0
"Gm30262",1,3,2,0
"Krr1",132,175,74,70
"Glipr1",77,109,59,52
"Atxn7l3b",482,728,320,212
"Gm26596",1,2,2,1
"Tbc1d15",162,274,116,85
"Rab21",301,498,237,157
"ENSMUSG00000142678",1,0,1,1
"Tmem19",64,105,43,27
"Thap2",81,132,67,44
"Zfc3h1",48,75,52,23
"A130012E19Rik",18,29,13,11
"Gm8960",1,0,0,1
"Tspan8",7,7,1,3
"Ptprb",1,1,0,0
"Cnot2",203,236,122,100
"5330438D12Rik",23,24,12,13
"Gm49344",4,8,5,3
"Gm46203",1,1,1,0
"4930579P08Rik",0,0,0,1
"ENSMUSG00000124607",4,0,0,1
"Rab3ip",255,376,191,126
"4933412E12Rik",50,70,47,27
"ENSMUSG00000137590",1,0,1,0
"Gm5781",1,1,0,0
"Cct2",2482,3484,1669,1107
"Frs2",63,76,46,34
"ENSMUSG00000135261",0,3,0,0
"ENSMUSG00000135225",2,3,1,3
"Yeats4",322,445,246,154
"ENSMUSG00000143078",2,8,3,4
"Gm48772",3,0,0,0
"Lyz2",9,11,3,6
"Cpsf6",316,428,246,164
"Gm48903",1,1,1,0
"Mdm2",105,142,78,60
"Gm56970",0,6,1,0
"Slc35e3",12,27,13,10
"Nup107",115,151,67,46
"Rap1b",593,828,397,311
"ENSMUSG00000141039",0,0,0,2
"Mdm1",20,29,11,9
"Dyrk2",114,147,99,55
"4932442E05Rik",1,1,0,1
"Gm38403",3,0,0,0
"Gm33677",57,97,47,22
"Gm47480",1,3,25,7
"Cand1",198,275,149,83
"Gm56994",1,5,2,3
"4930477N07Rik",26,22,8,12
"ENSMUSG00000133394",2,4,1,3
"1700025F24Rik",29,26,22,6
"Grip1os3",2,1,4,2
"Helb",28,28,16,12
"ENSMUSG00000137152",1,2,1,0
"Tmbim4",274,372,205,146
"ENSMUSG00000139867",5,5,7,1
"Llph",892,1238,562,432
"1700006J14Rik",47,53,20,23
"Hmga2",789,1088,429,345
"9230105E05Rik",5,11,5,2
"Mir763",21,22,11,9
"ENSMUSG00000126915",53,69,38,39
"ENSMUSG00000129385",11,21,7,10
"4930471E19Rik",8,20,11,2
"ENSMUSG00000136480",1,7,1,3
"ENSMUSG00000136520",1,3,0,1
"ENSMUSG00000136560",1,1,1,1
"Msrb3",60,77,32,22
"Gm15910",3,10,8,3
"Gm4473",2,10,1,1
"Lemd3",30,30,19,11
"ENSMUSG00000128086",1,6,4,1
"Gm4478",0,2,0,0
"Gns",98,130,63,47
"Rassf3",39,56,32,17
"Gm40787",6,13,6,0
"Tbk1",50,64,43,33
"Xpot",131,196,89,58
"ENSMUSG00000123633",14,21,11,4
"Kics2",13,10,6,2
"Rxylt1",105,135,81,56
"Gm9081",1,1,0,0
"Ppm1h",5,3,1,1
"ENSMUSG00000121658",13,18,5,4
"D630033A02Rik",7,7,5,1
"Mon2",41,69,36,18
"Usp15",195,313,165,101
"Gm4129",2,3,2,3
"ENSMUSG00000141008",2,0,0,1
"Lrig3",38,53,32,17
"Atp23",111,139,81,47
"Gm56949",0,2,0,1
"Ctdsp2",208,329,162,127
"Avil",2,2,0,0
"Tsfm",348,528,253,156
"Eef1akmt3",1,3,0,4
"Mettl1",243,324,152,105
"Cyp27b1",1,0,0,0
"Marchf9",60,89,36,39
"Cdk4",1590,2295,1022,764
"Tspan31",12,15,0,2
"A730063M14Rik",8,11,11,3
"Os9",120,152,96,58
"ENSMUSG00000142880",1,4,1,0
"B4galnt1",3,6,4,9
"Slc26a10",2,2,2,3
"Gm57007",13,20,6,5
"Arhgef25",7,18,7,5
"Dtx3",56,92,51,42
"Pip4k2c",40,55,33,11
"Dctn2",515,732,366,240
"Mbd6",28,51,32,20
"Gm20492",3,4,0,4
"Gm4189",5,6,3,3
"Ddit3",128,215,122,81
"Mars1",246,371,153,114
"Arhgap9",38,49,22,18
"Gli1",7,9,5,1
"R3hdm2",113,142,84,56
"Stac3",2,3,0,2
"Shmt2",524,666,364,187
"Nxph4",5,6,2,3
"Lrp1",334,553,227,174
"Stat6",91,146,63,35
"Nab2",63,99,39,27
"Nemp1",26,45,19,18
"Gm16230",1,3,0,0
"Zbtb39",8,11,5,4
"Gm10120",49,67,37,22
"Prim1",182,267,105,88
"ENSMUSG00000127090",2,3,3,0
"ENSMUSG00000127128",0,0,0,2
"Naca",7316,10571,4899,3472
"Gm47438",27,25,17,9
"Ptges3",1018,1413,681,462
"Atp5f1b",3242,4729,2496,1602
"Baz2a",61,100,35,27
"Rbms2",271,401,222,140
"Gls2",16,23,13,4
"Gm52965",0,2,2,1
"Spryd4",21,32,14,11
"Mip",3,4,5,1
"Timeless",94,130,59,48
"ENSMUSG00000135229",1,0,1,0
"Stat2",41,66,29,28
"Il23a",2,1,2,1
"Pan2",22,25,17,9
"Cnpy2",480,677,337,265
"Cs",225,350,156,114
"ENSMUSG00000135892",11,8,0,0
"Coq10a",38,59,27,29
"Ankrd52",22,26,14,8
"Gm17201",0,3,0,2
"Nabp2",371,534,283,201
"Rnf41",41,51,29,22
"Smarcc2",114,195,100,75
"Myl6",1623,2522,1212,775
"A430046D13Rik",7,8,5,8
"Myl6b",3,3,3,3
"Esyt1",96,107,54,47
"ENSMUSG00000123730",55,57,24,16
"Zc3h10",24,18,14,7
"Rpl41",27927,40535,19449,13425
"Pa2g4",1253,1897,915,568
"Erbb3",3,2,7,3
"Rps26",11027,15923,7648,5206
"Suox",11,19,8,13
"Gm6336",0,0,2,0
"Rab5b",57,73,30,27
"Cdk2",52,67,35,25
"Pmel",5,8,3,2
"Dgka",12,15,4,7
"Gm31504",0,2,0,2
"Pym1",59,98,46,32
"Rpsa-ps2",5,6,4,1
"Mmp19",2,5,2,0
"Tmem198b",2,0,0,0
"Dnajc14",35,70,39,24
"Sarnp",629,887,449,354
"Ormdl2",2,2,4,2
"Gdf11",18,27,10,17
"Cd63",4129,6349,2937,2217
"Rdh5",4,4,7,1
"Bloc1s1",29,54,22,13
"Itga7",3,3,2,1
"Tmt1b",10,7,4,1
"ENSMUSG00000127327",0,2,1,2
"ENSMUSG00000129753",2,5,4,4
"Gm31793",5,3,0,3
"ENSMUSG00000121500",112,191,86,86
"Sfi1",8,14,14,6
"ENSMUSG00000143030",15,14,3,8
"Drg1",521,722,298,254
"Gm12735",1,3,0,2
"Eif4enif1",196,263,116,91
"ENSMUSG00000137219",2,3,3,2
"Patz1",62,90,38,29
"Gm12592",0,3,0,0
"Pik3ip1",13,15,11,17
"Limk2",84,127,54,47
"ENSMUSG00000140627",2,5,1,0
"Rnf185",32,42,21,19
"8430429K09Rik",26,33,27,23
"Gm11945",0,1,3,1
"Selenom",713,1064,493,376
"Smtn",178,252,100,96
"Tug1",112,176,104,77
"Morc2a",51,70,46,27
"Osbp2",1,2,0,0
"4921536K21Rik",4,4,4,0
"Dusp18",120,193,87,69
"Slc35e4",198,241,118,76
"Pes1",304,485,210,168
"Mtfp1",32,45,14,10
"Sec14l2",6,8,6,5
"ENSMUSG00000130271",1,1,1,0
"Rnf215",79,114,56,33
"Ccdc157",18,20,10,11
"Sf3a1",339,426,242,170
"Tbc1d10a",127,160,83,56
"Castor1",86,135,57,38
"Lif",64,97,56,32
"Gm11958",19,17,9,7
"ENSMUSG00000126372",8,4,3,1
"Hormad2",14,19,12,6
"ENSMUSG00000123691",0,3,0,1
"Mtmr3",80,73,64,33
"ENSMUSG00000126736",1,1,0,0
"ENSMUSG00000121829",8,6,6,6
"Ascc2",71,100,54,48
"ENSMUSG00000138116",34,40,28,18
"Uqcr10",2394,3481,1734,1142
"Zmat5",70,112,66,41
"Cabp7",8,5,7,2
"Nf2",107,128,65,49
"Thoc5",141,217,123,74
"AA413626",2,0,2,2
"Ap1b1",106,127,82,56
"Gas2l1",147,195,109,68
"Rasl10a",7,13,7,2
"ENSMUSG00000135262",4,10,7,3
"Ewsr1",510,719,358,244
"Rhbdd3",50,102,37,36
"ENSMUSG00000135307",12,12,1,1
"Kremen1",34,44,21,8
"ENSMUSG00000122750",7,4,5,1
"Znrf3",100,204,86,75
"ENSMUSG00000128901",0,2,0,4
"Gm57349",5,9,5,2
"Xbp1",390,558,276,223
"Ccdc117",44,49,16,21
"ENSMUSG00000143033",2,2,4,2
"ENSMUSG00000140105",19,26,13,8
"Gm11964",1,3,1,0
"Mrps24",1943,2799,1382,882
"Urgcp",73,102,45,32
"ENSMUSG00000139756",3,5,3,3
"Ube2d-ps",261,373,169,133
"Gm57397",47,49,16,16
"Dbnl",227,359,201,124
"Polm",43,70,25,14
"Aebp1",355,510,290,206
"Pold2",433,591,251,196
"Ykt6",174,248,125,89
"Camk2b",3,1,1,3
"ENSMUSG00000141158",2,2,1,1
"Nudcd3",404,507,253,181
"Rps15a-ps6",10,11,8,2
"Gm11969",4,3,2,2
"Gm11401",2,4,0,1
"Ddx56",241,398,208,113
"Tmed4",185,315,150,108
"ENSMUSG00000125843",0,3,3,0
"Ogdh",329,402,217,180
"Zmiz2",129,141,90,45
"ENSMUSG00000122294",0,3,1,0
"Ppia",9736,13773,7021,4672
"H2az2",1285,1864,971,742
"Gm11970",1,1,1,0
"Purb",828,1202,555,377
"Myo1g",3,1,0,0
"Snhg15",322,460,232,161
"Ccm2",241,352,181,116
"ENSMUSG00000142023",4,8,4,3
"Tbrg4",219,291,125,92
"Gm24313",1,1,2,3
"D030016M11Rik",9,11,10,4
"Ramp3",123,148,110,74
"ENSMUSG00000140896",3,3,2,1
"Tns3",211,263,129,123
"ENSMUSG00000134897",7,23,10,19
"Hus1",62,59,35,33
"Upp1",117,124,79,62
"Gm11993",2,2,0,0
"ENSMUSG00000139102",11,22,6,3
"Fignl1",187,252,132,93
"1700042O10Rik",0,1,0,0
"Gm12005",0,1,0,0
"Sec61g",2565,3742,1770,1226
"Egfr",42,81,29,30
"Egfros",3,7,3,4
"Eldr",27,55,28,16
"Fbxo48",3,5,5,3
"Gm12013",0,1,1,1
"Ppp3r1",159,256,117,67
"Dnaaf10",79,105,53,28
"Pno1",493,682,301,222
"C1d",666,963,456,348
"Etaa1",185,256,129,81
"Etaa1os",13,20,7,8
"Gm12017",4,3,0,0
"Meis1",23,15,17,17
"Gm37818",1,1,0,0
"2900018N21Rik",0,2,0,0
"2610001A08Rik",1,0,2,2
"Gm16141",1,1,0,1
"ENSMUSG00000129967",0,6,2,3
"Spred2",134,139,89,55
"ENSMUSG00000124272",0,2,1,0
"ENSMUSG00000138478",1,2,1,0
"Actr2",325,521,276,190
"ENSMUSG00000122851",2,1,0,1
"Gm12031",2,1,3,2
"Rab1a",616,818,410,291
"Cep68",58,89,36,42
"ENSMUSG00000131270",1,2,0,0
"Slc1a4",56,64,35,21
"ENSMUSG00000123939",1,4,2,2
"ENSMUSG00000141258",0,3,0,0
"Sertad2",280,332,176,125
"ENSMUSG00000124033",0,4,3,4
"Aftph",149,186,98,60
"Gm12036",1,6,3,1
"4930434J08Rik",5,7,5,1
"ENSMUSG00000129234",2,1,0,0
"Lgalsl",220,371,168,102
"ENSMUSG00000129343",1,3,2,0
"Peli1",150,203,106,73
"ENSMUSG00000125152",0,3,1,0
"Vps54",101,86,52,36
"Gm12042",1,1,1,1
"Ugp2",166,244,144,94
"Gm12043",9,10,3,4
"Mdh1",1435,2027,1016,704
"Wdpcp",1,5,3,1
"Otx1",8,14,10,3
"ENSMUSG00000125021",1,1,0,0
"Ehbp1",24,36,17,8
"ENSMUSG00000134323",0,1,2,0
"Tmem17",72,97,52,34
"Gm12056",0,1,0,1
"B3gnt2",5,12,3,1
"9130230N09Rik",6,20,10,4
"Commd1",870,1185,591,421
"ENSMUSG00000133475",8,8,3,1
"ENSMUSG00000121808",18,21,13,13
"Cct4",2022,2701,1347,863
"ENSMUSG00000135206",17,21,9,12
"Fam161a",1,2,2,2
"Gm12059",10,14,5,6
"Xpo1",338,456,212,164
"Usp34",403,576,278,206
"Ahsa2",85,113,52,48
"1700030C12Rik",2,2,1,0
"Selenok-ps1",3,3,0,1
"Sanbr",109,111,44,44
"Pex13",177,268,130,93
"Pus10",77,79,47,34
"Rel",67,84,35,35
"Papolg",17,23,9,9
"Gm12061",2,1,0,0
"6820445E23Rik",3,3,2,2
"Fancl",100,137,54,48
"Gm12713",2,1,0,1
"Vrk2",28,45,13,20
"Gm6899",3,2,2,2
"Rpsa-ps5",1,2,1,1
"ENSMUSG00000123284",0,1,1,0
"Pnpt1",99,186,100,66
"A630052C17Rik",4,9,5,4
"Ppp4r3b",217,320,153,113
"Cfap36",275,415,209,157
"Ccdc88a",341,459,208,158
"Prorsd1",130,191,98,73
"Gm12089",7,1,1,0
"Gm57396",2,2,1,2
"Mtif2",85,142,78,58
"Rps27a",20249,28237,14129,9516
"Gm12091",2,1,1,0
"Gm12092",3,6,1,3
"Gm12093",0,0,1,1
"Rtn4",1710,2309,1125,864
"Eml6",0,6,1,3
"Fem1al",2,0,1,2
"Gm12094",2,2,3,4
"Sptbn1",748,1026,553,379
"Gm29237",0,1,0,2
"Gm8098",9,16,7,6
"Acyp2",54,82,32,40
"Gm12097",4,0,0,1
"Gm57374",3,8,7,1
"Psme4",201,260,139,99
"Asb3",66,92,52,25
"Erlec1",242,332,184,121
"Chac2",91,144,79,31
"ENSMUSG00000139099",1,1,1,2
"Bod1",689,959,474,321
"Gm57394",1,5,3,4
"D630024D03Rik",1,0,1,0
"ENSMUSG00000129238",1,2,1,0
"Gm57354",1,1,0,0
"Cpeb4",26,31,26,20
"ENSMUSG00000136016",1,0,0,0
"Gm12109",2,0,0,0
"Snrnp25",285,341,171,126
"Rhbdf1",98,140,55,37
"Nprl3",53,68,42,35
"Mpg",15,15,12,5
"Hba-a1",0,2,1,0
"Sh3pxd2b",58,112,46,28
"Ubtd2",73,91,51,30
"ENSMUSG00000136089",7,1,3,3
"Efcab9",1,4,1,0
"Stk10",28,38,21,8
"Fbxw11",141,207,114,98
"Gm12111",4,3,2,0
"Rpsa-ps4",0,0,0,2
"Fgf18",1,5,1,1
"Npm1",17529,24003,12079,8773
"ENSMUSG00000139257",3,8,0,1
"Spdl1",220,287,152,104
"ENSMUSG00000142449",2,3,1,0
"Pank3",82,111,70,52
"Rars1",944,1353,634,442
"Wwc1",74,89,40,47
"ENSMUSG00000133858",1,1,0,1
"Mat2b",231,330,168,130
"Hmmr",455,714,382,249
"Nudcd2",960,1400,644,413
"Ccng1",94,171,71,55
"Hspd1-ps3",19,27,15,7
"Gabra1",3,1,0,0
"ENSMUSG00000136278",6,7,6,5
"Gm12148",1,1,0,0
"Pttg1",229,378,171,122
"Slu7",231,354,188,105
"ENSMUSG00000130384",5,15,4,9
"Pwwp2a",65,90,52,29
"Ttc1",337,469,221,153
"Adra1b",4,2,1,3
"Ublcp1",195,285,132,105
"ENSMUSG00000140508",0,1,2,0
"ENSMUSG00000139692",6,7,4,3
"Rnf145",30,49,27,22
"Ebf1",265,369,169,151
"Gm12158",8,12,5,3
"Clint1",392,575,284,180
"ENSMUSG00000134222",6,9,5,6
"Lsm11",132,176,70,66
"Thg1l",34,65,31,27
"ENSMUSG00000126453",1,1,1,0
"ENSMUSG00000126490",0,1,0,0
"Sft2d1rt",4,6,3,2
"Adam19",26,38,16,8
"Med7",229,281,163,115
"Gm12168",5,4,3,1
"Sgcd",61,85,52,25
"Gm12176",2,0,0,1
"Gm12182",3,8,1,0
"Gm12183",3,5,7,1
"Rack1",10538,14667,7386,5135
"Trim41",58,80,46,40
"ENSMUSG00000135932",4,1,3,3
"Cdk2ap1rt",12,25,11,4
"Trim7",5,5,5,1
"Irgm1",154,202,122,75
"ENSMUSG00000142640",3,3,2,4
"Gm12185",0,1,2,0
"Psme2b",47,70,33,17
"9930111J21Rik1",4,6,3,0
"ENSMUSG00000127726",1,0,0,1
"Tgtp1",1,5,3,0
"9930111J21Rik2",134,178,87,56
"Or2v1",0,1,0,1
"Tgtp2",5,6,6,5
"Ifi47",228,334,186,106
"ENSMUSG00000139247",10,9,11,6
"Gm57410",0,3,1,0
"Zfp62",41,35,21,20
"Gm57328",2,2,4,0
"Mgat1",89,136,64,60
"Cnot6",223,303,149,115
"Gm36411",10,9,3,6
"ENSMUSG00000122220",15,27,16,7
"Mapk9",95,140,61,49
"Rnf130",1,1,0,1
"Tbc1d9b",74,85,47,49
"Gm12195",0,2,0,0
"Mrnip",12,13,5,2
"Sqstm1",718,982,591,460
"Mgat4b",233,342,189,120
"Maml1",35,48,24,21
"Canx",1195,1671,926,632
"Gm46280",7,16,6,8
"ENSMUSG00000131997",2,0,2,0
"Hnrnph1",535,678,369,264
"Rufy1",110,147,74,58
"Zfp354c",4,5,8,2
"Platr20",8,17,6,6
"Msantd5l",1,0,2,0
"Clk4",104,170,88,54
"Gm57387",2,1,1,1
"Phykpl",97,133,71,39
"Hnrnpab",2574,3756,1759,1214
"ENSMUSG00000123339",3,1,0,0
"ENSMUSG00000123299",1,3,1,0
"Nhp2",1945,2713,1238,902
"Rmnd5b",92,119,63,45
"N4bp3",42,74,26,23
"D930048N14Rik",11,7,6,6
"Trappc2b",202,356,170,91
"Sec24a",73,101,34,26
"Sar1b",570,797,432,250
"Jade2",50,86,49,24
"ENSMUSG00000127043",7,7,4,1
"ENSMUSG00000127086",3,5,4,2
"ENSMUSG00000143456",2,6,1,1
"ENSMUSG00000138673",1,1,0,0
"Gm39822",2,4,1,0
"ENSMUSG00000124699",1,0,0,0
"Cdkn2aipnl",425,572,275,185
"Ube2b",1025,1394,768,514
"Gm12204",1,1,1,1
"Cdkl3",10,22,14,12
"Ppp2ca",1127,1621,837,566
"ENSMUSG00000121382",1,6,4,2
"ENSMUSG00000134341",3,1,0,0
"Skp1",534,737,372,267
"Tcf7",20,28,26,11
"Gm57370",7,5,1,3
"Vdac1",1516,2016,1034,742
"9530068E07Rik",308,455,240,177
"ENSMUSG00000127551",3,5,1,0
"Hspa4",1084,1472,720,514
"Zcchc10",172,221,112,83
"ENSMUSG00000138180",1,2,1,1
"Aff4",215,309,173,121
"ENSMUSG00000139873",4,8,7,4
"Uqcrq",2837,4165,1987,1248
"Gdf9",4,0,0,0
"ENSMUSG00000072963",2,6,2,3
"Shroom1",8,6,1,5
"Gm12212",3,3,0,0
"Septin8",207,282,154,121
"A430108G06Rik",0,1,1,0
"Kif3a",214,300,165,110
"Rps2-ps4",1,6,2,0
"Rad50",720,1055,496,359
"ENSMUSG00000132355",0,4,1,2
"Gm12216",47,68,29,34
"ENSMUSG00000139753",0,3,0,0
"Irf1",166,186,131,85
"Gm17334",51,90,43,24
"Slc22a5",2,1,2,0
"ENSMUSG00000124124",1,3,1,0
"Slc22a21",11,10,6,1
"ENSMUSG00000137923",2,2,0,1
"Slc22a4",28,26,15,8
"Pdlim4",337,389,199,160
"P4ha2",124,155,86,76
"Gm12222",1,2,0,0
"Acsl6",53,72,41,24
"Meikin",2,2,2,0
"Fnip1",105,156,84,62
"ENSMUSG00000124096",3,4,4,2
"Rapgef6",168,218,105,60
"Cdc42se2",97,180,75,45
"ENSMUSG00000140015",1,1,0,1
"Gm12229",0,1,0,2
"Lyrm7",13,27,13,8
"Gm57377",4,7,2,3
"Hint1",9823,13581,6774,4594
"Tnip1",152,206,117,77
"Ccdc69",18,24,10,6
"Gm2a",53,84,47,29
"Atp5pb-ps",7,12,7,0
"Slc36a2",0,2,0,1
"Slc36a1",5,19,9,8
"Sparc",4310,6150,3331,2326
"Atox1",1897,2615,1366,900
"G3bp1",1525,2183,1032,726
"Glra1",1,3,1,1
"Fam114a2",347,510,240,174
"Mfap3",86,133,58,38
"Galnt10",31,43,30,18
"ENSMUSG00000143422",3,8,2,1
"2010001A14Rik",13,32,8,6
"Sap30l",490,724,351,256
"Gm12244",1,2,2,0
"ENSMUSG00000136047",2,1,0,0
"Gm57340",7,3,4,1
"Larp1",572,822,410,281
"ENSMUSG00000137237",54,84,36,36
"Faxdc2",1,2,0,0
"Gm57333",3,1,3,0
"ENSMUSG00000123787",1,6,1,0
"Cnot8",172,204,115,74
"Gemin5",137,178,80,65
"Gm12246",3,2,5,1
"Mrpl22",231,339,187,118
"Gm12250",16,12,15,1
"Igtp",125,242,134,81
"Irgm2",18,20,8,9
"ENSMUSG00000122406",5,19,5,3
"Zfp692",22,52,10,15
"1700047K16Rik",0,4,0,1
"Zfp672",105,147,67,62
"Sh3bp5l",24,43,30,22
"Gm12251",12,14,10,7
"Gm12254",65,63,24,25
"Gm12258",5,8,0,5
"Gm12259",2,0,0,0
"2810021J22Rik",15,26,4,7
"Gm12256",2,1,1,0
"Zfp39",9,20,5,5
"Rnf187",911,1354,646,395
"H2ac25",20,43,16,19
"2310058D17Rik",15,14,12,9
"Trim11",33,53,25,21
"Iba57",8,14,4,4
"Gjc2",3,0,1,0
"Guk1",817,1035,502,347
"2610507I01Rik",14,28,10,10
"Mrpl55",490,697,324,224
"ENSMUSG00000142517",1,5,2,3
"2310033P09Rik",58,104,38,41
"ENSMUSG00000142475",2,1,0,2
"Arf1",302,401,198,145
"Gm57335",1,1,0,0
"Wnt9a",27,35,23,17
"Gm15755",0,1,1,2
"Snap47",377,495,246,178
"Jmjd4",24,48,9,12
"Zfp867",22,31,16,16
"Zkscan17",59,106,47,48
"4933439C10Rik",31,45,19,14
"Mprip",586,769,427,291
"Gm12264",0,3,2,0
"Pld6",4,5,0,0
"Flcn",43,68,27,31
"Gm16062",20,27,16,12
"Cops3",222,338,139,89
"Nt5m",136,180,85,65
"Med9os",12,11,2,0
"Med9",327,516,261,167
"Rasd1",1,2,2,0
"Pemt",46,69,39,17
"Rai1",57,77,30,25
"ENSMUSG00000127874",1,7,1,0
"Srebf1",92,126,69,57
"Tom1l2",12,20,13,11
"Drc3",1,4,4,1
"Atpaf2",109,157,69,57
"Gid4",147,174,91,64
"Drg2",215,294,140,101
"Alkbh5",361,498,253,177
"Llgl1",41,56,24,22
"Flii",232,330,148,117
"Mief2",20,27,10,8
"Top3a",30,46,17,16
"Smcr8",18,28,14,8
"Shmt1",135,211,86,68
"Dhrs7b",189,255,153,104
"Tmem11",346,540,263,167
"Gm57385",15,24,10,5
"Natd1",13,27,15,8
"Map2k3os",4,16,7,3
"Map2k3",361,444,252,183
"Usp22",131,191,86,69
"Rps13-ps5",1,1,0,0
"Aldh3a2",63,67,44,18
"Gm45605",2,1,1,1
"Mfap4",0,0,2,0
"Mapk7",45,77,33,30
"B9d1os",1,2,1,1
"B9d1",137,192,92,69
"Epn2",247,318,164,111
"ENSMUSG00000131508",12,14,21,6
"Grap",21,24,14,6
"Fam83g",15,18,13,6
"Prpsap2",108,164,78,71
"Ulk2",54,61,42,26
"ENSMUSG00000135955",12,13,5,6
"Gm26964",0,1,0,0
"A530017D24Rik",4,5,3,6
"Akap10",23,46,17,12
"Specc1",785,1119,513,402
"Adora2b",12,28,12,5
"Zswim7",199,270,124,99
"Ttc19",242,333,134,122
"Ncor1",825,1175,506,384
"Gm12276",2,0,1,1
"Pigl",18,13,6,6
"Cenpv",551,732,369,294
"Gm12279",21,33,22,8
"Ubb",2930,4283,2208,1463
"Gm12280",1,1,0,0
"Trpv2",15,14,12,8
"2410006H16Rik",2517,3513,2025,1359
"Lrrc75a",33,38,16,13
"Lrrc75aos2",2,0,3,1
"Mmgt2",146,188,103,76
"Zfp287",13,11,3,3
"Trim16",143,166,83,74
"Fbxw10",6,8,4,0
"Tvp23b",216,295,187,101
"Tvp23bos",1,1,2,1
"Cdrt4",0,5,2,1
"Cdrt4os1",1,0,0,2
"Pmp22",8,10,6,6
"ENSMUSG00000124214",0,2,0,1
"Cox10",112,171,72,55
"Gm57391",4,2,2,0
"2810001G20Rik",79,118,60,50
"Elac2",92,143,67,46
"Arhgap44",1,1,0,1
"ENSMUSG00000136331",2,2,0,0
"Map2k4",98,161,92,55
"Zkscan6",25,27,18,15
"Tmem220",2,4,7,3
"Adprm",41,89,56,21
"Sco1",43,68,19,23
"Myh1",0,0,0,1
"ENSMUSG00000126952",10,11,6,0
"ENSMUSG00000144109",48,91,49,19
"Gas7",76,117,62,33
"Rcvrn",0,2,1,0
"Stx8",199,260,129,90
"C78197",3,0,0,0
"ENSMUSG00000126332",3,2,1,2
"Ntn1",11,13,8,6
"Pik3r5",1,3,2,1
"Gm57353",1,5,3,0
"Myh10",116,172,99,95
"Ndel1",135,217,122,86
"ENSMUSG00000143969",8,7,8,6
"Rpl26",6457,9010,4572,3085
"ENSMUSG00000144090",9,15,3,0
"ENSMUSG00000144052",2,1,1,2
"Arhgef15",12,27,5,5
"Gm32273",62,77,42,43
"Slc25a35",8,8,5,2
"Rangrf",103,187,93,44
"Pfas",173,242,114,92
"Gm57403",9,16,4,3
"Ctc1",94,122,56,40
"ENSMUSG00000139037",0,5,0,0
"Aurkb",470,785,333,206
"9330160F10Rik",2,7,1,0
"Borcs6",55,68,46,29
"Gm57412",2,9,4,1
"Tmem107",133,205,86,59
"Snord118",2,6,4,1
"ENSMUSG00000135965",0,2,0,0
"Vamp2",78,113,50,46
"ENSMUSG00000126717",3,0,0,0
"Per1",30,28,14,13
"ENSMUSG00000126752",2,1,3,0
"ENSMUSG00000126838",0,0,2,1
"ENSMUSG00000126794",1,3,0,2
"9130213A22Rik",1,0,0,0
"Hes7",0,5,3,1
"Aloxe3",1,1,1,1
"Alox8",0,1,0,0
"Cntrob",32,46,17,12
"Trappc1",278,324,153,125
"Kcnab3",7,4,2,0
"Chd3",443,621,320,282
"ENSMUSG00000130286",1,4,1,1
"Cyb5d1",2,7,2,0
"Naa38",631,896,437,320
"Tmem88",7,4,1,0
"Kdm6b",88,151,90,38
"ENSMUSG00000130600",0,2,1,0
"Gm51903",2,0,0,1
"Dnah2os",1,1,1,0
"Efnb3",3,4,2,3
"Wrap53",79,118,69,55
"Trp53",980,1347,647,464
"Gm57392",1,1,1,0
"Sat2",30,39,15,12
"Fxr2",135,187,113,83
"Sox15",0,1,1,1
"Mpdu1",186,272,137,89
"ENSMUSG00000137776",0,3,1,1
"Cd68",18,30,12,13
"Eif4a1",3900,5368,2611,1884
"ENSMUSG00000137737",1,2,3,0
"Senp3",112,190,81,61
"Tnfsf13os",9,9,5,0
"Tnfsfm13",2,3,3,0
"Tnfsf12",148,221,109,90
"Polr2a",712,1013,510,321
"ENSMUSG00000133206",0,3,0,1
"Zbtb4",39,46,43,21
"Chrnb1",134,183,96,77
"Fgf11",19,20,9,4
"6720407P12Rik",51,78,39,30
"Tmem102",5,9,1,4
"Spem1",2,1,0,0
"Nlgn2",32,55,26,19
"Tmem256",829,1267,592,448
"Plscr3",134,205,101,87
"Tnk1",0,1,0,1
"Tmem95",4,4,0,1
"Kctd11",19,23,10,4
"Acap1",0,2,0,2
"2810408A11Rik",2,5,6,1
"Neurl4",41,55,31,24
"Gps2",189,295,145,99
"ENSMUSG00000129409",7,12,12,4
"Eif5a",375,524,263,171
"ENSMUSG00000129337",3,5,3,0
"Elp5",328,452,215,141
"Ctdnep1",467,700,305,244
"Gabarap",1675,2495,1222,957
"Phf23",201,232,158,105
"Dvl2",81,122,54,58
"Acadvl",106,153,66,44
"Dlg4",64,79,29,26
"Asgr1",1,4,1,1
"Slc16a11",2,3,3,0
"Slc16a13",34,43,21,16
"ENSMUSG00000135495",0,5,2,1
"Bcl6b",28,28,18,9
"ENSMUSG00000135539",0,2,0,0
"0610010K14Rik",234,340,156,101
"Gm21988",14,18,9,5
"ENSMUSG00000134819",0,4,3,0
"ENSMUSG00000135127",0,2,0,1
"Pelp1",259,374,162,122
"Arrb2",37,67,24,27
"Med11",115,166,76,59
"Cxcl16",155,191,121,64
"Zmynd15",10,3,2,4
"Psmb6",2861,3915,1876,1338
"Pld2",35,56,25,26
"ENSMUSG00000131404",1,2,0,2
"Mink1",34,57,26,20
"ENSMUSG00000140812",3,0,0,0
"Slc25a11",356,546,262,199
"Rnf167",102,147,52,44
"Pfn1",6273,8766,4066,2821
"1700029K24Rik",1,2,1,0
"Gm12319",1,6,0,2
"Eno3",188,223,163,70
"Spag7",71,85,53,26
"Camta2",31,56,25,12
"ENSMUSG00000137846",0,0,0,3
"ENSMUSG00000127745",1,1,0,0
"Inca1",15,22,12,6
"Kif1c",50,87,33,22
"Zfp3",18,21,12,6
"Rabep1",245,378,190,124
"Gm19967",2,2,2,2
"Rpl23a-ps2",11,7,7,3
"Nup88",283,405,160,118
"Rpain",87,133,70,62
"C1qbp",2176,3152,1421,1027
"Dhx33",39,63,23,15
"Derl2",368,584,310,175
"Mis12",89,141,73,30
"Aipl1",4,7,2,0
"Pimreg",356,539,259,175
"Pitpnm3",2,1,1,0
"4933427D14Rik",2,3,3,0
"4933427D14Rik.1",2,2,0,0
"Txndc17",1624,2234,1038,734
"Med31",220,291,185,107
"4930563E22Rik",6,6,4,1
"Xaf1",392,577,310,212
"Smtnl2",1,3,0,1
"Mybbp1a",980,1388,670,432
"Spns2",40,48,30,17
"ENSMUSG00000128666",2,3,1,0
"Spns3",13,27,6,6
"ENSMUSG00000123626",19,34,12,6
"Ube2g1",117,198,94,70
"Ankfy1",132,171,83,66
"Cyb5d2",31,52,31,34
"Zzef1",100,127,58,60
"Gm6733",1,3,0,0
"4732414G09Rik",0,1,1,0
"Camkk1",16,12,10,10
"Ncbp3",122,166,81,57
"Itgae",12,9,7,1
"Haspin",70,103,40,31
"ENSMUSG00000140438",2,4,2,0
"P2rx5",11,20,8,4
"Emc6",1196,1615,802,503
"Tax1bp3",211,306,128,137
"Ctns",18,19,11,12
"Shpk",7,12,7,0
"Trpv3",5,4,6,2
"Aspa",198,264,151,84
"Gm12328",15,16,6,5
"Rap1gap2",37,68,36,25
"Ccdc92b",0,2,1,1
"Cluh",150,220,78,52
"Pafah1b1",1131,1498,828,565
"Mettl16",257,366,156,116
"ENSMUSG00000142782",1,2,0,0
"Mnt",30,47,23,18
"Sgsm2",8,16,4,9
"Tsr1",94,127,65,37
"Srr",11,12,11,12
"Smg6",194,292,115,101
"Gm12333",6,7,10,3
"Rps12-ps19",0,0,2,2
"ENSMUSG00000138524",2,8,2,1
"Hic1",236,307,161,122
"1700016P03Rik",4,5,6,4
"Ovca2",9,8,10,4
"Dph1",0,1,0,0
"Rtn4rl1",8,13,5,7
"Rpa1",236,344,152,106
"ENSMUSG00000123270",1,5,2,1
"Smyd4",45,57,36,15
"Serpinf1",27,42,36,11
"ENSMUSG00000143115",0,0,0,0
"Wdr81",26,35,22,9
"Gm57332",2,6,2,4
"Mir22hg",40,61,39,32
"Tlcd2",3,5,3,0
"ENSMUSG00000128209",2,1,1,1
"Prpf8",433,619,331,222
"Rilp",11,11,10,3
"Gm45606",4,1,1,2
"Slc43a2",1,3,3,2
"Pitpna",914,1249,674,409
"4931413K12Rik",4,1,1,2
"Gm12338",5,15,6,5
"ENSMUSG00000123200",0,6,0,1
"Inpp5k",33,48,20,18
"Myo1c",297,363,204,120
"ENSMUSG00000123355",9,8,5,2
"ENSMUSG00000123273",0,1,0,1
"Crk",236,305,166,94
"Ywhae",4612,6332,3088,2172
"Rph3al",8,11,7,6
"ENSMUSG00000128954",0,3,0,2
"Rflnb",183,252,130,119
"Vps53",101,138,76,65
"Glod4",596,834,432,281
"Tlcd3a",36,35,19,13
"Gemin4",3,5,2,1
"Dbil5",3,2,1,1
"Mrm3",108,163,71,47
"Nxn",570,792,399,269
"Timm22",342,450,231,164
"Abr",75,113,58,27
"ENSMUSG00000122875",7,9,3,0
"Rpl36-ps2",8,5,5,1
"Gosr1",92,138,61,47
"Cpd",178,256,141,94
"ENSMUSG00000137848",1,23,6,6
"Blmh",393,513,256,178
"Nsrp1",598,886,495,290
"ENSMUSG00000125559",15,16,6,3
"Gm45027",2,4,3,0
"Ssh2",33,64,25,38
"Gm12346",9,18,7,7
"Coro6",5,7,4,2
"Ankrd13b",49,63,37,23
"ENSMUSG00000126356",3,2,0,0
"ENSMUSG00000123899",0,4,0,3
"ENSMUSG00000132820",0,2,1,0
"Git1",87,133,78,68
"Trp53i13",86,134,69,57
"ENSMUSG00000131702",0,1,1,0
"Abhd15",0,2,0,1
"Taok1",171,241,108,90
"ENSMUSG00000125365",35,40,31,17
"Nufip2",222,268,139,121
"Myo18a",138,170,99,58
"Gm10277",12,18,15,5
"ENSMUSG00000133842",2,0,0,0
"Phf12",50,68,43,20
"Dhrs13",131,184,91,67
"Flot2",127,189,86,70
"ENSMUSG00000129710",1,0,3,1
"Eral1",38,68,32,29
"Fam222b",56,98,43,26
"ENSMUSG00000129791",1,1,0,0
"Traf4",175,255,138,87
"Nek8",20,35,26,11
"Tlcd1",50,73,39,17
"Rpl23a",3293,4532,2260,1607
"ENSMUSG00000135902",3,8,4,2
"Rab34",566,855,391,307
"ENSMUSG00000135860",1,1,0,0
"Proca1",3,1,0,1
"Supt6",324,358,200,157
"Sdf2",178,298,172,96
"Bltp2",183,251,144,108
"Rskr",5,6,4,3
"Gm3948",2,1,0,1
"Spag5",77,122,76,49
"Aldoc",1,0,1,2
"Pigs",145,169,81,59
"Unc119",234,347,172,107
"Slc46a1",23,40,20,10
"Sarm1",6,5,0,4
"Tmem199",274,405,191,111
"Poldip2",597,830,429,311
"Tnfaip1",336,444,217,144
"Ift20",827,1213,610,448
"Tmem97",619,848,398,290
"Nlk",74,93,41,31
"ENSMUSG00000142011",7,3,1,0
"Ccnq",238,299,175,122
"Lyrm9",152,195,82,60
"Lgals9",505,764,352,228
"Ksr1",15,12,7,6
"ENSMUSG00000140758",3,2,1,0
"Wsb1",125,172,89,54
"ENSMUSG00000133379",1,1,1,2
"Gm57411",4,7,6,1
"Nf1",128,171,81,59
"Gm11199",2,3,1,0
"AU040972",2,0,0,1
"Omg",3,11,5,2
"Evi2",5,2,0,0
"Evi2a",19,53,22,13
"Rab11fip4",2,1,0,2
"Rab11fip4os1",3,3,3,4
"ENSMUSG00000139789",42,66,23,20
"Gm11205",2,1,2,0
"ENSMUSG00000142675",10,23,9,6
"ENSMUSG00000142767",2,4,3,3
"ENSMUSG00000142722",1,2,1,0
"9130204K15Rik",3,2,2,1
"Utp6",140,202,107,60
"Suz12",400,555,289,210
"Crlf3",169,228,119,83
"Atad5",93,128,83,76
"ENSMUSG00000125279",1,1,0,0
"Tefm",72,101,51,31
"Rnf135",16,24,18,13
"Rhot1",109,168,98,55
"Rhbdl3",12,16,13,8
"5730455P16Rik",66,128,52,29
"Gm57386",20,23,14,12
"Zfp207",545,731,364,247
"Psmd11",730,1050,553,381
"Cdk5r1",3,4,2,1
"Gm11419",3,3,0,2
"Gm31522",11,11,3,5
"Ccl2",14682,20532,10761,4814
"Ccl7",621,1333,883,243
"Cct6b",38,45,32,20
"Zfp830",99,159,69,56
"Gm11423",22,25,11,12
"Lig3",42,72,39,24
"Rffl",17,17,12,4
"ENSMUSG00000123662",1,1,0,2
"Rad51d",82,102,57,38
"Nle1",97,152,68,38
"1190001M18Rik",0,1,0,2
"Slfn9",171,197,94,93
"Slfn8",62,98,65,44
"ENSMUSG00000141070",1,1,1,0
"Gm11425",3,6,3,3
"Gm20234",14,24,10,13
"Slfn2",89,115,81,49
"Slfn3",20,25,12,9
"Slfnlnc",1,5,2,0
"AA465934",27,32,16,18
"Snord7",2,1,1,1
"Pex12",26,38,26,14
"Ap2b1",231,330,188,119
"Mmp28",2,4,2,2
"ENSMUSG00000128760",1,3,2,0
"Taf15",366,558,297,227
"Ccl5",392,1178,827,258
"ENSMUSG00000135451",0,0,2,0
"Ccl9",25,26,19,7
"Gm57372",11,10,10,2
"Heatr6",192,299,134,119
"Ddx52",372,508,282,180
"Synrg",71,103,60,35
"Dusp14",227,305,150,109
"Tada2a",167,246,113,80
"Acaca",88,130,77,48
"Aatf",236,329,162,96
"Lhx1os",2,2,2,1
"Mrm1",15,19,7,8
"Gm57399",20,26,10,6
"Dhrs11",8,12,9,4
"4930502E09Rik",4,5,2,3
"Ggnbp2",351,567,265,195
"Gm57352",60,87,27,27
"Pigw",32,32,13,8
"Myo19",34,32,23,13
"Znhit3",179,290,118,91
"Usp32",26,73,33,24
"Gm11440",6,8,0,0
"Rpl13-ps1",3,5,0,3
"Appbp2",207,366,161,109
"Appbp2os",16,12,3,3
"Gm57365",1,3,2,2
"Ppm1d",68,76,32,26
"Bcas3",20,35,19,16
"Bcas3os1",1,2,2,0
"Tbx2",6,21,3,1
"ENSMUSG00000124369",1,0,0,0
"Brip1",65,78,49,24
"Brip1os",766,1174,444,307
"Ints2",55,79,40,39
"Med13",103,135,79,61
"Gm56246",1,0,0,0
"Rnft1",182,318,154,106
"Rps6kb1",316,499,248,142
"Tubd1",20,26,23,14
"Gm9975",8,20,9,12
"ENSMUSG00000126616",5,14,9,2
"Vmp1",591,849,435,306
"ENSMUSG00000139803",2,11,4,3
"Gm11478",181,230,124,66
"Ptrh2",467,694,290,236
"Cltc",519,857,473,321
"Gm57355",13,18,9,6
"Dhx40",150,209,103,58
"ENSMUSG00000123342",131,214,121,69
"Ypel2",7,3,7,5
"Gdpd1",69,99,53,60
"ENSMUSG00000144081",1,3,0,1
"Smg8",55,83,41,29
"Prr11",62,101,48,27
"Ska2",115,163,79,56
"ENSMUSG00000134772",13,10,8,6
"Gm11491",3,7,5,3
"Trim37",64,105,52,41
"ENSMUSG00000141361",1,1,2,0
"Ppm1e",12,19,15,10
"ENSMUSG00000141440",1,3,1,0
"Rad51c",29,33,19,12
"Tex14",0,2,3,1
"ENSMUSG00000139007",0,0,1,1
"ENSMUSG00000143382",5,19,5,3
"Septin4",8,6,2,7
"Gm57408",4,1,1,1
"Mtmr4",57,118,43,40
"Rnf43",13,15,6,2
"1110028F11Rik",0,0,0,2
"Supt4a",678,946,487,362
"Mir142hg",222,338,156,132
"Tspoap1",7,16,7,1
"Mpo",5,5,1,3
"Mks1",6,5,2,2
"Dynll2",1175,1521,771,600
"Gm11508",52,91,35,44
"Srsf1",400,555,275,181
"Gm15892",13,16,10,6
"Vezf1",310,431,213,156
"Cuedc1",128,171,100,65
"ENSMUSG00000133710",2,5,0,0
"Mrps23",403,605,290,188
"Gm38534",1,1,1,0
"Msi2",129,172,93,79
"Gm15893",3,3,3,2
"Gm11510",5,8,4,7
"C030037D09Rik",11,12,11,5
"Akap1",100,145,62,55
"Scpep1",293,501,231,184
"Coil",56,97,36,31
"Gm11496",1,5,4,3
"Trim25",137,191,94,69
"ENSMUSG00000127218",1,3,2,0
"Dgke",17,32,14,10
"Gm11497",1,2,1,1
"Tmem100",1,1,2,1
"Smim36",121,162,93,58
"Mmd",156,275,148,107
"Hlf",52,80,58,41
"Stxbp4",6,7,3,6
"Cox11",11,21,6,5
"Tom1l1",9,18,5,8
"Utp18",387,535,271,165
"Mbtd1",67,82,53,24
"Nme2",51,70,35,23
"Nme1",4194,5595,2791,1742
"Spag9",247,351,168,145
"ENSMUSG00000131089",4,1,2,0
"B230206L02Rik",1,3,1,4
"Tob1",66,90,47,46
"Luc7l3",820,1097,523,382
"Ankrd40",278,348,150,117
"Abcc3",2,4,2,2
"Epn3",3,4,7,1
"Rsad1",25,57,19,18
"Acsf2",27,51,8,16
"Lrrc59",1079,1606,751,525
"Eme1",42,63,30,24
"Mrpl27",466,620,335,220
"Xylt2",34,62,31,26
"ENSMUSG00000143132",1,1,0,1
"ENSMUSG00000134746",1,0,2,0
"Col1a1",865,1365,800,487
"ENSMUSG00000140963",0,1,1,0
"Ppp1r9b",36,62,22,22
"ENSMUSG00000128610",0,3,1,2
"Samd14",52,67,34,30
"Pdk2",7,6,2,4
"Itga3",120,113,58,51
"Gm57362",3,6,2,1
"ENSMUSG00000129751",0,1,2,0
"Dlx4",26,41,16,16
"Dlx4os",9,9,5,6
"Kat7",224,345,136,123
"Gm11520",3,8,3,2
"Fam117a",14,18,11,4
"Slc35b1",426,610,319,215
"Spop",344,474,255,171
"Gm11522",0,2,0,0
"ENSMUSG00000130742",4,3,1,0
"ENSMUSG00000129124",15,19,25,8
"Phb1",244,316,155,134
"Zfp652os",3,3,1,0
"Zfp652",84,136,69,65
"Polr2k-ps",2,1,0,0
"ENSMUSG00000128170",0,2,2,0
"Gngt2",7,12,1,3
"Gm11527",0,0,4,0
"4833417C18Rik",3,1,1,3
"Igf2bp1",161,222,124,96
"Gm29202",2,2,0,1
"ENSMUSG00000133912",243,396,160,124
"Snf8",819,1112,595,398
"Ube2z",190,278,123,95
"Atp5mc1",3200,4304,2060,1334
"ENSMUSG00000140257",2,3,1,0
"Calcoco2",2,2,2,2
"ENSMUSG00000139998",17,28,9,11
"Gm53",47,78,41,30
"Hoxb5os",6,13,5,8
"Hoxb6",1,1,0,2
"Hoxb5",7,7,6,3
"ENSMUSG00000139924",0,4,0,2
"Hoxb4",2,2,0,2
"Gm11531",4,8,3,5
"Skap1",15,19,6,4
"Snx11",3,4,1,1
"ENSMUSG00000138462",33,38,11,23
"Cbx1",1150,1566,743,606
"ENSMUSG00000130701",0,1,0,0
"Nfe2l1",360,514,246,200
"Copz2",254,398,199,154
"Cdk5rap3",265,386,176,105
"D030028A08Rik",16,29,11,13
"Gm11525",8,0,0,0
"Pnpo",34,42,24,15
"Sp2",3,8,5,4
"ENSMUSG00000142067",2,1,2,6
"Scrn2",102,132,64,64
"Lrrc46",2,1,1,0
"Mrpl10",94,123,54,47
"Gm11574",1,3,0,0
"Osbpl7",27,27,11,9
"Tbkbp1",45,68,40,24
"Kpnb1",179,234,123,65
"Gm57404",10,22,6,2
"Npepps",354,403,211,155
"Gm11592",3,2,2,1
"Gm31005",1,3,0,2
"Mrpl45",437,554,303,234
"Socs7",47,51,33,23
"Gm57393",1,1,1,0
"Arhgap23",34,54,26,23
"4933428G20Rik",6,2,0,1
"Srcin1",4,2,2,0
"2410003L11Rik",4,2,1,0
"Epop",110,146,85,40
"Gm11613",5,4,4,1
"ENSMUSG00000138623",1,1,1,0
"Mllt6",44,44,35,19
"ENSMUSG00000124562",7,7,6,5
"Cisd3",155,191,89,69
"Pcgf2",106,139,56,55
"Psmb3",2730,3717,1897,1201
"Pip4k2b",45,60,31,23
"Cwc25",127,149,82,59
"ENSMUSG00000139534",2,5,1,1
"Atp5l2-ps",1,2,0,1
"Spmap1",0,3,0,0
"Rpl23",28709,39566,19823,13981
"Lasp1",432,647,329,222
"B230217C12Rik",35,36,19,9
"Fbxo47",3,1,1,0
"Gm11630",4,8,5,2
"Plxdc1",7,13,8,5
"ENSMUSG00000134933",1,0,0,0
"ENSMUSG00000140402",11,16,3,3
"Arl5c",10,15,3,6
"Cacnb1",10,14,5,6
"ENSMUSG00000132252",4,0,1,1
"Rpl19",22253,31321,15645,10580
"ENSMUSG00000133555",3,2,1,2
"Fbxl20",21,30,17,18
"Med1",179,296,142,107
"Gm11604",0,2,3,0
"ENSMUSG00000122675",8,15,2,5
"Cdk12",269,374,170,146
"ENSMUSG00000122012",0,2,1,0
"Stard3",63,85,59,29
"ENSMUSG00000135920",0,1,0,1
"Pgap3",5,10,4,2
"Erbb2",39,58,24,16
"Mien1",345,543,287,196
"ENSMUSG00000127162",1,4,3,2
"Ormdl3",70,91,55,30
"Srsf3-ps",6,11,2,2
"Psmd3",719,947,510,368
"Med24",59,82,31,28
"Thra",183,236,112,84
"Gm57390",8,11,7,8
"Nr1d1",14,22,17,6
"ENSMUSG00000142959",2,6,4,3
"Msl1",100,167,80,63
"Gm12359",5,13,2,3
"Casc3",103,152,69,58
"Rapgefl1",2,3,2,0
"Wipf2",65,88,37,21
"Cdc6",121,173,75,49
"Rara",43,77,27,18
"Top2a",2024,2975,1322,1014
"Igfbp4",2492,3397,1605,1175
"Tns4",5,6,7,5
"Gm57398",2,3,2,0
"Smarce1",331,467,225,175
"Krt24",1,1,0,1
"Krt10",56,92,33,24
"Gm11940",2,4,3,1
"Krtap1-5",2,4,4,0
"Gm11560",7,9,9,3
"Krt19",0,1,1,0
"Gm11598",2,3,0,1
"Eif1",5584,7887,3988,2908
"ENSMUSG00000141373",5,2,1,3
"Hap1",93,152,81,54
"Gm10039",65,81,47,30
"Jup",167,255,135,103
"P3h4",186,253,142,101
"Fkbp10",301,428,223,168
"Nt5c3b",400,530,259,197
"Klhl10",3,4,0,1
"Klhl11",16,20,5,11
"Acly",317,448,238,159
"ENSMUSG00000142918",0,2,0,0
"Odad4",64,68,68,43
"Cnp",93,122,55,46
"Dnajc7",593,802,412,294
"Nkiras2",98,136,67,65
"Dhx58os",6,13,9,4
"Dhx58",75,111,68,31
"Kat2a",207,296,146,101
"Rab5c",423,594,344,219
"ENSMUSG00000134766",11,15,5,5
"Ghdc",51,55,22,11
"Stat5b",40,53,28,23
"Stat5a",26,29,21,8
"Stat3",69,97,59,55
"ENSMUSG00000140117",1,1,1,0
"Cavin1",301,418,212,133
"Gm57383",6,14,4,4
"ENSMUSG00000122402",3,5,7,2
"Atp6v0a1",71,91,52,42
"Gm57395",8,17,2,8
"Naglu",104,113,73,49
"Coasy",131,217,111,70
"Mlx",89,121,74,45
"Psmc3ip",153,244,120,68
"Retreg3",22,41,22,17
"Tubg1",395,570,264,157
"Plekhh3",67,77,34,41
"Cntnap1",10,19,10,10
"Ccr10",4,2,1,1
"Ezh1",40,41,20,21
"Ramp2",105,144,61,46
"Vps25",10,7,6,3
"Wnk4",4,12,3,4
"Coa3",717,1072,562,400
"Becn1",44,57,47,26
"Psme3",268,430,187,125
"Aoc2",9,12,9,1
"Aoc3",2,2,0,1
"ENSMUSG00000133351",0,2,1,1
"Gm27029",25,35,8,7
"Aarsd1",12,11,13,4
"Ptges3l",31,50,24,23
"Rundc1",13,22,18,6
"ENSMUSG00000133189",0,2,1,0
"Rpl27",2034,2845,1439,938
"Ifi35",401,604,326,193
"Vat1",304,474,200,175
"Rnd2",33,60,23,21
"Brca1",91,152,72,58
"Nbr1",74,118,70,42
"Tmem106a",37,74,43,30
"Ccdc200",3,1,1,1
"Rdm1",41,48,41,18
"Arl4d",4,8,6,5
"Dhx8",97,163,70,59
"Etv4",211,254,122,86
"Gm20659",0,0,1,0
"Dusp3",116,195,90,71
"Cfap97d1",1,2,0,0
"Mpp3",0,4,1,1
"Mpp2",10,10,5,6
"Tmem101",104,123,65,51
"Lsm12",1004,1490,657,485
"G6pc3",171,221,98,60
"Hdac5",81,132,67,54
"Hrob",77,109,51,33
"Tmub2",75,101,55,34
"Atxn7l3",54,78,46,27
"ENSMUSG00000134271",1,0,0,0
"Ubtf",322,494,259,169
"C030013E06Rik",16,15,4,2
"Bloodlinc",1,2,0,0
"Rundc3a",20,12,9,7
"Slc25a39",927,1374,690,458
"ENSMUSG00000125753",17,22,11,9
"ENSMUSG00000123981",5,2,2,1
"Grn",376,628,295,265
"Fam171a2",35,33,22,19
"Itga2b",6,9,7,3
"Gpatch8",233,321,171,115
"Gm11628",0,1,0,1
"ENSMUSG00000128269",3,14,5,2
"Gm11627",26,27,28,9
"Fzd2",281,474,258,155
"Gm11636",0,2,0,2
"2810433D01Rik",15,20,11,7
"Meioc",2,0,1,0
"Ccdc43",124,159,73,54
"ENSMUSG00000129712",5,5,1,3
"ENSMUSG00000129755",3,6,0,0
"Adam11",0,1,2,1
"Gjc1",232,352,187,130
"ENSMUSG00000140548",2,0,0,1
"Eftud2",72,80,54,25
"ENSMUSG00000140521",3,10,5,0
"Ccdc103",3,4,1,3
"Kif18b",50,53,30,28
"Dcakd",218,286,169,114
"Nmt1",1107,1518,719,506
"Plcd3",34,51,24,15
"Acbd4",36,50,28,24
"Gm57337",25,40,18,7
"Hexim1",73,91,55,33
"Gm57409",7,4,3,5
"Hexim2",24,26,17,15
"Fmnl1",19,25,15,18
"Map3k14",31,54,25,18
"1700028N14Rik",0,2,1,0
"Arhgap27",0,2,1,1
"Plekhm1",26,25,8,12
"Gosr2",199,305,150,79
"C130046K22Rik",5,5,4,0
"Nsf",138,183,96,58
"Gm8738",0,3,3,2
"Arf2",96,169,75,45
"Mapt",2,5,5,5
"Kansl1",162,250,128,98
"Gm57388",1,3,2,0
"Cdc27",126,193,81,61
"Myl4",4,4,10,3
"Itgb3",8,18,19,11
"Mettl2",107,173,67,56
"1700052K11Rik",24,43,13,16
"Tlk2",139,206,127,87
"ENSMUSG00000123421",14,21,15,7
"Mrc2",129,171,95,75
"Tanc2",59,110,56,50
"Gm11652",2,3,2,2
"Cyb561",79,94,68,48
"Gm9910",2,4,0,1
"Ace",1,2,3,1
"ENSMUSG00000143907",1,2,1,2
"Dcaf7",119,242,98,82
"Taco1os",14,18,16,10
"Taco1",33,40,20,13
"Gm57364",2,2,1,0
"Map3k3",45,56,26,23
"Gm11672",2,3,6,5
"Limd2",205,315,153,97
"Strada",45,77,51,23
"Ccdc47",334,490,236,189
"Ddx42",314,463,243,145
"Ftsj3",466,653,324,206
"Psmc5",1041,1502,730,495
"Gm23645",0,1,2,2
"Smarcd2",97,155,76,51
"ENSMUSG00000143916",2,1,2,0
"Tcam1",1,0,3,0
"Ern1",47,65,28,29
"Gm36220",89,109,58,40
"Tex2",21,27,14,12
"ENSMUSG00000133524",2,1,1,0
"ENSMUSG00000133454",0,2,1,1
"Pecam1",1,2,0,1
"Milr1",17,33,20,8
"Polg2",40,54,19,20
"Ddx5",2310,3388,1705,1164
"ENSMUSG00000130475",78,117,54,48
"Cep95",34,43,20,12
"Smurf2",113,170,64,50
"Kpna2",131,200,98,69
"Gm57415",18,37,10,7
"1810010H24Rik",7,19,7,1
"Bptf",549,796,389,284
"Nol11",348,473,232,143
"Pitpnc1",46,80,39,16
"Gm11716",2,2,2,4
"Gm11712",4,3,1,2
"Gm11713",3,2,1,2
"Psmd12",1636,2174,1091,681
"A830035A12Rik",0,3,3,1
"Helz",131,175,79,64
"Prkca",56,103,36,33
"ENSMUSG00000124751",0,2,0,0
"Gm11655",5,18,5,7
"Cep112",64,81,34,39
"Cep112os1",2,0,0,0
"Rpl23a-ps14",1,5,0,1
"Cep112it",1,4,2,0
"Axin2",16,16,11,9
"Gm11658",2,5,2,0
"Gm11696",9,2,5,4
"Gna13",319,438,240,158
"Amz2",110,140,64,54
"Slc16a6",14,30,10,9
"Wipi1",107,126,78,51
"ENSMUSG00000134996",1,0,0,2
"Prkar1a",1123,1605,814,471
"Fam20a",101,116,84,38
"ENSMUSG00000122557",0,2,1,0
"1700012B07Rik",1,1,0,0
"Abca8b",1,1,0,0
"Abca5",37,51,23,25
"ENSMUSG00000130916",4,6,1,0
"Map2k6",17,34,15,12
"Gm11675",15,15,7,9
"Sox9",210,220,139,108
"2610035D17Rik",33,62,30,24
"4732490B19Rik",0,0,1,2
"Slc39a11",52,61,26,21
"ENSMUSG00000129386",1,1,0,1
"ENSMUSG00000129280",1,0,1,1
"Cog1",89,116,56,42
"Vcf1",1178,1684,836,534
"ENSMUSG00000137649",1,2,1,0
"Mtnap1",27,35,21,18
"Cdc42ep4",39,50,23,19
"ENSMUSG00000133375",122,203,82,62
"Rpl38",23749,33678,16722,11396
"Ttyh2",22,36,8,12
"Dnai2",8,9,12,7
"Cd300lb",3,3,3,0
"Nherf1",158,183,99,80
"Nat9",85,114,53,45
"Tmem104",8,12,5,5
"Fdxr",69,125,45,43
"Ush1g",7,7,1,2
"Hid1",7,13,4,4
"Cdr2l",128,194,97,68
"Mrpl58",585,905,425,311
"Ict1os",8,3,3,5
"Atp5pd",2788,4046,1974,1502
"Kctd2",52,138,55,39
"Armc7",7,17,8,6
"Nt5c",442,616,266,180
"ENSMUSG00000143902",0,2,2,0
"Jpt1",1212,1725,840,595
"Sumo2",22,18,9,8
"Nup85",244,347,172,109
"Gga3",37,49,26,20
"Mrps7",782,1124,538,380
"Mif4gd",117,167,58,52
"ENSMUSG00000144054",2,6,3,1
"Slc25a19",60,104,46,42
"Grb2",338,517,253,154
"ENSMUSG00000122679",1,0,0,1
"Tmem94",55,87,40,28
"ENSMUSG00000122717",1,0,0,2
"Caskin2",26,28,9,9
"Tsen54",40,50,37,23
"Llgl2",9,20,11,6
"Recql5",16,18,13,6
"Sap30bp",230,358,164,97
"Itgb4",2,2,0,2
"Galk1",855,1242,569,453
"ENSMUSG00000131449",40,64,30,20
"ENSMUSG00000128886",1,9,2,4
"H3f3b",9065,13258,7029,4973
"Unk",35,62,30,24
"Unc13d",5,3,3,2
"Wbp2",296,430,214,150
"ENSMUSG00000128930",5,7,1,0
"Trim47",191,328,151,99
"Trim65",25,37,25,12
"Mrpl38",454,650,356,201
"Fbf1",31,42,30,15
"Acox1",69,86,56,31
"Ten1",342,545,231,199
"Cdk3",2,5,3,4
"Evpl",1,2,0,0
"Srp68",390,507,228,192
"Exoc7",175,228,127,98
"Rnf157",28,35,22,29
"Rps11-ps2",128,197,92,76
"ENSMUSG00000130119",10,10,5,2
"Gm57347",1,3,1,2
"Ubald2",80,107,54,29
"Qrich2",1,1,1,0
"Gm11739",9,16,6,7
"Prpsap1",610,767,375,271
"ENSMUSG00000131528",2,3,1,0
"Sphkos",3,2,0,0
"Sphk1",21,36,20,11
"Ube2o",154,264,119,101
"Rhbdf2",30,41,19,17
"Prcd",0,1,1,0
"ENSMUSG00000138327",1,1,1,0
"Snhg16",20,25,9,13
"St6galnac2",1,5,0,2
"Mxra7",354,471,222,187
"ENSMUSG00000134258",216,301,143,120
"Jmjd6",253,311,158,103
"Mettl23",235,322,150,97
"Srsf2",391,575,281,213
"Mfsd11",42,74,29,32
"Gm11728",60,90,51,20
"Snhg20",181,283,129,109
"Sec14l1",154,215,98,89
"Septin9",208,288,156,105
"ENSMUSG00000134231",0,2,1,0
"Gm39478",5,12,3,4
"Gm16045",6,7,4,2
"ENSMUSG00000121813",86,109,41,29
"Gm11734",2,2,1,0
"ENSMUSG00000123382",126,218,69,53
"2900041M22Rik",6,11,3,6
"Tnrc6c",192,233,110,114
"Tmc6",40,75,24,27
"Tmc8",2,1,1,0
"Syngr2",488,641,308,244
"Tk1",646,898,436,305
"Afmid",7,8,3,0
"ENSMUSG00000138342",2,1,0,0
"Birc5",1930,2825,1349,1000
"Tmem235",0,1,1,0
"ENSMUSG00000133212",0,0,2,1
"Socs3",49,81,35,28
"Pgs1",209,281,143,90
"Cyth1",21,18,20,9
"Usp36",102,137,85,57
"Timp2",2974,4029,1994,1565
"Cep295nl",29,36,26,25
"ENSMUSG00000127103",3,1,1,2
"Lgals3bp",495,711,373,264
"Cant1",95,144,78,52
"C1qtnf1",6,10,4,7
"Engase",3,8,5,2
"ENSMUSG00000138945",2,5,2,2
"Cbx2",17,41,21,10
"Cbx8",45,72,38,19
"Cbx4",98,128,61,37
"ENSMUSG00000136636",2,0,0,1
"Tbc1d16",20,29,14,13
"Ccdc40",0,4,0,0
"Gaa",230,355,162,128
"Eif4a3",753,1036,515,334
"Gm57376",0,1,2,0
"Sgsh",16,21,8,3
"Slc26a11",7,8,7,7
"ENSMUSG00000131777",0,2,0,4
"Rnf213",288,380,201,151
"A930037H05Rik",44,72,47,28
"Endov",46,59,22,18
"Rptor",40,83,40,22
"Gm11761",2,6,1,0
"Chmp6",290,402,166,129
"Gm11767",7,12,3,9
"Baiap2",244,324,167,112
"Cep131",32,47,18,8
"Tepsin",15,26,11,8
"Ndufaf8",421,614,330,234
"Slc38a10",133,189,89,62
"Gm11769",5,2,2,4
"ENSMUSG00000142728",4,6,2,2
"Reno1",3,3,4,2
"2900052L18Rik",3,8,6,9
"Bahcc1",29,48,24,15
"Gm11772",6,6,8,3
"Actg1",6954,9948,4268,3051
"0610009L18Rik",17,24,11,4
"Faap100",53,91,23,44
"Nploc4",114,193,101,74
"Pde6g",3,0,0,1
"Oxld1",55,71,43,30
"Ccdc137",92,143,66,36
"Arl16",61,69,38,26
"Hgs",152,224,108,78
"Mrpl12",1360,1949,873,682
"Slc25a10",64,108,50,36
"ENSMUSG00000127298",18,21,4,3
"Mcrip1",507,739,354,276
"P4hb",1236,1837,949,710
"Gm57341",28,45,18,12
"Arhgdia",365,602,262,216
"Gm3807",1,1,0,0
"Alyref",1891,2570,1228,904
"Anapc11",834,1213,582,369
"Pcyt2",164,249,149,91
"Sirt7",78,95,75,46
"Mafg",340,490,237,189
"Gm17586",30,57,30,24
"Pycr1",37,59,42,19
"Notumos",0,2,1,0
"Aspscr1",181,219,134,96
"Cenpx",442,615,307,211
"Lrrc45",25,33,18,7
"Rac3",6,7,5,6
"Dcxr",46,72,38,17
"Cbr2",1,2,1,1
"ENSMUSG00000132464",2,1,0,0
"Hmga1b",10,29,8,6
"Rfng",39,71,45,30
"Gps1",659,1057,528,332
"Dus1l",239,269,151,118
"Fasn",253,395,193,175
"Ccdc57",4,1,3,2
"ENSMUSG00000136644",1,1,0,1
"Slc16a3",187,236,106,82
"Csnk1d",343,459,244,170
"Gm28192",0,2,0,1
"Gm57327",0,0,0,2
"Tex19.2",2,1,1,0
"Tex19.1",0,1,2,0
"Ogfod3",75,100,44,32
"Hexd",19,35,10,7
"Cybc1",53,94,50,40
"Narf",17,28,15,15
"Foxk2",115,164,89,54
"ENSMUSG00000125176",9,10,2,2
"Wdr45b",218,301,167,124
"ENSMUSG00000130777",3,3,0,1
"Rab40b",1,0,2,0
"Fn3krp",6,8,2,2
"Tbcd",35,54,27,24
"Zfp750",1,5,3,0
"B3gntl1",8,12,6,7
"Metrnl",86,150,66,43
"Gm12591",0,2,0,0
"ENSMUSG00000137750",0,5,1,1
"Rab10os",53,98,48,34
"Rab10",743,1070,475,333
"Kif3c",1,5,2,0
"1110002L01Rik",8,13,8,2
"Asxl2",113,157,79,52
"Gm31332",2,0,1,0
"Dtnb",95,150,75,45
"Dtnbos",0,2,1,0
"Dnmt3a",51,87,46,35
"Dnmt3aos",0,0,1,2
"Dnajc27",28,30,19,14
"Adcy3",4,8,2,1
"Cenpo",20,21,9,7
"Gm48210",5,11,6,4
"Gm17816",2,1,2,3
"Ptrhd1",198,312,135,96
"Gm56543",48,90,36,28
"4921501I09Rik",1,1,2,0
"Ncoa1",85,124,68,42
"Gm3625",15,17,10,8
"Itsn2",156,203,116,76
"Gm48678",2,2,6,2
"Fam228a",1,1,1,1
"Fam228b",2,6,3,0
"Pfn4",0,3,1,1
"ENSMUSG00000144089",3,10,4,0
"Sf3b6",1368,1821,904,589
"Fkbp1b",59,78,46,27
"Wdcp",101,147,63,55
"Mfsd2b",1,2,0,1
"Ubxn2a",165,221,118,70
"Atad2b",108,129,66,53
"Klhl29",1,1,0,0
"Gm5652",3,3,4,1
"Ldah",166,255,128,85
"Hs1bp3",62,103,52,36
"ENSMUSG00000125961",2,3,1,0
"Rhob",425,652,334,196
"Gm56532",9,24,7,7
"Gm56555",7,8,3,1
"Gm56512",9,15,6,5
"Pum2",302,418,215,172
"Sdc1",155,244,114,76
"Laptm4a",1448,2149,1137,786
"ENSMUSG00000142309",0,2,0,1
"Wdr35",57,85,32,33
"ENSMUSG00000142269",0,2,1,0
"Ttc32",127,207,103,58
"Gm46323",2,2,1,2
"Osr1",213,342,170,127
"ENSMUSG00000141346",0,1,1,0
"ENSMUSG00000122783",2,0,3,0
"Rdh14",143,203,103,75
"Gm4928",1,3,2,2
"Gen1",82,109,56,41
"Smc6",1236,1793,885,641
"Cyria",7,14,12,2
"Gm40271",46,48,27,20
"Mycn",111,164,71,48
"ENSMUSG00000124527",2,4,2,1
"Ddx1",1165,1655,816,630
"Nbas",57,118,45,46
"Gm48311",2,3,3,1
"Gm4929",2,2,2,3
"Gm9202",3,0,1,1
"Gm40287",2,0,1,0
"Trib2",40,56,30,33
"Gm48557",0,2,0,0
"Gm56513",2,0,1,0
"Lpin1",63,115,38,33
"Greb1",0,1,1,2
"E2f6",75,96,67,48
"Gm36495",10,14,8,1
"ENSMUSG00000135104",4,9,1,1
"ENSMUSG00000131018",0,4,1,1
"ENSMUSG00000123846",1,5,3,1
"Rock2",1153,1563,787,559
"Slc66a3",83,128,64,61
"Pdia6",3537,5053,2505,1725
"Gm46336",1,3,1,1
"Nol10",116,154,71,51
"ENSMUSG00000139869",6,13,2,1
"ENSMUSG00000128261",1,1,2,0
"Odc1",1887,2459,1318,901
"Gm36862",1,0,1,0
"Hpcal1",310,455,243,154
"Gm49327",34,50,19,21
"B430203G13Rik",2,2,0,0
"Gm49957",1,2,2,0
"Gm46339",4,8,6,1
"Gm5784",2,1,0,0
"Gm29737",1,1,0,0
"Gm49700",8,12,6,3
"3110053B16Rik",12,18,15,9
"Zfp125",7,7,7,7
"Asap2",64,84,49,36
"Gm30124",1,4,1,1
"Itgb1bp1",294,459,217,137
"Cpsf3",186,291,132,100
"Iah1",227,338,174,118
"Adam17",90,142,70,60
"Gm49586",1,2,4,0
"Ywhaq",2347,3184,1581,1036
"Gm4419",11,19,8,4
"2410018L13Rik",0,2,0,0
"Taf1b",58,85,35,21
"ENSMUSG00000143530",0,0,0,0
"Klf11",7,8,4,6
"ENSMUSG00000125975",8,12,6,2
"Rrm2",673,1019,489,249
"Gm36236",2,2,2,2
"Kidins220",71,107,65,53
"Rsad2",235,666,418,177
"ENSMUSG00000134690",0,7,2,1
"Cmpk2",44,61,54,22
"Rps7",7818,10988,5502,3523
"ENSMUSG00000122148",4,3,1,1
"Rnaseh1",145,240,102,72
"Adi1",283,399,170,114
"Trappc12",75,111,43,41
"Eipr1",66,131,70,37
"Gm48904",3,3,0,2
"Myt1l",2,3,2,0
"Pxdn",53,85,44,41
"Tmem18",27,38,19,18
"Acp1",1772,2474,1280,793
"Sh3yl1",11,16,11,4
"Fam110c",46,65,30,23
"Gm32443",1,2,0,0
"ENSMUSG00000126408",8,11,9,6
"Lamb1",389,595,303,210
"Dld",375,512,266,160
"Cbll1",89,126,63,49
"ENSMUSG00000134495",1,2,0,0
"Bcap29",244,359,149,105
"Dus4l",70,88,47,22
"Cog5",42,50,42,18
"Gpr22",2,2,2,1
"Gm18029",0,1,1,1
"Gm48809",2,0,0,1
"Hbp1",46,55,28,28
"Prkar2b",527,727,364,238
"Ccdc71l",61,85,41,32
"Nampt",300,433,192,155
"4933406C10Rik",3,6,1,2
"Sypl1",409,610,297,222
"F730043M19Rik",36,64,32,20
"Atxn7l1",38,62,48,16
"Atxn7l1os1",5,4,2,4
"Polr1f",485,708,334,204
"ENSMUSG00000140194",1,1,4,1
"Twist1",530,721,356,255
"Hdac9",1,2,2,0
"Gm18025",1,3,2,2
"ENSMUSG00000141788",7,9,6,4
"Snx13",42,50,35,21
"Gm10933",1,4,3,1
"Gm48137",0,4,0,1
"Ahr",71,83,45,41
"Gm48236",1,10,4,4
"ENSMUSG00000126488",0,0,2,0
"Tspan13",3,12,3,4
"Bzw2",605,791,390,263
"Gm48369",6,10,6,3
"Ankmy2",87,115,69,36
"Gm19046",2,1,0,0
"D630036H23Rik",3,9,1,2
"Crppa",10,19,7,9
"Gm7252",1,2,1,1
"Agmo",3,3,0,2
"Etv1",69,129,59,42
"Arl4a",128,220,121,85
"Scin",1,4,2,1
"Lsmem1",0,1,0,1
"Gm17056",35,41,27,20
"Ifrd1",1272,1852,992,566
"Gm17024",1,1,0,1
"Gm7008",2,5,4,3
"Zfp277",159,226,128,92
"ENSMUSG00000140941",1,2,0,0
"Dock4",5,21,9,6
"Immp2l",12,27,17,11
"Lrrn3",1,3,0,1
"Gm7370",3,4,3,1
"Dnajb9",86,123,71,40
"Gm47096",37,28,22,11
"Pnpla8",155,185,117,62
"Gm2027",0,1,0,1
"Stxbp6",0,1,0,1
"Nova1",7,10,7,3
"Gm33869",2,1,0,0
"Gm48542",3,1,0,0
"Gm7392",1,0,2,1
"Gm34304",5,12,2,0
"Gm56518",1,1,0,1
"Foxg1",97,206,73,54
"Gm43517",11,12,4,8
"3110039M20Rik",472,732,330,240
"Gm7172",0,3,2,0
"ENSMUSG00000129498",0,1,1,0
"G2e3",146,209,97,74
"Scfd1",244,366,180,148
"ENSMUSG00000131556",0,1,0,1
"ENSMUSG00000131521",0,2,0,0
"Strn3",367,459,242,151
"Ap4s1",87,117,53,38
"ENSMUSG00000143491",0,0,1,1
"ENSMUSG00000143416",0,1,3,4
"Hectd1",693,1067,508,323
"ENSMUSG00000124311",26,34,12,12
"Gm34894",0,10,0,0
"ENSMUSG00000124232",1,0,0,1
"Heatr5a",97,142,57,36
"Dtd2",224,297,150,90
"Nubpl",73,123,59,32
"Gm35188",8,8,11,4
"Arhgap5",513,791,385,255
"1700031P21Rik",0,3,1,0
"Gm35239",0,4,1,0
"Akap6",8,11,6,5
"Npas3",10,4,5,2
"ENSMUSG00000125257",1,2,1,1
"Egln3",133,155,79,62
"ENSMUSG00000126695",2,2,1,2
"Gm6218",1,6,4,3
"Sptssa",717,1094,511,376
"Gm40884",1,3,1,1
"Eapp",297,435,226,168
"Gm36262",2,1,2,0
"Gm22513",10,7,3,6
"Rpl31-ps17",2,3,1,0
"Snx6",1079,1548,751,529
"Cfl2",869,1247,555,352
"1700081N11Rik",4,8,5,4
"Baz1a",411,608,276,202
"ENSMUSG00000128645",1,2,1,0
"2700097O09Rik",75,76,52,38
"Srp54a",43,56,31,14
"Fam177a",36,45,30,23
"Srp54c",0,1,0,0
"Gm49376",2,6,4,1
"Ppp2r3c",71,76,37,17
"Prorp",39,46,22,14
"Psma6",2003,2596,1322,879
"Gm56554",0,7,0,4
"Rpl18a-ps1",3,2,0,0
"ENSMUSG00000141040",2,1,2,4
"ENSMUSG00000141161",0,5,3,0
"ENSMUSG00000141231",1,3,0,2
"Nfkbia",732,1198,594,337
"Insm2",0,3,0,4
"Ralgapa1",51,91,42,30
"Brms1l",59,82,39,26
"Mbip",73,104,53,26
"Cox6c2",5,6,2,3
"Pax9",23,27,19,9
"ENSMUSG00000127054",1,1,1,0
"Prps1l3",11,23,12,12
"Mipol1",17,22,5,4
"ENSMUSG00000127098",4,2,4,1
"Gm46329",3,5,6,5
"Gm17529",3,2,1,1
"Sec23a",56,64,38,35
"ENSMUSG00000133603",6,8,5,3
"Gemin2",96,153,71,53
"Gm22973",1,0,1,0
"Trappc6b",343,500,217,161
"Pnn",567,923,452,329
"Gm5786",5,9,7,3
"Rpl21-ps3",2,1,1,0
"Mia2",175,261,120,107
"Fbxo33",40,69,35,14
"Gm7763",0,1,0,1
"Gm527",5,5,2,3
"Klhl28",17,29,14,9
"Togaram1",57,79,39,32
"Prpf39",82,111,58,45
"Fkbp3",783,1117,590,332
"Fancm",36,53,23,21
"Mis18bp1",122,201,87,48
"Gm47518",2,0,0,0
"Rps29",6982,9968,4963,3537
"Lrr1",50,70,34,15
"Rpl36al",397,534,284,179
"Mgat2",284,383,216,130
"Dnaaf2",25,22,15,13
"9330151L19Rik",27,25,18,10
"Pole2",40,77,35,27
"Gm47545",7,6,2,1
"Klhdc1",12,12,7,2
"Klhdc2",472,599,300,234
"Nemf",236,278,151,112
"ENSMUSG00000130813",2,6,5,2
"Gm9887",12,17,7,10
"Arf6",269,415,176,112
"Gm56517",47,59,26,26
"ENSMUSG00000129816",0,1,0,0
"5830428M24Rik",2,1,2,1
"Gm56528",0,3,0,0
"Vcpkmt",53,68,32,34
"Sos2",39,47,19,19
"L2hgdh",59,51,31,13
"Dmac2l",43,53,20,15
"Cdkl1",10,11,7,4
"ENSMUSG00000134569",0,1,0,1
"4930512B01Rik",1,3,1,0
"Map4k5",85,90,53,35
"Atl1",9,7,4,2
"Gm6316",0,2,2,0
"Sav1",24,27,17,13
"Gm19144",0,4,1,3
"Gm19221",1,2,0,1
"ENSMUSG00000131826",4,8,0,2
"Nin",69,92,50,41
"ENSMUSG00000143104",1,2,0,0
"Tmx1",259,364,185,123
"ENSMUSG00000125696",1,2,1,0
"Gm32219",10,8,6,2
"ENSMUSG00000139342",0,2,0,0
"Gm24474",2,3,1,2
"Gm32369",0,2,2,1
"Frmd6",130,227,97,84
"ENSMUSG00000140541",2,2,0,1
"Gm10457",26,32,7,6
"Actr10",522,807,412,232
"ENSMUSG00000125320",2,1,0,0
"Gm56524",6,3,2,1
"Psma3",2070,2966,1530,993
"3110056K07Rik",37,61,29,22
"Arid4a",95,147,83,42
"Timm9",350,517,229,135
"2700049A03Rik",22,38,27,12
"Daam1",81,110,50,44
"ENSMUSG00000127434",1,2,2,0
"Gpr135",5,6,1,2
"ENSMUSG00000142256",5,1,0,1
"L3hypdh",50,64,50,27
"Jkamp",121,203,97,87
"Pcnx4",82,112,72,38
"Dhrs7",199,313,165,103
"ENSMUSG00000130897",3,4,0,1
"Ppm1a",272,393,205,158
"5033425G24Rik",2,6,1,2
"Six1",39,50,23,17
"Six4",36,29,17,15
"Mnat1",272,321,171,127
"Trmt5",58,73,41,34
"Slc38a6",11,17,11,8
"Gm34189",6,2,0,1
"Gm15283",6,6,2,2
"Hif1a",302,395,229,142
"Snapc1",60,129,49,25
"Gm34552",5,8,3,6
"4930442G10Rik",1,0,0,2
"Rhoj",38,61,23,14
"Ppp2r5e",113,152,84,63
"Gm47689",3,7,3,6
"ENSMUSG00000132946",5,4,4,1
"Wdr89",150,220,105,78
"Gm56535",2,7,1,1
"Sgpp1",96,133,64,44
"Syne2",93,172,90,55
"Mthfd1",110,172,90,60
"Gm34868",2,2,0,1
"ENSMUSG00000125245",2,0,0,0
"Akap5",9,9,9,9
"A430103D13Rik",10,12,9,7
"Zbtb25",51,66,36,29
"Zbtb1",26,45,25,17
"Gm56540",2,3,1,1
"4930426I24Rik",6,4,2,0
"Hspa2",25,26,19,16
"ENSMUSG00000134826",1,1,1,0
"Plekhg3",21,39,14,14
"Churc1",328,470,253,155
"Fntb",41,45,22,17
"Max",212,251,135,71
"Gm47218",0,4,0,1
"ENSMUSG00000122838",2,1,0,0
"9530018F02Rik",9,8,6,4
"Fut8",82,96,66,35
"Gm48226",35,36,11,16
"Gphn",45,75,33,22
"Gm48225",2,12,5,2
"Gm48231",3,3,0,1
"Gm48230",1,3,4,2
"Pals1",47,94,48,31
"Atp6v1d",294,387,217,160
"Eif2s1",1129,1629,772,551
"Plek2",4,5,4,3
"Tmem229b",12,20,14,8
"Plekhh1",3,2,0,3
"Pigh",5,6,1,1
"9230116L04Rik",1,1,1,0
"Gm48780",0,1,0,1
"Vti1b",244,381,183,151
"Rdh11",69,138,67,45
"Zfyve26",17,29,14,15
"ENSMUSG00000139309",3,3,0,0
"Rad51b",13,32,13,8
"ENSMUSG00000143536",4,1,0,1
"ENSMUSG00000143468",0,3,3,0
"Gm36660",1,0,1,0
"Zfp36l1",238,366,202,167
"Gm56530",2,5,5,4
"2310015A10Rik",12,20,5,2
"1300014J16Rik",4,2,1,0
"Actn1",899,1288,624,462
"ENSMUSG00000141142",5,5,3,3
"Gm47767",2,7,1,2
"Gm47766",3,8,2,4
"Dcaf5",41,50,38,22
"Gm30025",29,32,20,4
"Exd2",22,28,17,14
"Gm26777",1,0,2,2
"Erh",578,863,452,259
"Slc39a9",38,51,23,13
"Gm26796",2,2,3,2
"Susd6",82,120,65,42
"Gm56514",1,1,0,0
"Gm20337",9,16,5,7
"Srsf5",708,1013,477,364
"Slc10a1",0,2,0,0
"ENSMUSG00000138741",0,1,1,0
"Smoc1",33,43,19,16
"S2bpcox16",46,68,30,20
"Cox16",90,148,69,44
"Gm3695",3,4,1,1
"Gm28370",2,2,2,3
"Synj2bp",120,174,101,42
"6530401F13Rik",0,2,0,2
"Med6",83,145,82,58
"Pcnx1",52,60,36,32
"Gm48242",2,7,0,1
"Sipa1l1",201,236,139,108
"Dcaf4",58,88,34,42
"Zfyve1",7,19,10,11
"Rbm25",1086,1593,741,525
"Gm29361",5,8,3,5
"Psen1",70,103,62,31
"Numb",25,30,15,17
"Gm46367",8,7,1,2
"Gm3791",4,1,1,0
"Riox1",84,113,53,38
"Acot2",25,47,32,22
"Acot1",119,161,77,75
"Dnal1",8,13,7,7
"Pnma1",1,0,2,0
"Mideas",20,36,12,11
"Gm19327",6,10,3,5
"Gm31513",2,0,1,0
"Gm5436",31,40,19,12
"ENSMUSG00000143174",2,0,0,0
"Ptgr2",54,74,50,22
"Gm47484",0,5,0,0
"Zfp410",61,87,40,15
"Fam161b",1,3,3,1
"Coq6",91,120,55,34
"Entpd5",16,17,8,10
"Bbof1",1,7,2,1
"Rnf113a2",20,51,22,10
"Aldh6a1",6,3,2,4
"Lin52",11,17,11,2
"Abcd4",89,100,67,46
"Npc2",918,1378,769,534
"Isca2",118,169,90,55
"Ltbp2",7,10,5,0
"D030025P21Rik",6,7,0,2
"Arel1",2,1,0,1
"Fcf1",419,641,317,235
"Ylpm1",119,176,85,64
"Prox2os",1,3,0,0
"Prox2",2,5,2,1
"Gm38355",1,1,1,1
"Dlst",172,282,167,79
"Rps6kl1",5,4,4,0
"Pgf",22,30,14,11
"Eif2b2",174,246,134,104
"Mlh3",7,8,1,1
"Acyp1",94,166,80,50
"Zc2hc1c",11,3,3,4
"Nek9",27,44,26,18
"Tmed10",1386,2026,928,691
"Gm47820",2,0,3,3
"Gm47817",8,7,8,7
"Gm47819",0,1,0,1
"ENSMUSG00000138976",8,9,6,1
"Gm56509",1,1,5,1
"Fos",79,88,79,44
"Gm56541",2,1,0,0
"ENSMUSG00000134982",1,4,4,4
"Gm47863",9,8,3,4
"Jdp2",125,202,87,54
"Batf",3,1,1,0
"ENSMUSG00000141529",6,8,0,5
"Erg28",338,499,220,161
"Ttll5",63,90,46,29
"Gm26531",0,2,1,0
"Gm56553",10,5,6,0
"Tgfb3",32,64,34,17
"Ift43",168,271,142,94
"Gm56527",4,2,1,0
"Gpatch2l",4,25,8,6
"Gm56558",5,7,6,1
"Angel1",6,3,2,0
"ENSMUSG00000142693",3,4,1,5
"Gm56533",11,12,8,6
"ENSMUSG00000142744",3,11,4,2
"Gm10095",0,3,1,3
"Irf2bpl",118,181,102,70
"Gm56523",2,5,3,3
"ENSMUSG00000140334",0,1,1,1
"Gm32934",10,11,6,2
"Cipc",36,51,26,20
"Pomt2",16,40,21,8
"Gstz1",50,64,33,24
"Gm6566",1,1,0,0
"Tmed8",18,40,19,9
"Samd15",7,4,2,1
"Noxred1",0,3,0,2
"Vipas39",19,43,25,10
"Ahsa1",353,537,277,196
"Ism2",2,0,0,1
"ENSMUSG00000142396",2,1,0,0
"Sptlc2",141,227,129,80
"ENSMUSG00000140893",3,2,2,1
"Gm8557",3,6,4,2
"Alkbh1",253,384,166,122
"Slirp",452,632,312,195
"Snw1",321,456,223,144
"ENSMUSG00000121806",0,2,2,0
"Adck1",42,53,29,17
"Dio2",31,49,37,15
"Gm26512",10,9,5,7
"Cep128",25,35,12,13
"Gm18388",0,1,1,0
"Gtf2a1",67,119,48,49
"ENSMUSG00000131266",3,3,4,2
"Gm56560",43,75,21,26
"Ston2",19,21,18,9
"Sel1l",99,156,86,72
"Flrt2",47,65,34,20
"Gm48014",1,0,0,2
"Gm48015",7,11,6,6
"Gm6863",75,94,35,21
"Galc",34,40,24,23
"Gm47439",0,3,1,0
"Spata7",55,86,59,31
"Gm47370",3,2,0,2
"Gm47372",0,4,1,3
"Ptpn21",48,87,26,34
"Zc3h14",333,476,199,172
"9430031K09Rik",3,4,3,2
"D230049E03Rik",5,14,0,4
"Eml5",14,21,18,10
"Gm48062",6,1,2,4
"Gm48063",5,2,1,2
"Ttc8",41,49,31,21
"Rpl30-ps8",2,1,0,0
"Foxn3",69,96,50,34
"Gm19898",2,4,3,3
"Gm47139",1,0,0,0
"Gm47138",1,3,2,0
"Gm47177",1,1,0,0
"Efcab11",45,72,32,17
"Gm47208",1,1,0,0
"Gm19238",1,1,1,0
"Gm47206",0,2,1,1
"Tdp1",127,167,78,53
"ENSMUSG00000137308",69,95,32,26
"Psmc1",808,1093,528,389
"Nrde2",46,87,41,13
"Gm10433",0,2,0,2
"Gm56516",4,5,1,0
"Calm1",6690,9608,4543,3225
"Gm10432",1,9,4,4
"Ttc7b",43,51,14,15
"ENSMUSG00000128544",2,1,0,0
"Gm48382",3,6,1,2
"Gm48383",0,2,1,0
"Rps6ka5",17,23,11,10
"Gm49703",0,2,1,0
"Gm48585",6,7,1,3
"Gm2614",6,24,4,6
"Ccdc88c",14,9,3,7
"Ppp4r3a",102,135,57,57
"D130020L05Rik",11,10,7,4
"Tc2n",0,0,3,0
"Fbln5",99,167,98,47
"Trip11",103,150,72,55
"Gm20036",3,5,6,0
"Atxn3",62,78,38,32
"Ndufb1",2831,4087,1916,1373
"Cpsf2",334,461,205,146
"Rin3",47,56,23,22
"Lgmn",130,196,96,73
"Gm30198",1,1,1,0
"Golga5",38,72,39,20
"Itpk1",21,29,18,20
"Gm28373",7,5,1,2
"Gm20604",19,25,11,7
"Lyset",99,162,82,69
"Gon7",98,145,88,50
"Ubr7",79,97,42,36
"Btbd7",102,160,79,51
"Gm47167",3,1,1,1
"Gm47166",3,1,0,1
"Gm7143",29,31,18,7
"Gm47201",1,1,0,0
"Otub2",11,13,5,3
"Ddx24",944,1345,667,440
"Gm47260",4,7,2,2
"ENSMUSG00000124385",1,3,0,0
"Ifi27",1457,2146,1067,621
"Ifi27l2a",84,137,114,45
"Ifi27l2b",1,2,0,0
"Serpina3g",1,2,1,1
"Dicer1",112,191,84,54
"6230426M11Rik",6,9,4,3
"Gm28875",19,20,10,5
"Syne3",53,72,32,29
"ENSMUSG00000136131",0,1,1,0
"Snhg10",33,53,21,11
"Glrx5",732,1032,560,356
"Bdkrb2",2,2,0,1
"Atg2b",34,34,24,16
"ENSMUSG00000131443",10,8,4,3
"Gskip",74,111,63,50
"Papola",544,866,408,291
"Vrk1",202,305,159,106
"ENSMUSG00000142556",0,3,0,1
"Setd3",251,304,152,113
"Ccnk",128,182,82,57
"Ccdc85c",19,26,8,14
"ENSMUSG00000131351",0,2,1,2
"Hhipl1",18,18,6,4
"4930478K11Rik",1,1,0,1
"Cyp46a1",2,1,1,2
"Eml1",35,47,27,3
"Evl",64,87,43,34
"Gm33682",1,4,0,0
"ENSMUSG00000131361",121,180,67,67
"Gm34220",9,14,6,6
"Yy1",338,493,238,173
"Slc25a29",6,13,2,3
"Slc25a47",7,6,5,2
"Wars1",111,152,92,47
"Wdr25",4,4,5,0
"Gm47980",1,1,0,0
"Gm34719",5,10,7,1
"Ppp2r5c",316,377,190,161
"Gm19605",5,19,4,5
"ENSMUSG00000127456",2,1,1,1
"B930059L03Rik",0,1,0,1
"Dync1h1",254,334,187,144
"Hsp90aa1",5119,7099,3622,2579
"Wdr20",64,81,54,33
"Mok",6,11,5,2
"4921507G05Rik",2,1,2,0
"Zfp839",18,18,11,9
"Mpc1-ps",1,1,1,0
"Cinp",262,361,180,131
"Gm48405",0,2,0,1
"Tecpr2",10,27,16,9
"Rps19-ps6",7,10,3,2
"Ankrd9",81,88,62,31
"ENSMUSG00000138778",0,2,2,0
"Rcor1",108,160,95,51
"Gm48632",3,2,1,2
"Traf3",90,125,49,40
"Amn",3,0,0,0
"A230087F16Rik",1,1,2,0
"Cdc42bpb",11,24,14,4
"Lbhd2",0,1,0,1
"Exoc3l4",157,230,115,67
"Gm10425",3,4,2,0
"Tnfaip2",1351,1676,822,605
"Gm56546",10,13,13,7
"Eif5",1656,2304,1157,774
"2810029C07Rik",0,4,2,3
"Mark3",152,246,124,70
"Trmt61a",57,60,51,28
"Bag5",186,283,117,85
"Coa8",175,250,141,87
"Klc1",254,328,142,120
"Xrcc3",9,13,7,8
"Zfyve21",108,151,90,60
"Ppp1r13b",42,65,37,24
"Gm19195",2,6,3,1
"ENSMUSG00000127289",3,4,0,0
"5033406O09Rik",51,84,45,33
"Gm36757",2,4,0,2
"Atp5mj",1848,2686,1322,923
"ENSMUSG00000127398",423,627,332,195
"Tmem179",3,7,2,4
"Inf2",147,197,113,85
"Adss1",7,6,5,3
"ENSMUSG00000133471",0,1,1,2
"Siva1",953,1332,669,425
"Akt1",578,958,450,289
"ENSMUSG00000133537",4,1,2,0
"Zbtb42",5,15,9,2
"ENSMUSG00000133401",2,0,1,0
"Cep170b",53,75,41,27
"Ahnak2",87,135,90,44
"Clba1",15,16,9,3
"Cdca4",159,255,123,71
"Gm56552",1,3,1,0
"Gpr132",0,1,1,3
"Jag2",9,11,6,3
"Nudt14",123,136,71,40
"Gm26583",0,2,2,0
"Brf1",49,67,47,24
"Btbd6",22,23,15,7
"Pacs2",33,60,29,18
"Mta1",339,466,226,165
"Gm56510",1,1,1,0
"Crip2",89,115,66,51
"Crip1",1570,2423,1174,903
"Tedc1",15,21,15,11
"Gm9134",0,3,0,1
"Ighm",2,4,2,1
"Zfp386",70,101,47,36
"ENSMUSG00000128481",0,15,3,1
"Vipr2",6,18,4,2
"Gm48620",2,2,0,1
"Dync2i1",166,225,123,82
"Gm48079",0,1,0,0
"Esyt2",181,237,112,80
"D430020J02Rik",9,11,6,7
"Ncapg2",153,193,133,85
"Ptprn2",1,2,0,0
"Gm10421",8,8,6,7
"Cdca7l",30,55,29,20
"Gm49602",1,6,3,3
"Sp4",9,8,4,7
"ENSMUSG00000129502",2,3,0,0
"Itgb8",11,15,14,4
"Macc1",88,150,70,58
"Gm9280",0,1,2,0
"Gm9616",289,372,196,136
"Gdi2",1249,1677,833,641
"Gm48838",6,24,11,4
"Tasor2",62,69,35,29
"ENSMUSG00000130218",23,36,14,28
"Asb13",58,69,38,21
"Net1",127,181,83,62
"Gm47813",34,53,16,18
"Akr1c14",10,15,15,6
"Akr1c18",0,2,1,0
"Akr1c13",15,27,10,6
"Akr1c12",92,131,64,57
"Akr1e1",182,211,91,100
"Gm47450",1,2,0,1
"Gm35330",18,10,4,14
"ENSMUSG00000125423",0,2,0,1
"ENSMUSG00000134578",28,27,20,7
"ENSMUSG00000125387",11,13,8,6
"Klf6",535,702,308,268
"ENSMUSG00000135075",0,2,1,0
"Pitrm1",109,153,64,42
"Pfkp",83,108,67,49
"Gm10029",1,3,1,2
"Wdr37",29,48,24,16
"Gm48375",3,3,2,0
"Gm48374",0,2,4,1
"Gm48574",2,1,0,1
"Idi1",211,264,145,80
"Gtpbp4",922,1236,537,425
"Larp4b",323,482,249,173
"Larp4b.1",2,5,3,4
"Dip2c",70,116,54,39
"Gm48887",3,7,8,2
"Gm48890",3,10,10,8
"Gm48870",2,7,3,3
"Gm48889",10,5,4,1
"Gm48871",2,0,0,2
"Gm48872",2,3,0,2
"Gm36423",8,7,2,5
"Zmynd11",144,199,113,73
"Gm47802",1,4,2,1
"Gm47826",8,6,5,8
"Gm47322",4,2,1,1
"Mtr",44,52,26,9
"Gm5445",4,0,0,2
"Heatr1",106,151,64,57
"Lgals8",150,172,107,83
"Edaradd",6,5,1,0
"Ero1b",35,44,27,22
"Gpr137b-ps",45,56,29,28
"ENSMUSG00000133301",7,7,3,2
"Gm48445",2,10,5,2
"ENSMUSG00000139539",5,8,2,2
"Prl2c3",1,1,1,0
"Prl2c2",3,2,4,0
"Prl2c5",0,1,2,1
"Gpr137b",54,86,54,38
"Nid1",92,151,61,55
"Gm48682",0,2,0,0
"ENSMUSG00000139825",2,3,0,0
"Lyst",29,43,17,25
"Gm47882",3,0,0,1
"B3galnt2",70,127,34,34
"Tbce",66,98,60,42
"Ggps1",159,196,120,75
"Arid4b",216,375,161,142
"Gm48027",13,11,8,9
"Mrpl32",690,894,439,317
"Psma2",2959,4106,1983,1512
"AW209491",86,144,78,43
"Gm6556",8,13,9,3
"Gli3",138,204,95,68
"4933412O06Rik",8,11,3,2
"Inhba",659,847,446,405
"Gm48444",1,1,0,0
"ENSMUSG00000125413",3,1,1,0
"Sugct",19,32,23,6
"Gm48501",2,2,1,0
"Mplkip",415,670,276,254
"Gm48621",2,0,2,1
"Cdk13",137,209,86,88
"8430406P12Rik",0,2,3,0
"Gm48624",1,3,0,0
"ENSMUSG00000132568",0,3,2,2
"Rala",874,1197,510,408
"ENSMUSG00000126243",1,2,1,0
"Yae1d1",329,556,212,188
"ENSMUSG00000133704",9,6,6,4
"Vps41",91,134,80,59
"Stard3nl",354,458,215,195
"Gm42683",5,6,4,1
"Epdr1",75,133,52,50
"Elmo1",0,1,1,0
"Gm7611",0,1,2,0
"Or2w1b",34,68,28,2
"Gm47806",5,5,2,1
"Trim27",458,636,271,225
"ENSMUSG00000123848",0,2,0,2
"Zscan12",47,65,37,28
"Zkscan3",86,135,74,82
"Zscan26",68,99,33,37
"Nkapl",3,2,0,0
"AK157302",0,1,1,1
"Cox5b-ps",30,38,14,11
"Zkscan8",32,40,32,25
"Or1f12",3,5,2,4
"H2bc13",1,3,1,2
"H3c10",1,4,1,0
"ENSMUSG00000134407",9,19,12,5
"H2bc14",31,54,19,14
"H4c11",8,17,10,14
"H4c12",1,2,0,0
"H2ac15",9,28,10,4
"H2bc15",10,13,10,6
"Gm11274",2,0,0,1
"ENSMUSG00000134361",3,1,0,2
"H1f5",636,885,405,316
"H3c11",6,9,6,6
"H2ac22",4,6,2,1
"H2bc22",8,6,0,2
"ENSMUSG00000134320",63,70,38,34
"H4c18",3,1,5,2
"H2ac24",5762,7679,3441,2682
"H2bc24",17,27,14,12
"Mir1983",2,1,0,0
"Gm11280",1,1,0,1
"Zfp184",14,12,7,10
"Gm11281",3,0,1,0
"Prss16",25,33,16,13
"Gm11290",2,1,0,0
"Gm11292",4,7,3,4
"H2bc12",4,9,1,0
"H4c9",491,756,309,286
"H2ac11",5,3,0,3
"H2bc11",67,132,43,19
"Gm48356",1,6,2,1
"Vmn1r209",1,3,3,1
"4930557F10Rik",0,2,1,3
"4930586N03Rik",5,3,3,1
"Zfp322a",72,133,52,55
"Abt1",154,207,97,60
"C230035I16Rik",39,57,42,35
"Gm46404",15,18,10,9
"Btn1a1",16,23,8,12
"Gm11335",3,2,3,2
"H2ac10",1,0,2,0
"H3c8",12,18,4,9
"H2bc9",46,62,32,22
"H3c7",14,19,10,8
"H4c6",3,4,1,1
"H1f3",153,235,97,91
"H3c6",31,42,17,7
"H2ac8",328,448,223,163
"H2bc8",2,21,5,5
"H2bc7",4,3,4,4
"H2ac7",3,3,6,7
"H3c4",91,155,68,83
"H4c4",164,227,90,79
"H2bc6",53,71,51,45
"H1f4",454,510,258,195
"H2ac6",153,236,120,112
"H2bc4",514,872,360,386
"H1f6",0,1,1,0
"H4c3",13,24,10,6
"Hfe",32,56,26,25
"H1f2",286,468,251,208
"ENSMUSG00000133265",3,0,3,1
"H3c3",25,44,25,11
"ENSMUSG00000133221",3,5,6,2
"H2bc3",26,31,20,7
"H2ac4",20,22,16,9
"H3c2",19,29,7,12
"4930558J22Rik",4,8,2,0
"H4c1",7,13,9,7
"H3c1",32,34,13,6
"ENSMUSG00000138451",3,0,0,0
"H1f1",25,19,4,5
"Cmah",0,3,1,0
"Ripor2",1,2,0,0
"ENSMUSG00000129658",0,0,0,2
"Gmnn",805,1204,518,417
"Gm56584",11,18,8,5
"ENSMUSG00000122629",1,6,2,3
"BC005537",226,313,160,126
"Acot13",223,287,141,118
"Tdp2",134,188,102,83
"4932702P03Rik",2,2,1,3
"Aldh5a1",50,82,36,28
"9330162012Rik",3,1,1,1
"Mrs2",105,139,68,56
"Gm11353",3,6,2,2
"Rps18-ps5",3,4,5,1
"Gm40841",1,1,0,1
"2610307P16Rik",4,3,2,1
"ENSMUSG00000143801",5,1,1,2
"A330102I10Rik",2,4,1,2
"Sox4",382,513,257,268
"Cdkal1",58,71,38,32
"ENSMUSG00000142189",5,1,4,1
"E2f3",50,62,33,29
"ENSMUSG00000129865",7,8,6,1
"ENSMUSG00000140952",0,4,1,0
"Mboat1",132,237,102,69
"Uqcrfs1",1139,1577,779,572
"Exoc2",69,106,53,49
"Gm5447",2,0,1,1
"1700018A04Rik",1,0,2,1
"Gm11379",1,3,1,0
"Foxc1",81,101,49,37
"Gmds",430,634,283,194
"Gm48885",6,7,4,5
"A730091E23Rik",5,12,3,5
"Wrnip1",153,194,100,59
"Serpinb1a",7,11,6,4
"Serpinb6b",44,66,34,42
"Serpinb9",47,66,31,23
"Serpinb9b",40,76,50,57
"Serpinb1b",1,3,0,0
"Serpinb6a",1934,2724,1359,1112
"1110046J04Rik",73,117,63,50
"Nqo2",114,165,71,50
"Ripk1",69,89,37,39
"Bphl",104,166,97,58
"Tubb2a",353,511,265,182
"Tubb2b",81,117,53,60
"Psmg4",744,991,441,350
"Slc22a23",5,12,7,3
"Pxdc1",140,159,72,50
"Gm36839",10,27,8,8
"Prpf4b",531,777,393,308
"Eci2",398,552,255,228
"Cdyl",59,98,46,39
"Gm48708",1,0,0,1
"ENSMUSG00000136679",0,1,1,0
"Gm48706",1,0,1,3
"Rpp40",108,181,80,54
"Lyrm4",189,266,101,116
"Tmed10-ps",3,5,3,2
"Fars2",121,193,78,65
"Gm48766",3,9,5,1
"Gm31600",2,0,0,0
"Rreb1",47,74,35,19
"Ssr1",856,1178,533,460
"ENSMUSG00000125822",3,0,0,0
"Cage1",5,25,6,3
"Riok1",247,360,182,136
"Snrnp48",383,525,250,204
"Gm47990",0,4,1,0
"Bmp6",0,1,1,0
"Txndc5",716,986,456,338
"Gm31834",3,9,2,1
"Bloc1s5",39,68,28,44
"Gm47400",0,1,1,0
"Eef1e1",698,980,444,320
"Gm47509",11,10,4,7
"Slc35b3",77,97,40,56
"5033403F01Rik",2,0,1,0
"Tfap2a",150,226,101,97
"Gm47061",4,4,0,1
"Gm26688",3,4,5,4
"Gcnt2",31,28,14,10
"Gm31683",2,2,1,2
"5530402G07Rik",3,4,2,0
"Pak1ip1",683,974,435,354
"ENSMUSG00000128508",1,2,0,1
"Tmem14c",1172,1623,712,529
"Smim13",137,192,83,75
"Nedd9",120,164,101,68
"Gm26877",2,1,0,1
"ENSMUSG00000136310",2,5,3,2
"Gm32401",3,6,1,2
"Gm32184",6,6,5,3
"Tmem170b",70,70,42,30
"Gm28707",3,5,0,2
"Hivep1",43,74,32,29
"ENSMUSG00000133373",11,10,3,3
"Edn1",3,11,7,3
"Phactr1",16,29,18,11
"Gm15809",1,1,2,0
"Tbc1d7",132,197,93,62
"Gm56565",1,1,0,1
"Gfod1",90,124,44,32
"ENSMUSG00000132139",2,3,0,1
"Sirt5",66,75,48,45
"ENSMUSG00000124767",5,5,2,0
"Nol7",1499,2274,1056,793
"Ranbp9",164,231,118,85
"Mcur1",133,200,102,78
"Jarid2",40,53,14,15
"ENSMUSG00000138997",0,1,1,0
"Dtnbp1",486,673,308,243
"Mylip",28,43,30,19
"Gm56579",0,0,0,2
"Gmpr",7,10,7,3
"Atxn1",44,55,32,24
"ENSMUSG00000131949",1,4,0,2
"ENSMUSG00000131987",0,1,1,2
"4930453C13Rik",1,1,1,2
"5033430I15Rik",14,19,10,7
"Fam8a1",57,81,32,36
"Nup153",159,228,100,70
"Gm46412",27,25,12,9
"Kif13a",49,76,46,28
"ENSMUSG00000144027",1,1,1,0
"Tpmt",22,58,18,9
"Kdm1b",29,32,16,15
"Dek",1918,2634,1213,883
"1700026N04Rik",0,4,1,3
"Rnf144b",3,10,8,13
"Zfp169",9,13,4,2
"ENSMUSG00000138639",3,3,3,1
"A830005F24Rik",1,4,3,1
"6720427I07Rik",54,82,39,40
"Gm37238",33,62,34,32
"Ptpdc1",26,46,25,14
"Phf2",39,59,24,37
"Phf2os1",17,22,9,9
"ENSMUSG00000131786",0,1,0,2
"Fam120a",363,495,249,172
"Fam120aos",51,59,25,28
"Ninj1",564,756,368,299
"Card19",463,681,336,251
"Susd3",1,3,2,4
"Fgd3",10,16,8,8
"Bicd2",133,208,91,67
"Ippk",21,56,22,12
"Cenpp",56,80,44,37
"Tes3-ps",6,14,6,2
"Ecm2",4,10,5,6
"Aspn",22,30,31,18
"Omd",23,37,24,8
"Ogn",364,664,317,186
"Nol8",152,191,97,66
"ENSMUSG00000125820",0,2,2,0
"Iars1",350,486,208,173
"Gm7251",2,3,2,1
"Fbxw17",26,41,19,15
"Spin1",231,334,149,107
"Nxnl2",0,2,1,0
"H2af-ps2",6,3,1,1
"Gm32834",5,6,6,1
"Cks2",1320,1739,796,703
"ENSMUSG00000139430",2,10,2,2
"Secisbp2",114,157,67,55
"Sema4d",0,0,0,0
"Gadd45g",442,688,418,208
"ENSMUSG00000127666",2,1,1,2
"Gm26651",0,3,0,1
"Auh",123,232,108,64
"ENSMUSG00000129025",0,2,0,1
"Nfil3",71,101,62,26
"ENSMUSG00000135971",1,6,1,0
"Gm33424",2,1,0,0
"ENSMUSG00000124173",0,1,2,1
"Sptlc1",70,87,49,31
"ENSMUSG00000128979",3,2,1,1
"ENSMUSG00000131872",0,2,0,0
"Gm34557",2,5,1,0
"Sfxn1",829,1150,484,391
"Hrh2",1,1,0,0
"Gm48623",22,35,15,10
"Cplx2",16,34,12,16
"Thoc3",353,476,195,172
"Gm2830",1,0,1,0
"Simc1",47,53,29,21
"4833439L19Rik",143,217,91,77
"Arl10",25,33,10,12
"Gm56582",52,74,23,20
"Nop16",551,747,312,233
"Higd2a",527,760,324,285
"Cltb",556,809,391,301
"ENSMUSG00000136076",1,5,0,2
"Faf2",298,435,213,166
"Rnf44",93,118,55,41
"ENSMUSG00000141887",1,1,0,0
"Gprin1",7,3,5,3
"Tspan17",147,196,91,91
"Hk3",0,1,1,0
"Uimc1",152,217,88,67
"Gm6344",0,2,0,0
"Zfp346",17,25,10,11
"ENSMUSG00000135102",15,25,15,7
"ENSMUSG00000125032",7,9,2,4
"Nsd1",131,213,103,84
"Gm47816",3,3,5,2
"Rab24",316,468,220,174
"Prelid1",2434,3341,1547,1207
"Mxd3",130,185,75,60
"Lman2",930,1311,574,409
"Rgs14",0,2,1,1
"ENSMUSG00000139304",0,5,0,0
"Grk6",151,218,85,76
"ENSMUSG00000131306",6,0,2,3
"Prr7",107,172,63,49
"Dbn1",160,198,92,104
"Pdlim7",450,619,348,224
"Dok3",4,8,1,2
"Ddx41",296,403,194,202
"Fam193b",57,69,37,31
"ENSMUSG00000129595",4,0,3,0
"Tmed9",1289,1864,871,768
"B4galt7",27,64,22,27
"Caml",227,358,197,133
"Ddx46",427,596,284,228
"B230219D22Rik",480,657,260,213
"Txndc15",447,665,296,262
"Pcbd2",257,349,143,101
"Pitx1",216,366,132,94
"Gm47071",12,13,7,4
"Macroh2a1",1312,1776,848,603
"Fbxl21",10,9,4,8
"Lect2",3,2,1,0
"Tgfbi",26,43,13,19
"Smad5",85,107,51,51
"Klhl3",9,11,4,3
"Hnrnpa0",1239,1739,760,617
"Gm56576",3,6,0,0
"Gm48295",40,60,9,14
"Idnk",206,295,143,130
"Ubqln1",333,451,193,144
"Gm48357",1,1,0,0
"Gm56570",1,0,1,0
"Gm48432",1,0,2,0
"Gm48441",0,0,1,1
"Gkap1",747,1143,498,382
"Gm26555",0,3,2,0
"Kif27",1,1,1,0
"Qng1",12,13,4,3
"Hnrnpk",1861,2652,1201,910
"Rmi1",59,97,47,41
"Gm47918",0,2,1,0
"Slc28a3",1,3,0,1
"Agtpbp1",82,116,42,30
"Naa35",265,355,158,118
"Gm47246",3,1,2,1
"Golm1",40,62,21,14
"Isca1",49,65,28,19
"Etohd2",9,18,2,5
"Tut7",130,165,81,66
"Gm34961",11,11,5,3
"Gas1",824,1404,506,598
"Gm48488",16,18,5,9
"Gm35333",15,16,14,9
"Ctla2a",1,4,5,3
"Gm6474",14,18,8,7
"Gm6436",1,0,1,0
"1700028E11Rik",54,98,27,20
"Gm48228",0,2,1,0
"ENSMUSG00000121730",2,6,4,2
"Zfp808",2,2,1,1
"Gm3604",15,18,10,6
"Gm48701",1,1,0,3
"Zfp935",40,66,40,14
"Zfp934",17,25,15,4
"Zfp1008",28,30,15,7
"Gm36298",7,8,2,4
"Gm7045",1,0,1,0
"Platr25",24,33,20,18
"Gm48735",3,5,2,0
"Gm48734",1,1,1,0
"Gm5141",8,14,8,5
"Gm21963",1,4,0,2
"Fbp2",7,6,2,1
"Aopep",460,716,329,220
"Gm47584",0,0,0,0
"ENSMUSG00000124464",9,18,7,7
"Gm47583",5,6,3,4
"ENSMUSG00000124420",1,1,1,0
"Gm47586",35,63,28,22
"Gm47603",11,11,5,3
"Gm47585",93,163,73,63
"Gm47602",3,1,0,1
"Fancc",27,41,23,9
"ENSMUSG00000124381",0,0,1,2
"Gm16133",1,2,1,1
"Gm47588",6,14,2,8
"Ptch1",42,70,26,33
"A930032L01Rik",2,2,1,2
"C030010C08Rik",2,5,4,4
"Ercc6l2",100,146,67,51
"Gm47424",0,3,0,0
"Slc35d2",35,41,20,20
"Zfp367",51,71,26,36
"Gm47513",28,53,23,14
"Habp4",76,100,42,34
"Cdc14b",22,23,19,14
"1810034E14Rik",9,12,8,2
"Prxl2c",143,214,112,73
"Gm47003",1,6,1,3
"Ctsl",13969,19528,9542,8703
"Cdk20",35,53,19,18
"Gm5791",5,11,4,1
"Mfsd14b",90,140,55,51
"Gm36445",4,8,3,5
"Gm47251",4,3,0,0
"Gm56590",1,6,3,3
"Zfp369",14,24,10,8
"Gm47258",2,2,2,0
"ENSMUSG00000131680",1,1,0,2
"Gm5451",3,2,1,0
"Uqcrb",2967,4231,1888,1457
"Ramacl",1,3,1,1
"Mterf3",92,130,78,47
"Ptdss1",88,137,62,36
"Zfp712",0,1,0,0
"Gm46440",0,0,0,2
"Gm28557",1,4,2,2
"Rslcan18",2,1,0,0
"Rsl1",14,21,6,11
"Zfp455",1,1,0,3
"Zfp458",13,7,1,4
"Zfp595",5,18,4,3
"Zfp953",2,6,2,4
"Gm17039",0,2,0,0
"Zfp429",18,26,16,14
"ENSMUSG00000132732",12,16,8,6
"Zfp874a",15,24,4,2
"Zfp874b",7,5,6,3
"Zfp58",4,8,5,6
"ENSMUSG00000127311",2,2,0,1
"Zfp87",24,43,15,16
"Zfp748",19,25,6,8
"9430065F17Rik",6,6,3,2
"Zfp729b",7,22,12,8
"Zfp729a",11,36,8,3
"ENSMUSG00000122271",1,0,1,0
"Zfp738",39,54,32,25
"Zfp65",9,16,8,4
"Zfp85os",6,4,4,2
"Zfp85",6,4,5,2
"Gm9894",27,30,8,12
"Zfp493",5,10,2,4
"4930525G20Rik",0,2,0,1
"Gm9625",1,6,2,0
"Zfp273",10,12,5,8
"Krbox5",1,6,0,0
"ENSMUSG00000143161",39,56,23,16
"Mtrr",37,71,29,20
"Fastkd3",5,13,7,2
"Gm35514",2,1,0,0
"Tent4a",91,161,76,65
"Nsun2",383,522,246,173
"ENSMUSG00000143055",7,23,5,9
"A530095I07Rik",3,4,7,5
"Srd5a1",40,60,28,19
"Gm17108",7,6,2,4
"Med10",640,857,440,285
"Ice1",118,171,71,44
"Irx1",55,73,34,37
"Gm20554",13,13,3,5
"Irx2",89,109,52,35
"Gm10263",1,2,0,0
"Ndufs6",775,1161,530,404
"Mrpl36",581,862,350,288
"Eprn",2,0,0,0
"Lpcat1",82,120,52,56
"Clptm1l",421,560,235,210
"Tert",11,4,5,2
"Slc12a7",36,59,21,18
"Trip13",326,444,184,152
"Brd9",268,379,171,126
"Cep72",19,26,24,10
"Exoc3",210,303,145,112
"Pdcd6",1027,1357,674,552
"Sdha",420,593,252,216
"Ccdc127",299,488,183,150
"Zfp72",6,9,6,1
"Gm47428",26,33,17,19
"E430024I08Rik",10,27,11,12
"Gm49762",0,1,2,1
"Zfp825",36,58,24,17
"Gm47467",0,1,1,2
"ENSMUSG00000143218",7,7,1,0
"Gm47469",6,14,10,5
"Gm46430",15,22,8,6
"Erap1",120,135,67,62
"Cast",331,500,221,163
"Gm4149",36,28,21,8
"Ell2",34,59,23,27
"Gm8288",1,3,0,1
"Glrx",238,355,171,123
"Rhobtb3",250,417,187,158
"Rfesd",79,94,43,34
"Arsk",23,27,22,8
"Skic3",56,99,51,37
"Gm48639",1,1,1,0
"Mctp1",14,19,13,10
"Gm15740",2,1,0,0
"Slf1",182,274,129,119
"2210408I21Rik",28,26,23,21
"Gm29844",0,1,0,1
"Arb2a",85,123,59,41
"ENSMUSG00000126625",5,4,2,0
"Pou5f2",13,14,2,6
"Gm48254",7,3,4,2
"C130051F05Rik",13,16,7,7
"Gm38604",8,13,4,2
"Nr2f1",195,297,128,109
"A830082K12Rik",68,112,47,31
"ENSMUSG00000134977",0,1,0,1
"ENSMUSG00000135019",4,6,3,5
"Arrdc3",6,10,7,4
"1700023H06Rik",3,2,5,1
"ENSMUSG00000125772",0,0,2,2
"5430425K12Rik",1,5,0,0
"Gm4211",1,0,0,0
"Gm8399",6,15,9,9
"ENSMUSG00000127123",33,65,27,26
"ENSMUSG00000138545",2,0,0,0
"Lysmd3",60,85,36,28
"Polr3g",64,107,39,33
"Mblac2",31,47,18,7
"Gm17259",14,24,10,10
"Cetn3",592,815,387,281
"Gm4936",2,10,6,0
"Gm48067",0,0,2,1
"Mir9-2hg",0,1,1,0
"Tmem161b",59,119,59,32
"ENSMUSG00000127953",1,1,1,0
"Ccnh",346,438,209,148
"Rasa1",220,271,162,104
"Cox7c",6917,9747,4608,3592
"Edil3",15,24,24,15
"Vcan",136,255,128,99
"Gm4117",3,2,2,0
"Xrcc4",56,95,35,32
"Tmem167",1798,2563,1125,881
"Rps23",11152,15668,7417,5430
"ENSMUSG00000125461",4,5,3,5
"Atg10",46,45,13,16
"ENSMUSG00000142379",1,1,0,3
"A830009L08Rik",1,2,2,1
"Ssbp2",191,293,154,107
"Zcchc9",479,642,312,232
"ENSMUSG00000136542",7,17,3,3
"Msh3",55,67,52,37
"Gm20379",6,7,2,1
"Dhfr",448,608,274,193
"Fam151b",1,1,2,0
"ENSMUSG00000124980",11,9,7,1
"Zfyve16",59,67,46,34
"Gm56588",1,3,2,0
"Serinc5",9,11,7,1
"Mtx3",20,28,15,10
"Tent2",148,261,112,66
"ENSMUSG00000143730",1,1,1,0
"Gm2076",5,2,0,3
"Homer1",33,34,14,17
"ENSMUSG00000141187",19,9,4,6
"Gm47088",2,1,1,2
"Jmy",65,99,47,42
"Gm6109",0,0,1,1
"ENSMUSG00000122952",0,3,3,0
"Gm47210",5,6,5,2
"Arsb",97,179,74,57
"Lhfpl2",26,40,19,6
"Gm15907",1,3,0,0
"Scamp1",58,82,44,34
"ENSMUSG00000131903",0,2,1,1
"Gm9776",14,11,6,5
"Ap3b1",212,278,135,110
"Tbca",3330,4754,2274,1651
"ENSMUSG00000144157",1,2,0,0
"Wdr41",34,45,19,14
"Pde8b",0,2,0,0
"Zbed3",194,323,144,122
"Aggf1",182,299,128,127
"Crhbp",2,0,1,0
"F2rl1",210,281,120,77
"ENSMUSG00000130683",18,60,30,20
"F2r",257,373,157,151
"Iqgap2",51,55,36,36
"Gm32702",1,1,1,1
"Btf3l4b",4,4,1,1
"Poc5",53,56,24,24
"Polk",71,78,36,33
"Cert1",96,134,65,57
"Gm48138",5,5,3,0
"Gm46436",0,2,0,1
"Gm48139",8,6,7,7
"Hmgcr",205,321,151,91
"Gcnt4",0,2,1,0
"Fam169a",9,9,4,4
"Prp2rt",6,8,3,1
"Nsa2",1428,2021,922,737
"Gfm2",52,71,36,25
"Hexb",103,158,68,51
"ENSMUSG00000138782",2,1,1,0
"Enc1",49,66,32,28
"Lncenc1",0,0,0,0
"Gm8756",5,1,5,0
"Arhgef28",30,56,17,8
"Utp15",161,226,94,72
"Ankra2",214,327,152,112
"Btf3",7948,11455,5230,3745
"Gm9828",26,36,27,16
"Gm2445",0,3,1,0
"Sec61bl",10,25,8,7
"Gm41032",16,11,8,2
"Tmem171",4,4,3,2
"Gm9465",3,2,1,1
"Fcho2",109,156,73,66
"Gm47550",0,3,0,1
"D130062J10Rik",10,10,2,5
"ENSMUSG00000126856",1,0,1,1
"Tnpo1",220,340,150,117
"Rpl27a-ps4",4,6,4,2
"Gm807",1,1,0,0
"Ptcd2",315,390,208,139
"Mrps27",130,143,59,37
"6430562O15Rik",1,2,2,1
"Map1b",957,1335,628,425
"5330431K02Rik",35,46,28,15
"Gm26559",22,31,10,13
"Mccc2",81,110,53,29
"ENSMUSG00000123651",3,3,3,1
"Bdp1",141,192,92,68
"BC001981",0,2,2,1
"Serf1",273,396,178,215
"Smn1",558,824,403,276
"Naip2",23,35,25,12
"Naip5",4,5,8,1
"Gm56585",0,0,1,1
"Naip6",5,14,13,4
"Naip1",0,2,0,0
"Rpl31-ps13",3,2,3,1
"Gtf2h2",130,197,77,59
"Rad17",128,213,90,72
"Ak6",490,670,302,210
"Taf9",1,3,1,0
"Ccdc125",1,1,0,1
"Cdk7",181,281,126,111
"Mrps36",611,962,424,325
"ENSMUSG00000132861",3,13,8,3
"Cenph",143,199,91,73
"Ccnb1",704,1064,475,376
"Slc30a5",122,204,79,68
"Hmgb1-ps9",0,2,1,0
"Pik3r1",24,54,28,18
"Gm36638",2,3,2,1
"Mast4",348,437,177,157
"1700099I09Rik",19,23,11,8
"ENSMUSG00000135682",2,6,3,3
"Srek1",391,562,261,170
"Gm52054",2,3,0,0
"Erbin",100,153,73,65
"ENSMUSG00000129181",5,10,2,2
"Nln",149,206,90,73
"Sgtb",8,12,7,9
"Trappc13",188,282,112,93
"Shld3",53,73,28,26
"Trim23",26,35,22,16
"Ppwd1",74,111,35,37
"Cenpk",357,511,218,193
"ENSMUSG00000131729",2,1,0,0
"ENSMUSG00000131763",2,2,0,1
"Adamts6",7,7,2,2
"ENSMUSG00000127906",1,0,0,2
"Gm56573",0,4,0,1
"Cwc27",147,265,117,77
"2610204G07Rik",0,0,4,0
"Srek1ip1",417,568,277,233
"Ipo11",46,87,48,27
"Lrrc70",1,4,2,1
"Gm28988",2,3,3,7
"Dimt1",223,329,166,101
"Kif2a",485,724,346,294
"3830408C21Rik",23,38,18,12
"Gm32004",6,32,3,1
"1700006H21Rik",2,1,0,2
"Zswim6",51,79,33,19
"Ndufaf2",745,1017,465,326
"Gm56593",3,7,4,5
"Smim15",229,348,185,145
"Ercc8",41,48,22,20
"Elovl7",46,59,36,26
"Depdc1b",13,27,10,9
"Pde4d",8,10,9,6
"Rps3a3",33,37,16,12
"ENSMUSG00000133630",1,0,2,0
"ENSMUSG00000141942",0,2,1,0
"ENSMUSG00000130363",4,7,4,2
"ENSMUSG00000130324",0,1,1,0
"Plk2",784,1208,493,330
"Gpbp1",208,367,162,129
"Mier3",48,52,27,19
"ENSMUSG00000128249",5,6,1,3
"Map3k1",99,128,85,41
"Ankrd55",18,28,13,13
"ENSMUSG00000125871",0,1,1,0
"2810403G07Rik",2,3,0,1
"Gm48876",1,2,0,0
"6720470G18Rik",35,52,22,12
"Il6st",180,307,123,93
"Gm3226",4,3,1,2
"Slc38a9",42,65,37,34
"Gm47850",9,6,1,2
"ENSMUSG00000140912",0,2,1,0
"Plpp1",43,39,27,10
"ENSMUSG00000140870",0,2,1,0
"Mtrex",257,414,189,161
"Dhx29",137,174,89,80
"Gm8795",2,2,1,0
"Ccno",6,10,6,1
"Gm10735",4,1,3,0
"Gpx8",837,1182,553,447
"Esm1",226,309,103,117
"ENSMUSG00000131062",8,9,1,3
"Snx18",81,116,47,56
"Arl15",17,35,16,10
"ENSMUSG00000137201",4,6,3,1
"Gm47479",4,7,2,1
"A430090L17Rik",2,2,2,1
"Gm47558",2,5,3,3
"Ndufs4",911,1191,568,456
"Fst",5,6,4,3
"Mocs2",378,551,282,212
"Itga2",1,2,0,4
"Itga1",5,3,1,7
"ENSMUSG00000138071",0,0,1,0
"Gm49395",1,0,0,0
"Pelo",3,2,2,2
"Gm10734",7,7,4,0
"Gm6035",5,9,2,1
"Isl1",10,15,6,5
"Parp8",60,97,50,25
"Emb",22,42,24,14
"Hcn1",0,0,0,1
"Mrps30",433,578,261,187
"B430218F22Rik",3,1,2,1
"Fgf10",5,3,3,2
"Nnt",29,25,12,9
"ENSMUSG00000128810",2,1,2,2
"ENSMUSG00000128774",5,2,0,3
"Paip1",314,411,185,184
"4833420G17Rik",81,131,51,57
"3110070M22Rik",4,4,2,3
"Tmem267",57,181,91,30
"Hmgcs1",263,344,164,134
"Nim1k",1,2,2,4
"Gm41077",55,87,28,24
"Zfp131",4498,6962,3042,2006
"Gm56589",35,55,16,13
"Tcstv4",1,2,1,0
"Gm20900",5,8,3,0
"Ube2e2",71,105,44,40
"Gm4939",1,5,0,0
"Ube2e1",13,23,13,9
"Nkiras1",40,66,29,23
"Rpl15",1446,2075,987,681
"ENSMUSG00000126286",2,1,0,0
"Nr1d2",33,44,24,15
"ENSMUSG00000133770",4,2,2,0
"Top2b",204,317,137,108
"Gm48163",1,0,1,0
"Ngly1",56,88,47,28
"Gm47798",1,0,1,1
"Gm47797",0,5,1,1
"5430414B19Rik",3,3,4,5
"Oxsm",6,15,6,6
"Nek10",87,94,58,22
"Slc4a7",162,234,110,68
"ENSMUSG00000124830",0,1,1,0
"Il3ra",23,25,14,12
"Psmd6",937,1336,672,486
"Atxn7",24,36,23,15
"Thoc7",599,829,407,301
"Gm11100",1,1,3,0
"ENSMUSG00000129571",1,1,0,0
"Gm5457",1,0,3,2
"Cadps",0,0,2,0
"Gm48266",3,0,0,0
"Gm48267",1,2,1,0
"Gm49355",1,0,2,0
"Cep15",99,156,77,70
"Ptprg",21,26,16,9
"ENSMUSG00000127100",0,3,1,0
"Gm48600",0,2,1,0
"Gm48601",2,0,0,0
"Gm48602",1,1,1,1
"Gapdhrt",2,2,1,1
"ENSMUSG00000124246",719,985,483,382
"Gm8416",4,4,5,1
"Fam3d",0,0,0,3
"Acox2",0,2,1,0
"Kctd6",111,126,60,46
"Pdhb",313,410,211,168
"Pxk",102,143,102,46
"Rpp14",159,210,96,60
"ENSMUSG00000122055",0,2,0,1
"Abhd6",48,99,39,26
"ENSMUSG00000122124",2,2,1,0
"Dnase1l3",1,5,1,3
"Flnb",188,303,149,71
"ENSMUSG00000121456",1,9,3,2
"Gm16741",1,3,3,1
"Gm2237",2,10,2,1
"Nid2",3,0,2,0
"Rtraf",1039,1365,615,477
"Gng2",60,81,43,24
"Saysd1",107,205,105,50
"Gm56764",47,81,47,26
"Kcnk5",5,6,7,2
"Nudt13",33,52,16,31
"Ecd",149,201,103,91
"Fam149b",47,92,32,18
"Gm30054",1,2,0,0
"Dnajc9",311,478,213,145
"Mrps16",809,1247,569,368
"Anxa7",448,603,287,196
"Mss51",1,3,5,1
"Ppp3cb",177,220,94,72
"1810062O18Rik",1,2,1,1
"Usp54",25,40,15,9
"2810402E24Rik",42,76,34,10
"Myoz1",1,0,2,0
"Synpo2l",0,2,1,3
"ENSMUSG00000137335",5,5,2,2
"Sec24c",79,104,61,34
"6230400D17Rik",7,7,1,2
"Fut11",31,57,22,12
"Gm25328",0,2,1,0
"Chchd1",1056,1527,705,505
"Zswim8",74,113,61,43
"Ndst2",33,48,20,18
"Camk2g",91,154,70,44
"Gm30108",8,12,4,1
"Plau",28,35,16,13
"Vcl",151,244,107,80
"Ap3m1",80,116,57,31
"Adk",329,456,209,151
"Gm30363",3,2,4,0
"Kat6b",54,91,42,29
"ENSMUSG00000128228",1,1,0,0
"Samd8",49,63,30,25
"Vdac2",1041,1397,718,503
"Comtd1",163,259,110,71
"A430057M04Rik",7,1,2,1
"Dlg5",42,70,24,17
"ENSMUSG00000138832",0,3,0,3
"Gm47814",2,2,3,3
"Polr3a",38,42,30,20
"Rps24",16508,23488,11479,7765
"Zmiz1os1",7,8,6,2
"Gm41113",0,4,1,0
"Zmiz1",139,220,132,74
"Gm47920",0,3,3,2
"Ppif",105,159,72,48
"1700054O19Rik",0,1,2,1
"Zcchc24",118,188,81,62
"Anxa11",109,148,76,63
"Plac9",4,3,2,1
"Tmem254",153,260,126,84
"Slmapos2",1,5,3,1
"Slmap",118,202,112,53
"ENSMUSG00000133463",3,4,1,2
"Dennd6a",49,62,29,32
"Arf4os",0,3,2,1
"Arf4",865,1253,616,413
"Pde12",61,95,51,26
"9930004E17Rik",2,2,1,0
"Appl1",206,250,161,90
"Il17rd",14,17,5,4
"Arhgef3",3,3,0,1
"Tasor",79,94,61,46
"Ccdc66",41,60,25,22
"Erc2",28,50,25,11
"Wnt5a",63,101,55,43
"Selenok",1073,1602,796,526
"Actr8",69,102,43,46
"Dcp1a",19,39,18,20
"Tkt",974,1321,702,554
"Prkcd",82,110,47,49
"Gm52147",4,0,0,0
"Gm7644",2,0,0,0
"Gm56751",1,5,2,3
"Rft1",36,71,36,16
"Sfmbt1",38,64,25,38
"1700087M22Rik",23,27,17,4
"Stimate",80,141,61,39
"ENSMUSG00000144114",1,0,0,0
"Mustn1",2,3,1,0
"ENSMUSG00000139965",6,5,4,1
"Nek4",49,58,37,17
"Spcs1",1249,1825,887,632
"Glt8d1",67,110,69,41
"Gnl3",1333,1834,822,593
"Pbrm1",617,965,392,259
"Uqcc5",294,363,185,102
"Nt5dc2",288,429,202,139
"Stab1",1,6,2,1
"Nisch",368,545,272,198
"Tnnc1",12,17,7,12
"Phf7",45,53,21,18
"Bap1",54,71,25,23
"Dnah1",2,1,0,0
"Capn7",74,102,45,34
"Sh3bp5",126,183,94,59
"ENSMUSG00000134451",2,5,2,1
"Mettl6",93,140,60,52
"Eaf1",25,50,27,11
"Gm49270",1,4,2,3
"Hacl1",12,21,9,5
"Btd",49,71,40,23
"Ankrd28",61,109,59,29
"Gm49308",2,4,2,0
"ENSMUSG00000121706",13,10,5,5
"D830044D21Rik",3,1,2,4
"ENSMUSG00000122720",6,3,0,0
"Dph3",725,1034,512,317
"Oxnad1",90,100,56,30
"Ncoa4",105,137,76,34
"Timm23",1425,1928,885,632
"Parg",48,63,44,32
"Gm17210",0,4,1,0
"Gm46447",1,4,0,0
"Ogdhl",1,1,1,2
"Ercc6",10,14,8,7
"Wdfy4",0,1,2,1
"Arhgap22",16,20,9,7
"Mapk8",45,69,39,23
"A630023A22Rik",1,1,1,0
"Anxa8",3,5,5,2
"Rpl23a-ps3",7,4,0,0
"Gm49201",0,2,0,1
"Shld2",28,44,17,9
"Glud1",343,463,228,165
"Gm3219",19,24,8,5
"ENSMUSG00000128628",3,9,1,4
"Sncg",1,1,1,2
"Mmrn2",8,10,5,2
"Bmpr1a",143,201,84,81
"Gm17110",12,10,11,3
"Ldb3",2,1,0,0
"5830448L01Rik",4,6,2,1
"Wapl",245,357,181,96
"Grid1",1,3,1,0
"Ccser2",69,124,70,33
"Gm56749",0,3,0,0
"Gpr15lg",1,3,0,1
"Ghitm",724,951,492,315
"ENSMUSG00000126002",5,9,1,0
"ENSMUSG00000134155",6,4,1,0
"Eif1-ps1",7,12,11,3
"Tspan14",25,62,25,13
"Prxl2a",8,8,3,3
"Mat1a",2,0,0,1
"ENSMUSG00000141329",2,1,5,1
"Cdv3-ps",5,12,3,1
"Gm9732",2,0,1,1
"ENSMUSG00000121405",2,0,0,1
"Gm6526",0,1,1,0
"Gm7324",1,12,7,2
"Gm8113",3,5,2,0
"Gm8212",0,1,0,1
"Gm32857",1,1,1,0
"ENSMUSG00000134344",1,5,0,0
"Gm5624",0,1,0,0
"Txndc16",10,14,6,1
"Gpr137c",1,6,2,0
"Ero1a",324,413,201,136
"Psmc6",1282,1790,852,599
"Styx",16,14,8,6
"Gnpnat1",16,26,8,7
"Fermt2",494,831,329,240
"9630050E16Rik",7,12,4,6
"4930527F14Rik",1,6,1,2
"Ddhd1",53,86,38,18
"Gm49125",0,1,1,2
"ENSMUSG00000135364",0,3,0,1
"Gm8317",2,5,0,1
"Gm37257",2,2,2,1
"Ubb-ps",13,23,9,3
"Bmp4",31,52,37,18
"Gm15222",5,9,3,2
"4933425B07Rik",0,2,1,1
"Cdkn3",282,414,208,159
"Cnih1",850,1126,549,363
"Gm48933",3,3,2,2
"Gmfb",205,346,183,98
"Gm10101",9,15,3,3
"Cgrrf1",173,253,106,96
"Gm34934",11,16,6,2
"Samd4",165,266,127,78
"2810457G06Rik",2,2,4,0
"Gm48958",23,24,5,17
"ENSMUSG00000136363",30,35,22,11
"Gm10371",0,4,1,0
"Gch1",226,361,167,84
"Wdhd1",50,99,39,35
"Gm49149",0,2,0,2
"Socs4",53,62,34,32
"Mapk1ip1l",180,272,132,101
"ENSMUSG00000133416",2,6,1,0
"Lgals3",4181,6412,3129,2054
"Dlgap5",153,237,118,100
"Gm48975",4,7,3,0
"Fbxo34",55,78,31,31
"Gm48986",4,2,2,1
"Atg14",28,31,18,13
"Ktn1",1534,2198,1013,735
"Gm6055",2,0,0,1
"Gm3534",3,2,1,0
"Tmem260",27,44,23,12
"Gm48909",3,4,0,0
"Exoc5",158,214,114,66
"Gm49204",3,1,0,1
"Ap5m1",27,39,16,8
"Naa30",33,59,37,24
"Ttc5",59,103,43,37
"Gm10916",0,1,0,1
"Rpph1",24,23,16,3
"Parp2",207,303,148,88
"Tep1",27,45,24,16
"Gm26782",75,126,59,48
"Osgep",202,247,97,75
"Apex1",27,37,23,22
"Pip4p1",167,220,120,94
"Pnp",536,754,411,233
"Rnase4",37,44,28,23
"Ang",44,52,15,13
"ENSMUSG00000129848",2,2,4,2
"Gm4181",0,1,1,2
"ENSMUSG00000127885",2,3,3,1
"Mettl17",21,23,16,11
"Slc39a2",0,1,0,1
"Arhgef40",84,92,44,40
"Gm16617",17,22,9,12
"Zfp219",23,30,22,10
"ENSMUSG00000127911",0,0,1,2
"Gm49086",2,0,0,0
"Hnrnpc",892,1246,664,457
"Rpgrip1",1,5,1,1
"Supt16",367,612,248,187
"Gm26590",8,15,5,3
"Chd8",183,266,161,97
"Gm43766",2,0,3,0
"Rab2b",0,5,1,0
"Tox4",140,195,101,77
"Mettl3",94,161,55,71
"Sall2",17,37,20,17
"Gm6740",2,0,1,0
"Trac",8,17,4,4
"Dad1",1323,1970,946,606
"Abhd4",46,73,44,16
"Gm43305",9,12,6,4
"Oxa1l",191,303,132,100
"Slc7a7",2,5,2,2
"ENSMUSG00000132011",2,3,0,2
"Mrpl52",1738,2473,1203,794
"Mmp14",254,402,216,169
"Gm56768",97,148,74,52
"5430430K15Rik",4,1,0,0
"Gm10366",0,2,0,0
"Lrp10",197,298,138,91
"Prmt5",248,354,190,98
"ENSMUSG00000134013",7,5,3,1
"Haus4",289,444,201,120
"ENSMUSG00000137598",0,4,0,0
"ENSMUSG00000137556",1,1,0,0
"Ajuba",102,191,86,66
"ENSMUSG00000137702",1,0,1,1
"4931414P19Rik",8,19,4,3
"Psmb5",1847,2587,1222,813
"Psmb11",0,1,2,0
"Cdh24",4,6,7,1
"Acin1",608,857,405,295
"1700123O20Rik",178,270,120,90
"Cirop",1,1,0,0
"Gm8865",0,1,1,1
"Homez",3,7,2,6
"Ppp1r3e",9,12,1,1
"Bcl2l2",15,24,14,11
"ENSMUSG00000130298",1,3,2,1
"Pabpn1",133,178,76,57
"Ngdn",281,456,214,162
"Zfhx2",19,33,20,19
"Thtpa",1,2,0,0
"Ap1g2",19,18,11,6
"Jph4",4,3,3,6
"Dhrs4",129,176,87,78
"Pck2",183,274,149,100
"Dcaf11",38,57,33,16
"Psme1",1612,2182,1060,777
"Emc9",19,33,12,15
"Psme2",1719,2469,1130,893
"Rnf31",28,36,17,13
"Irf9",77,117,43,43
"Ipo4",180,241,125,82
"Tm9sf1",40,42,28,12
"Gm49747",8,16,4,5
"Tssk4",0,1,0,0
"Mdp1",163,293,126,65
"Nedd8",1666,2481,1139,757
"Gmpr2",6,14,6,4
"Tinf2",70,113,44,43
"Rabggta",59,67,36,18
"Dhrs1",188,247,135,79
"Nop9",187,289,149,107
"Nfatc4",15,28,12,15
"Cbln3",1,0,1,0
"Khnyn",13,18,9,15
"Sdr39u1",0,2,2,2
"Mcpt8",13,16,11,7
"Gm4819",3,3,3,0
"Cenpj",49,59,19,19
"Parp4",64,82,43,44
"ENSMUSG00000121794",3,4,3,0
"Mphosph8",325,461,200,135
"Gm16973",6,7,1,1
"Pspc1",109,174,80,69
"ENSMUSG00000143086",5,10,6,7
"Zmym5",66,102,49,30
"2410022M11Rik",55,81,35,27
"Zmym2",37,74,33,25
"ENSMUSG00000136769",0,3,1,2
"ENSMUSG00000143869",2,1,0,0
"Cryl1",43,52,21,19
"Ift88",18,24,17,17
"Il17d",3,4,0,0
"Eef1akmt1",312,480,252,144
"1700039M10Rik",2,1,0,0
"Xpo4",119,152,73,57
"Lats2",146,225,106,68
"ENSMUSG00000142797",3,1,0,0
"Sap18",763,1139,501,360
"Ska3",72,95,36,38
"Mrpl57",1178,1645,742,462
"Gm22738",0,2,0,0
"Zdhhc20",139,280,118,73
"Micu2",135,201,88,73
"3110083C13Rik",3,7,5,0
"Rpl13-ps3",10,13,13,2
"Rcbtb1",37,67,37,29
"Phf11a",1,1,5,0
"Phf11b",9,16,17,5
"Phf11d",226,305,158,101
"Phf11c",0,4,1,0
"Setdb2",18,25,14,8
"Gm16301",1,2,0,0
"Cab39l",123,153,67,38
"Cdadc1",58,99,40,27
"Gm9013",8,10,7,7
"Gm6913",1,1,0,0
"Gm49336",53,83,33,19
"Mtmr6",28,48,18,21
"Spata13",35,53,21,15
"Mipep",23,50,7,6
"Sacs",23,40,14,10
"Arl11",10,17,16,4
"Ebpl",193,278,112,101
"Kpna3",215,266,140,84
"Rps12-ps2",3,0,1,0
"Spryd7",131,209,90,59
"Dleu2",95,127,63,54
"Trim13",20,32,16,10
"Gm27010",3,3,4,1
"Gm27017",1,3,3,2
"Gm37420",2,5,1,2
"Gm37820",4,3,2,4
"Rnaseh2b",207,262,138,108
"Ints6",67,101,54,43
"Wdfy2",24,20,12,11
"Ctsb",944,1315,639,486
"Fdft1",209,321,136,90
"Gata4",1,2,0,0
"Gm49390",2,2,1,1
"Mtmr9",43,54,27,19
"Xkr6",2,9,1,3
"Gm56759",8,17,9,5
"Pinx1",165,263,134,83
"Msra",37,62,21,20
"ENSMUSG00000136441",2,2,4,0
"Kif13b",23,29,15,17
"Hmbox1",25,44,14,16
"Gm37183",6,7,5,7
"Ints9",61,96,36,24
"Extl3",48,56,31,23
"Zfp395",30,43,16,14
"Elp3",83,109,56,41
"Nuggc",11,26,15,16
"Pbk",454,639,257,182
"Esco2",153,244,100,71
"Ccdc25",136,225,92,72
"Scara3",35,55,26,24
"Clu",291,394,226,184
"Adam2",0,14,8,4
"Ephx2",3,2,0,2
"Ptk2b",3,8,2,0
"1700001G11Rik",13,6,8,4
"Trim35",274,331,198,159
"Stmn4",1,1,0,0
"Dpysl2",252,347,189,142
"Gm5464",2,1,1,0
"Pnma2",2,2,3,1
"Gm9570",1,10,1,3
"Gm24258",0,3,0,0
"Bnip3l",201,260,127,116
"Ppp2r2a",188,242,91,101
"Gm30806",0,3,0,0
"Gm20667",7,7,3,4
"Cdca2",160,247,96,58
"Kctd9",75,91,36,23
"Gnrh1",1,1,1,0
"Dock5",53,59,38,28
"Gm31107",3,1,0,0
"Stc1",1,2,4,2
"Rps2-ps5",7,11,3,4
"Slc25a37",124,170,100,70
"Synb",0,0,1,1
"Loxl2",102,180,101,21
"R3hcc1",175,235,122,94
"Chmp7",70,101,56,36
"ENSMUSG00000135048",1,7,1,2
"Tnfrsf10b",40,59,35,32
"Rhobtb2",43,47,23,15
"ENSMUSG00000133008",1,6,1,3
"Egr3",2,2,1,2
"Bin3",89,135,60,42
"Ccar2",30,51,14,18
"9930012K11Rik",33,46,30,11
"Pdlim2",824,1235,563,397
"Sorbs3",72,86,33,31
"Gm49417",0,2,2,0
"Ppp3cc",32,51,27,18
"1700031C06Rik",2,4,0,1
"Slc39a14",54,84,34,24
"Polr3d",180,232,122,68
"Bmp1",99,130,62,41
"Reep4",323,463,232,155
"ENSMUSG00000133477",1,1,0,1
"Nudt18",47,101,47,45
"Fhip2b",12,32,11,7
"Dmtn",2,4,0,1
"ENSMUSG00000129638",0,0,2,0
"Xpo7",94,151,65,47
"Gm49244",1,3,1,0
"2410012E07Rik",2,0,0,1
"Gfra2",5,4,2,6
"Fndc3a",152,200,112,73
"Gm16549",0,1,1,0
"ENSMUSG00000139472",1,4,0,0
"Rcbtb2",148,218,123,84
"Rb1",20,34,16,10
"Lpar6",31,56,32,16
"Itm2b",2430,3398,1723,1259
"Med4",229,346,154,98
"Nudt15",6,6,3,5
"Sucla2",334,461,236,162
"Gm16409",3,8,6,1
"ENSMUSG00000138717",4,6,1,0
"ENSMUSG00000128490",1,0,0,1
"Esd",3676,5086,2641,2279
"Lrch1",29,26,15,6
"Gm10847",3,4,1,1
"Rubcnl",0,1,0,1
"Zc3h13",229,363,155,126
"Cog3",25,29,19,10
"Slc25a30",57,97,46,28
"Gm4285",34,54,37,18
"Tpt1",14165,19955,9536,7255
"ENSMUSG00000132833",0,0,0,2
"Gtf2f2",246,371,167,118
"Kctd4",9,9,8,2
"ENSMUSG00000132902",3,4,1,1
"Gpalpp1",83,101,53,40
"Nufip1",178,272,132,93
"Rps2-ps6",2,2,2,0
"ENSMUSG00000136079",1,1,0,0
"Tsc22d1",302,368,225,168
"ENSMUSG00000136119",0,1,0,1
"Serp2",127,171,77,57
"Lacc1",27,31,15,8
"Ccdc122",18,21,12,11
"Enox1",8,6,5,4
"Gm10132",1,3,1,1
"Gm56765",1,1,1,0
"Dnajc15",889,1287,682,481
"ENSMUSG00000141600",4,2,3,2
"Epsti1",9,13,6,7
"ENSMUSG00000134203",0,2,0,0
"Akap11",128,210,94,61
"Dgkh",75,108,51,39
"Gm48998",2,2,4,1
"Vwa8",75,95,46,31
"Gm6997",14,20,6,7
"Rgcc",15,20,10,8
"Naa16",155,249,118,80
"Mtrf1",69,123,69,39
"Kbtbd7",8,9,5,4
"Wbp4",1177,1708,852,547
"Elf1",290,411,185,134
"ENSMUSG00000137490",2,3,0,0
"ENSMUSG00000137336",0,3,2,1
"Sugt1",1101,1642,699,553
"Pcdh17",36,46,17,11
"9630013A20Rik",19,32,10,5
"Gm7004",3,5,6,0
"Gm32913",10,6,3,2
"Diaph3",438,613,295,229
"Gm49159",6,10,9,9
"ENSMUSG00000124821",3,9,5,2
"Tdrd3",68,105,58,48
"Gm49197",0,1,1,0
"Rps3a2",53,53,35,20
"Gm5088",15,23,7,5
"Gm48942",78,115,66,45
"Gm7232",2,3,0,0
"Klhl1",2,1,2,0
"ENSMUSG00000133588",4,1,4,3
"Gm15515",5,7,5,5
"Dach1",6,7,6,5
"Rpl36a-ps1",15,22,14,11
"Mzt1",240,333,146,137
"Bora",126,213,77,55
"Dis3",221,339,147,109
"Pibf1",87,138,71,48
"Klf5",174,278,112,106
"ENSMUSG00000137914",2,3,0,0
"Tbc1d4",33,42,20,15
"Commd6",357,511,237,167
"Uchl3",1823,2580,1165,838
"Gm9922",23,46,13,8
"Lmo7",347,481,268,177
"Gm5854",49,55,28,14
"4933432I03Rik",5,6,4,2
"Rpl17-ps7",2,2,1,0
"ENSMUSG00000139440",1,0,2,0
"Acod1",3,18,16,5
"Cln5",119,178,91,75
"Fbxl3",80,127,60,53
"Mycbp2",349,560,274,173
"ENSMUSG00000139609",1,3,1,1
"1700087I21Rik",23,40,16,22
"Gm4654",2,0,0,0
"Gm34907",1,1,0,1
"Obi1",140,206,100,92
"ENSMUSG00000124037",0,1,0,1
"Rbm26",302,429,220,130
"Gm17066",40,53,34,21
"Gm56767",30,38,12,10
"ENSMUSG00000125648",7,17,4,2
"Ndfip2",443,586,277,210
"ENSMUSG00000131040",0,1,0,0
"9330188P03Rik",108,147,60,45
"Gm10076",4480,6795,3141,2257
"ENSMUSG00000140707",46,74,38,22
"Spry2",163,191,114,63
"ENSMUSG00000127940",8,12,4,4
"ENSMUSG00000123615",0,7,1,2
"ENSMUSG00000130874",1,1,1,0
"Rpl27a-ps2",2,0,0,0
"Tpm3-rs7",19,44,15,13
"Mir17hg",31,35,17,20
"Dct",1634,2202,956,613
"Tgds",103,150,84,60
"Gpr180",185,251,106,103
"Abcc4",29,35,16,15
"ENSMUSG00000123638",2,5,2,2
"Cldn10",2,3,0,1
"Dzip1",17,31,10,11
"Gm49179",1,3,0,0
"Gm56747",7,7,2,2
"Dnajc3",1176,1637,795,578
"ENSMUSG00000130615",1,0,0,1
"Gm49768",8,13,3,1
"Uggt2",37,49,22,25
"Gm16835",14,27,7,10
"ENSMUSG00000129163",2,0,0,0
"ENSMUSG00000134711",0,2,2,2
"Mbnl2",539,826,387,280
"Gm26679",4,1,1,2
"ENSMUSG00000122249",7,26,5,2
"Rap2a",135,198,114,81
"Gm41253",253,322,117,128
"Ipo5",685,1045,467,328
"Farp1",253,374,184,136
"ENSMUSG00000136806",1,2,0,0
"B930095G15Rik",125,225,79,74
"Stk24",463,617,307,264
"Dock9",85,136,69,57
"1810041H14Rik",9,14,6,8
"Ubac2",282,377,199,123
"Gpr18",0,5,2,1
"A330035P11Rik",2,2,5,2
"Tm9sf2",511,687,322,269
"Gm17082",0,1,1,1
"Clybl",49,87,29,15
"1700108J01Rik",6,6,1,2
"Gm5089",1,2,2,2
"Pcca",66,102,44,35
"Gm49260",0,2,1,0
"Ggact",29,47,23,13
"4930594M22Rik",20,23,8,4
"Tmtc4",95,150,76,51
"Gm54621",2,4,1,0
"AA536875",0,2,2,0
"Nalcn",1,0,1,0
"Itgbl1",119,193,74,69
"Fgf14",3,4,2,2
"1700024B18Rik",3,2,1,1
"ENSMUSG00000134611",4,8,1,1
"Gm49069",1,3,1,1
"Selenop",0,1,1,1
"Ghr",37,67,32,32
"Gm17873",2,3,2,1
"Fbxo4",129,174,93,61
"ENSMUSG00000143285",2,0,0,0
"Rimoc1",37,42,24,16
"Oxct1as",6,11,7,3
"Oxct1",553,817,416,336
"Gm16374",1,2,1,3
"ENSMUSG00000142079",1,5,0,0
"Card6",19,14,7,10
"Rpl37",31492,44640,22265,15150
"Gm10250",16,22,21,4
"Prkaa1",73,101,68,48
"Ttc33",97,130,72,44
"Ptger4",2,3,1,1
"Dab2",147,208,124,86
"Fyb1",1,6,2,4
"Gm2245",0,2,3,2
"Gm7666",6,7,3,0
"Rictor",107,119,80,48
"ENSMUSG00000135596",0,0,2,0
"Osmr",6,12,9,5
"Lifr",2,3,4,1
"Gm49207",5,5,2,1
"ENSMUSG00000122081",1,2,0,0
"Gdnf",16,20,9,13
"Wdr70",244,336,165,138
"Rpl19-ps6",3,3,2,1
"ENSMUSG00000141358",1,0,1,3
"Nup155",92,134,81,47
"Cplane1",95,149,70,53
"ENSMUSG00000134131",2,2,3,1
"Nipbl",377,569,280,202
"ENSMUSG00000143652",22,26,18,9
"Gm49249",17,39,11,6
"Nadk2",100,112,52,54
"Skp2",138,180,81,43
"Lmbrd2",67,90,38,31
"Gm56738",3,1,3,0
"Dnajc21",680,965,445,311
"Brix1",684,1004,452,348
"Rad1",80,135,55,42
"Rai14",272,363,183,104
"Gm10389",13,24,6,4
"4930556M19Rik",9,11,5,6
"ENSMUSG00000123406",0,2,0,1
"Gm19276",1,1,1,0
"ENSMUSG00000133415",3,4,5,0
"Amacr",54,117,68,26
"Adamts12",2,3,2,1
"Tars1",563,733,375,254
"ENSMUSG00000138240",0,1,0,0
"Npr3",45,60,25,26
"Gm5144",3,4,2,1
"Sub1",2110,3006,1482,1115
"Zfr",239,332,158,122
"Gm49240",5,64,16,7
"Mtmr12",30,44,19,15
"Gm56692",9,5,5,6
"Golph3",183,289,139,100
"Pdzd2",24,32,18,8
"6030458C11Rik",52,87,31,29
"Drosha",154,156,85,63
"Gm8318",0,3,2,2
"Acot10",1,3,0,1
"Basp1",2,1,0,0
"Gm5468",0,0,2,1
"Myo10",259,383,158,123
"Gm48996",15,26,15,13
"ENSMUSG00000134509",14,18,7,3
"Retreg1",235,381,173,141
"Zfp622",240,380,194,126
"Gm6576",14,18,9,6
"Gm36899",1,2,3,1
"Ank",146,212,121,80
"B230362B09Rik",11,10,2,1
"Otulin",414,579,253,194
"Otulinl",4,1,5,2
"Trio",139,179,94,59
"Gm20555",3,2,3,1
"Gm31458",2,2,0,0
"Dap",1085,1542,759,499
"Ankrd33b",32,58,24,24
"ENSMUSG00000131798",2,3,1,1
"Ropn1l",57,61,32,18
"Gm49208",1,1,0,0
"Marchf6",86,140,63,57
"Gm49216",0,1,1,1
"Gm49215",4,4,2,2
"ENSMUSG00000141798",15,11,13,9
"Cmbl",1,2,1,0
"Cct5",2725,3750,1873,1241
"Atpsckmt",78,151,72,51
"Snhg18",453,728,369,253
"ENSMUSG00000133330",0,1,0,1
"Sema5a",145,237,98,85
"Gm32618",62,90,46,36
"Sdc2",437,654,328,196
"ENSMUSG00000141470",0,5,2,0
"Gm32764",1,2,0,0
"Cpq",44,77,25,26
"Gm56714",5,1,3,0
"ENSMUSG00000121683",0,1,2,0
"Gm41291",1,9,1,0
"Mtdh",1619,2360,1139,805
"9930017N22Rik",27,42,25,13
"Laptm4b",237,330,181,130
"Matn2",91,142,64,64
"Rpl30",8821,12176,6066,4346
"D730044K07Rik",2,2,2,0
"Rida",130,222,106,68
"Pop1",248,328,139,106
"Gm49195",0,1,0,2
"Stk3",154,208,125,69
"Osr2",59,104,46,35
"4921515G04Rik",15,34,13,6
"Vps13b",51,78,44,18
"Gm48966",3,6,3,1
"Gm7968",1,2,2,1
"9130002K18Rik",5,5,2,4
"Gm48965",1,0,2,1
"Gm48961",2,3,0,1
"Cox6c",4545,6451,3298,2362
"Polr2k",827,1102,551,396
"Spag1",11,18,5,3
"Rnf19a",46,59,23,24
"Rpl7a-ps3",1,0,0,2
"Ankrd46",60,95,52,36
"Gm54755",0,0,2,1
"Pabpc1",5098,7142,3500,2422
"Gm49262",1,1,2,0
"Gm56743",28,36,12,11
"Ywhaz",1592,2181,1063,758
"Gm49282",3,0,1,2
"Gm56703",2,9,5,2
"Gm34590",3,4,4,2
"Zfp706",1264,1836,873,574
"Gm26766",2,1,1,2
"Gm35019",0,6,1,0
"Rrm2b",60,70,35,33
"Gm3362",2,3,0,0
"Gm49085",5,9,1,3
"Ubr5",137,208,97,85
"Gm49312",5,3,5,2
"Gm35167",1,1,0,0
"ENSMUSG00000128411",2,2,2,0
"Klf10",84,100,34,38
"Gm35248",1,2,0,0
"G930009F23Rik",67,98,44,36
"ENSMUSG00000130953",2,1,1,0
"Azin1",239,346,155,129
"Gm49077",6,3,5,2
"2310043O21Rik",3,4,3,0
"Atp6v1c1",278,395,185,149
"Baalc",31,32,13,12
"Gm49097",3,6,1,1
"ENSMUSG00000136918",5,1,0,4
"Gm26704",4,6,0,2
"Fzd6",62,102,51,25
"ENSMUSG00000136950",1,2,2,2
"Slc25a32",61,77,41,33
"Dcaf13",314,415,219,169
"ENSMUSG00000134786",2,2,3,1
"Gm9522",2,1,0,1
"Lrp12",17,33,6,5
"ENSMUSG00000139549",3,5,4,2
"Zfpm2",242,338,169,116
"Gm49525",31,52,23,23
"Gm49526",10,16,9,6
"Gm49524",23,29,14,12
"ENSMUSG00000130716",1,2,0,0
"Oxr1",84,111,69,38
"Abra",1,0,0,1
"Angpt1",7,9,6,3
"Gm17473",0,0,0,0
"Gm9658",1,2,0,1
"Eif3e",1666,2401,1198,866
"Gm10373",0,3,0,1
"Emc2",422,664,321,215
"Tmem74",2,8,5,4
"Nudcd1",218,284,127,78
"Eny2",1309,1886,966,579
"Ebag9",155,203,101,64
"Sybu",4,7,7,2
"Csmd3",8,10,6,3
"Trps1",142,212,101,84
"Eif3h",3515,4895,2456,1788
"Utp23",262,374,162,102
"Gm34678",0,4,2,1
"Rad21",495,681,339,258
"Gm2387",0,0,3,0
"Med30",521,768,374,247
"Ext1",257,352,204,123
"ENSMUSG00000128432",0,1,0,2
"Samd12",13,11,4,10
"Ccn3",1,2,4,5
"Enpp2",61,70,28,29
"Gm26684",2,3,2,1
"Taf2",70,109,53,38
"Dscc1",130,169,92,69
"Gm9920",1,4,0,1
"Deptor",5,13,5,5
"Col14a1",1,2,1,1
"Mrpl13",881,1267,638,413
"Mtbp",66,96,50,22
"ENSMUSG00000139767",1,1,2,1
"Sntb1",2,0,0,0
"Has2",0,1,3,0
"Gm5673",1,3,3,1
"Zhx2",4,10,4,1
"Gm16006",1,0,2,1
"Derl1",541,714,399,239
"ENSMUSG00000122636",1,2,3,0
"ENSMUSG00000134558",0,0,1,1
"Tbc1d31",66,94,49,29
"ENSMUSG00000134660",0,1,1,1
"Fam83a",1,2,3,2
"9130401M01Rik",546,885,428,282
"Gm29394",1,5,1,0
"ENSMUSG00000124097",10,11,1,2
"Zhx1",40,64,23,30
"Atad2",640,926,487,353
"Ntaq1",62,71,36,23
"Gm15943",2,2,1,2
"Fbxo32",14,14,9,5
"Fam91a1",92,161,91,55
"Gm20712",2,6,6,3
"Tmem65",142,195,124,70
"ENSMUSG00000142818",1,2,0,0
"Trmt12",45,60,34,35
"Rnf139",13,16,10,7
"Tatdn1",151,219,113,80
"Ndufb9",2573,3764,1897,1307
"Mtss1",112,165,93,67
"Gm7691",5,8,4,1
"Sqle",318,404,193,109
"Washc5",259,341,171,126
"Nsmce2",273,437,201,111
"Gm56717",0,1,2,0
"Gm56697",13,16,4,6
"Trib1",87,122,66,52
"Gm2682",1,2,4,1
"Gm41331",24,32,15,11
"Gm38563",7,4,6,2
"ENSMUSG00000134759",2,1,0,0
"ENSMUSG00000131894",10,5,4,3
"Myc",242,371,168,92
"Pvt1",136,215,96,80
"Gm54428",12,13,4,4
"ENSMUSG00000130001",5,7,1,3
"ENSMUSG00000139246",6,9,3,2
"Tsg101-ps",0,2,0,0
"Cyrib",621,808,391,225
"Asap1",696,1048,494,398
"Gm20717",0,2,0,0
"Gm30563",0,0,1,1
"ENSMUSG00000122310",4,2,1,0
"Efr3a",319,452,231,139
"Gm2991",1,3,4,0
"Tmem71",6,10,6,7
"Phf20l1",285,432,211,145
"ENSMUSG00000132836",5,5,6,2
"Ccn4",240,400,182,142
"Ndrg1",117,134,89,62
"Gm2895",3,2,1,5
"Gm31342",1,1,1,0
"St3gal1",33,66,32,9
"ENSMUSG00000134840",15,29,10,9
"Gm56715",3,3,0,0
"Zfat",7,4,6,3
"Gm26621",0,2,1,0
"Gm37296",1,2,0,0
"Gm20732",1,2,0,0
"Gm7859",0,2,1,0
"Khdrbs3",583,757,378,305
"Gm49422",2,2,1,0
"Trappc9",41,55,34,18
"Peg13",3,8,2,3
"Chrac1",506,804,416,252
"Ago2",257,354,183,141
"Ptk2",176,227,115,101
"Gm7908",3,6,2,1
"Gm49066",32,52,37,12
"Gm10362",2,5,0,0
"ENSMUSG00000140289",4,0,2,0
"Dennd3",6,8,4,0
"Slc45a4",50,46,36,18
"ENSMUSG00000135827",4,2,3,2
"Gm7935",1,3,1,0
"Arc",1,2,2,1
"Jrk",15,22,11,13
"Them6",99,139,61,57
"Lynx1",9,22,13,9
"Ly6m",2,1,0,0
"ENSMUSG00000122563",0,1,1,2
"Gm39556",18,27,18,11
"ENSMUSG00000128977",16,22,10,5
"Ly6e",3836,5674,2969,2089
"Ly6i",2,2,3,0
"ENSMUSG00000130951",2,1,1,2
"Gm28068",1,3,2,2
"Ly6a",2501,4019,2149,1492
"Ly6c1",420,652,341,236
"ENSMUSG00000130989",36,55,37,24
"Ly6c2",5,5,1,1
"Ly6a2",1,0,2,1
"Ly6g",14,24,11,5
"Ly6f",8,10,4,4
"Zfp41",13,15,13,4
"ENSMUSG00000121880",2,0,1,1
"Top1mt",120,163,71,46
"Gm15945",1,0,1,0
"Rhpn1",1,2,1,0
"Zc3h3",17,26,12,16
"ENSMUSG00000127487",27,32,17,10
"Gsdmd",239,323,157,124
"ENSMUSG00000126127",2,4,1,1
"Naprt",4,3,0,2
"Eef1d",3822,5285,2629,1667
"ENSMUSG00000141200",0,0,0,0
"Tigd5",14,22,8,7
"Pycr3",145,199,109,77
"Gfus",349,471,241,155
"Zfp623",33,28,25,21
"Zfp707",33,50,32,29
"Fam83h",33,40,15,14
"Iqank1",2,1,4,0
"Scrib",120,147,68,53
"Puf60",690,973,483,332
"ENSMUSG00000142203",7,8,4,4
"Nrbp2",5,11,10,5
"Eppk1",8,11,5,4
"Plec",1075,1319,701,450
"Parp10",67,103,49,42
"Grina",549,844,496,316
"Smpd5",14,17,8,12
"Oplah",1,1,0,2
"Exosc4",395,601,311,168
"Gpaa1",107,174,68,43
"Rps6-ps1",2,2,2,2
"Cyc1",1256,1797,1010,602
"Sharpin",113,162,88,44
"Maf1",245,369,175,132
"Wdr97",1,0,0,2
"Hgh1",86,108,62,34
"Mroh1",98,184,74,53
"Bop1",286,358,180,116
"Hsf1",146,224,111,57
"Dgat1",77,92,43,36
"Fbxl6",121,175,98,51
"Slc52a2",52,72,36,21
"Adck5",75,133,72,44
"Gm49413",1,8,7,2
"Cpsf1",92,146,71,38
"Slc39a4",3,4,3,2
"Vps28",391,563,314,193
"Tonsl",41,75,33,25
"Gm57852",92,160,67,41
"Zftraf1",136,166,77,62
"ENSMUSG00000124379",5,5,3,0
"Kifc2",1,0,0,0
"Ppp1r16a",8,15,8,7
"Gpt",5,5,2,3
"Mfsd3",22,36,21,10
"Recql4",6,10,3,3
"Lrrc14",119,169,85,54
"C030006K11Rik",18,22,16,10
"ENSMUSG00000136970",0,2,0,1
"Arhgap39",87,116,66,34
"ENSMUSG00000132433",3,2,0,0
"Zfp251",38,42,20,15
"ENSMUSG00000126847",1,0,1,1
"Zfp7",44,41,21,11
"ENSMUSG00000143909",1,4,3,3
"Commd5",1,2,1,1
"Rpl8",19982,27187,14086,9086
"Zfp647",25,20,10,8
"ENSMUSG00000136586",1,1,0,0
"1110038F14Rik",338,486,247,163
"ENSMUSG00000141619",6,10,1,1
"Rbfox2",251,362,209,145
"1700109K24Rik",11,12,2,5
"4833412C15Rik",9,6,3,4
"Gm49411",0,1,0,1
"ENSMUSG00000139985",0,2,0,0
"Gm3787",5,0,1,0
"Apol7a",30,64,39,18
"Apol9a",310,450,263,162
"Apol10b",19,32,15,12
"Apol9b",130,211,123,86
"Gm49410",6,8,2,6
"Apol8",0,5,0,2
"Myh9",591,780,446,279
"Gm56741",56,61,37,37
"ENSMUSG00000137270",6,10,4,2
"Txn2",939,1269,599,408
"Foxred2",2,5,5,3
"Eif3d",1183,1700,903,560
"Gm17638",2,2,1,0
"Ift27",280,426,210,130
"Gm49694",0,3,2,1
"Ncf4",3,6,0,0
"Tst",108,119,75,46
"Mpst",106,138,75,48
"Kctd17",58,81,28,25
"C1qtnf6",91,113,56,58
"Gm49490",2,2,0,0
"Gm36738",28,38,20,11
"Cyth4",0,4,3,2
"Card10",65,89,49,37
"Cdc42ep1",95,145,59,43
"ENSMUSG00000130169",0,2,1,1
"Gga1",128,161,82,49
"ENSMUSG00000123439",4,3,7,3
"ENSMUSG00000144060",5,2,2,1
"Sh3bp1",95,176,88,60
"Pdxp",36,66,30,23
"ENSMUSG00000143980",192,261,147,74
"Lgals1",46788,66964,33174,22334
"Nol12",486,718,324,246
"Triobp",214,275,149,96
"Gm17753",0,1,4,0
"Gm49544",1,2,4,0
"H1f0",2088,2979,1653,894
"Gcat",318,409,218,134
"Gm3924",4,2,0,0
"Ankrd54",126,191,93,71
"Eif3l",963,1310,677,479
"ENSMUSG00000144039",5,6,1,1
"Micall1",39,52,30,17
"1700088E04Rik",0,3,1,0
"Polr2f",1395,1974,982,658
"Pick1",45,59,30,24
"Gm49486",1,5,1,2
"Pla2g6",4,3,3,2
"Maff",87,145,64,39
"Gm56727",23,45,22,14
"Tmem184b",86,122,65,40
"Csnk1e",359,535,263,172
"Gm16059",7,11,6,2
"ENSMUSG00000132106",5,8,5,6
"Kdelr3",173,209,123,92
"Ddx17",232,332,167,112
"Gm56720",0,2,0,0
"Cby1",143,158,89,65
"ENSMUSG00000133615",1,1,2,1
"Tomm22",1574,2182,1089,772
"Josd1",124,160,87,73
"Gm49520",0,3,0,0
"Gtpbp1",62,95,45,36
"Sun2",55,97,41,34
"Gm16575",2,0,0,1
"Gm16576",18,24,9,13
"Dnal4",88,150,67,38
"Nptxr",92,160,74,55
"Cbx6",125,193,102,62
"Gm10856",6,6,5,1
"ENSMUSG00000124500",2,6,3,4
"D730005E14Rik",14,16,20,10
"ENSMUSG00000115902",3,2,0,1
"Apobec3",371,585,334,234
"Cbx7",23,42,20,17
"Pdgfb",24,41,14,7
"Rpl3",9797,14072,6849,5134
"ENSMUSG00000143067",2,2,3,2
"Syngr1",401,571,264,216
"Gm31253",3,3,3,0
"Tab1",24,36,16,21
"ENSMUSG00000130807",0,2,1,0
"ENSMUSG00000130774",4,4,4,1
"Mgat3",39,61,34,22
"Mief1",74,105,37,29
"Gm56706",2,7,1,0
"Atf4",1116,1424,715,489
"Rps19bp1",629,908,476,282
"Enthd1",5,9,7,2
"Fam83f",34,17,19,9
"A430088P11Rik",12,13,8,10
"Tnrc6b",138,213,131,110
"ENSMUSG00000138465",0,5,4,1
"Adsl",305,415,261,156
"Gm6612",9,12,6,4
"Sgsm3",47,88,37,28
"Gm31462",0,0,0,2
"Mrtfa",39,57,42,13
"Gm49522",0,1,2,0
"4930483J18Rik",3,1,1,0
"Slc25a17",191,308,139,103
"St13",2610,3527,1843,1326
"Xpnpep3",16,16,10,6
"ENSMUSG00000137555",1,4,0,0
"Rbx1",2347,3201,1703,1053
"Gm5218",1,0,1,2
"Gm56709",3,5,2,3
"1110025M09Rik",9,7,0,2
"Ep300",118,172,87,62
"L3mbtl2",71,81,43,24
"Chadl",42,59,22,20
"ENSMUSG00000141927",1,2,2,1
"Rangap1",417,633,297,224
"Zc3h7b",110,148,70,52
"Tef",20,31,15,18
"ENSMUSG00000136498",3,1,0,0
"ENSMUSG00000136383",0,5,3,0
"Tob2",62,109,54,39
"Gm49476",10,15,3,8
"Phf5a",1124,1495,762,539
"Aco2",136,188,102,70
"Polr3h",217,293,183,107
"Pmm1",240,290,205,117
"Gm5805",33,61,32,16
"Xrcc6",226,341,157,99
"Desi1",260,417,199,130
"Snu13",1469,2035,959,667
"Ccdc134",43,68,26,10
"Gm56711",1,3,2,2
"Srebf2",251,359,187,130
"Gm49502",5,9,5,12
"Tnfrsf13c",0,1,1,1
"ENSMUSG00000129467",0,1,1,1
"Cenpm",187,301,162,66
"Naga",46,80,35,22
"Smdt1",1399,1863,945,657
"Ndufa6",1467,2020,1070,731
"Gm56734",1,1,1,0
"Gm56730",68,72,43,30
"Cyp2d22",11,12,12,10
"Gm49435",0,1,1,1
"Tcf20",199,264,142,103
"Gm20324",29,33,16,9
"Serhl",5,13,5,4
"Rrp7a",381,606,293,190
"ENSMUSG00000122818",1,3,0,1
"Poldip3",147,203,77,88
"Rnu12",18,37,14,9
"Cyb5r3",923,1380,645,510
"Gm49463",2,4,1,1
"A4galt",8,6,6,8
"Arfgap3",109,156,82,59
"1700001L05Rik",2,7,2,0
"Pacsin2",252,377,172,118
"Ttll1",48,69,40,41
"Bik",1,0,0,1
"Mcat",184,262,148,82
"Tspo",2912,4151,2122,1486
"Ttll12",102,150,97,54
"Gm52182",0,1,0,2
"Gm56731",1,1,1,3
"Samm50",622,865,432,293
"ENSMUSG00000124726",1,1,0,1
"Parvb",43,48,33,38
"Prr5",109,141,44,49
"Arhgap8",0,3,0,0
"Phf21b",4,5,1,1
"Gm4217",0,0,1,0
"Gm56728",16,29,11,13
"Nup50",221,371,189,113
"5031439G07Rik",149,220,100,66
"ENSMUSG00000136404",2,0,0,1
"Fam118a",46,78,15,19
"Fbln1",64,106,45,39
"Atxn10",842,1152,585,460
"Wnt7b",277,345,178,127
"AU022754",26,48,24,17
"ENSMUSG00000135529",1,2,0,0
"Lncppara",85,138,82,63
"ENSMUSG00000127239",10,16,7,4
"Cdpf1",131,196,90,60
"ENSMUSG00000143339",0,1,1,0
"Ttc38",5,9,2,3
"Gtse1",90,129,64,41
"Trmu",49,69,42,19
"Gramd4",64,73,37,28
"Cerk",56,82,35,25
"ENSMUSG00000138268",0,2,2,0
"ENSMUSG00000123392",0,4,0,1
"2810001A02Rik",160,238,102,69
"Tbc1d22a",29,36,25,17
"A930001M01Rik",4,10,4,0
"Brd1",252,384,185,144
"Zbed4",33,49,33,22
"Alg12",19,22,9,9
"Creld2",385,507,240,181
"Gm33049",5,5,0,5
"Pim3",292,448,218,128
"Gm8702",1,0,0,1
"ENSMUSG00000128827",1,2,0,2
"1810021B22Rik",17,19,8,16
"Trabd",319,439,218,136
"Selenoo",18,22,11,9
"Tubgcp6",12,26,8,7
"Hdac10",26,28,16,14
"ENSMUSG00000128937",2,0,0,1
"Mapk12",100,144,81,47
"Mapk11",33,33,18,12
"Plxnb2",193,240,130,92
"Dennd6b",8,12,6,5
"5730424H11Rik",1,3,1,0
"Ppp6r2",41,72,35,25
"Sbf1",88,119,69,46
"Adm2",2,0,1,0
"Lmf2",111,173,89,55
"Ncaph2",373,557,277,194
"ENSMUSG00000140378",3,1,0,1
"4930423K06Rik",3,4,1,3
"Cpt1b",0,1,0,0
"Chkb",49,70,40,33
"C730034F03Rik",83,91,46,45
"Mapk8ip2",4,8,3,1
"Arsa",132,245,103,62
"C230037L18Rik",18,31,16,8
"Shank3",2,2,2,2
"Gm15609",2,4,1,2
"Rabl2",65,69,37,30
"Gm56729",1,0,2,0
"Alg10b",128,192,88,77
"Cpne8",36,57,34,19
"Rpl31-ps8",0,1,1,0
"Tcea1-ps1",6,10,6,4
"Kif21a",102,160,110,73
"Abcd2",1,0,0,1
"ENSMUSG00000133096",1,2,2,1
"Lrrk2",46,64,37,24
"Gm4335",8,17,9,5
"Gxylt1",86,120,58,34
"Yaf2",433,615,313,213
"Zcrb1",1333,1995,978,577
"Pphln1",98,156,89,48
"Prickle1",8,17,9,10
"ENSMUSG00000124704",1,5,2,2
"Pus7l",44,57,24,12
"Irak4",30,48,17,17
"Twf1",260,379,192,147
"Tmem117",25,28,17,6
"A130051J06Rik",14,13,12,5
"Ano6",66,74,32,39
"Gm17546",2,4,3,1
"Gm49172",29,38,15,18
"2610037D02Rik",39,76,34,28
"ENSMUSG00000131962",0,2,0,1
"Arid2",116,162,81,49
"Scaf11",970,1351,710,498
"ENSMUSG00000143974",4,5,5,2
"ENSMUSG00000143934",2,11,2,3
"ENSMUSG00000126150",2,1,3,1
"Slc38a1",262,428,186,150
"ENSMUSG00000142043",0,1,1,1
"Gm56719",6,4,1,5
"Slc38a2",1293,1740,896,573
"Gm56723",6,6,4,3
"ENSMUSG00000143763",0,1,1,1
"Gm56707",1,1,0,1
"ENSMUSG00000128721",1,2,1,1
"Slc38a4",17,10,8,8
"ENSMUSG00000127035",0,3,1,2
"Gm32885",2,3,1,0
"Amigo2",526,849,393,264
"Pced1b",11,25,13,10
"Rpap3",337,507,235,168
"Endou",1,1,2,0
"Gm33531",1,2,0,3
"Rapgef3",14,24,16,11
"Rapgef3os2",1,4,0,0
"ENSMUSG00000130462",1,1,5,0
"Slc48a1",396,556,295,220
"Hdac7",153,207,97,56
"ENSMUSG00000125017",3,2,0,0
"Vdr",4,5,5,1
"Gm56696",6,2,3,1
"Tmem106c",90,114,78,32
"Senp1",64,93,46,37
"Pfkm",53,92,44,16
"Gm26513",0,1,1,0
"Asb8",68,84,44,27
"Kansl2",183,269,140,103
"Ccnt1",154,211,113,70
"9330020H09Rik",5,7,9,2
"Spmip11",1,0,2,0
"Adcy6",24,25,19,7
"Cacnb3",60,102,48,39
"Ddx23",109,153,78,62
"Rnd1",29,54,30,11
"Fkbp11",811,1069,523,318
"Arf3",122,197,99,63
"ENSMUSG00000124656",4,7,2,4
"Wnt10b",49,63,37,31
"B130046B21Rik",1,3,1,0
"Prkag1",103,136,58,36
"Kmt2d",120,161,81,54
"ENSMUSG00000131621",0,5,0,1
"5730414N17Rik",3,3,3,1
"Rhebl1",29,49,12,16
"Lmbr1l",29,35,15,11
"Gm41396",25,27,8,12
"ENSMUSG00000134023",2,9,2,2
"Tuba1b",2798,4141,1914,1353
"Tuba1a",1739,2355,1235,792
"ENSMUSG00000133786",3,3,3,2
"Gm56698",40,51,35,14
"4930578M01Rik",5,21,10,7
"Tuba1c",685,979,413,305
"ENSMUSG00000133868",5,2,1,3
"ENSMUSG00000133943",2,5,0,0
"Troap",83,112,60,38
"C1ql4",0,4,1,0
"ENSMUSG00000137884",1,2,2,1
"Dnajc22",27,62,29,13
"Spats2",134,201,113,75
"Mcrs1",218,298,151,110
"1700120C14Rik",17,23,5,9
"Prpf40b",16,30,10,13
"Fmnl3",64,73,32,30
"Tmbim6",1257,1731,965,622
"ENSMUSG00000127529",29,30,20,7
"Nckap5l",23,24,19,12
"Gm49484",2,2,0,0
"Bcdin3d",52,59,38,20
"Faim2",2,1,3,1
"Gm5808",2,0,1,0
"ENSMUSG00000134617",8,12,3,0
"Aqp5",1,0,2,2
"Aqp6",4,8,4,0
"Racgap1",520,743,405,265
"Asic1",17,41,22,13
"Smarcd1",230,346,154,117
"Gm34939",3,1,0,0
"Gm17241",2,0,1,0
"Gm16537",0,2,0,0
"Cox14",485,654,374,214
"Cers5",189,259,112,63
"ENSMUSG00000124737",8,9,5,4
"Gm17058",1,0,1,1
"Lima1",208,288,158,105
"Gm4468",8,11,6,3
"Gm49494",4,9,9,5
"ENSMUSG00000143678",1,10,7,3
"Uqcrh-ps1",1,0,1,0
"Larp4",252,405,185,161
"2310068J16Rik",30,60,21,19
"Dip2b",54,91,41,38
"Gm49474",3,6,2,4
"4930478M13Rik",6,11,6,0
"Gm56735",1,3,2,1
"Atf1",323,427,205,156
"Gm33666",1,1,1,0
"Tmt1a",15,26,12,12
"Slc11a2",83,115,73,48
"Gm5475",4,3,1,3
"5330439K02Rik",3,2,1,0
"Letmd1",63,79,57,28
"Csrnp2",12,21,10,9
"Tfcp2",13,32,12,9
"Pou6f1",13,15,4,6
"Gm27209",2,1,0,0
"Gm49492",0,1,2,1
"C330013E15Rik",4,13,5,2
"Dazap2",414,617,270,255
"Smagp",4,4,0,1
"ENSMUSG00000140480",3,7,2,0
"Cela1",35,58,33,14
"Slc4a8",2,3,3,1
"Fignl2",1,4,2,6
"ENSMUSG00000122850",0,2,3,0
"Acvrl1",1,0,0,0
"Acvr1b",6,15,9,4
"A330009N23Rik",1,5,1,1
"Tamalin",41,47,39,23
"ENSMUSG00000138192",5,1,2,1
"Nr4a1",45,45,25,20
"ENSMUSG00000141951",3,4,2,4
"Gm56721",4,8,2,2
"ENSMUSG00000141869",1,3,1,1
"Atg101",226,342,174,117
"Smim41",3,1,0,0
"ENSMUSG00000128935",0,1,0,1
"Gm49499",2,5,2,0
"Gm35853",5,15,8,5
"Krt80",77,117,55,36
"Krt7",11,20,12,1
"Krt79",0,2,1,4
"ENSMUSG00000133291",1,1,0,0
"Krt8",286,332,133,69
"Krt18",5,2,1,0
"Eif4b",699,984,494,336
"ENSMUSG00000135492",25,50,23,16
"Tns2",86,106,63,40
"Spryd3",56,77,38,43
"ENSMUSG00000141563",4,2,2,2
"Igfbp6",848,1375,755,566
"Soat2",1,5,3,1
"Csad",77,120,64,41
"Zfp740",48,75,43,41
"Itgb7",224,378,192,154
"Rarg",56,99,50,38
"Mfsd5",149,260,128,87
"Gm49479",0,1,3,2
"Espl1",94,154,73,46
"Pfdn5",1919,2628,1395,901
"Myg1",362,463,252,171
"Aaas",200,273,144,98
"Gm36246",1,5,0,0
"Gm56695",0,3,1,1
"Gm56704",5,2,0,1
"ENSMUSG00000130214",3,3,0,2
"ENSMUSG00000131830",2,6,1,1
"Sp1",66,72,47,24
"Prr13",465,685,338,233
"ENSMUSG00000134161",1,0,0,0
"Pcbp2",402,538,270,183
"Map3k12",28,48,19,24
"Tarbp2",172,255,117,83
"Atf7",74,114,37,41
"ENSMUSG00000134081",10,14,9,9
"Gm14541",622,870,448,334
"Gm4544",0,1,1,1
"Atp5mc2",42,70,27,20
"ENSMUSG00000134224",4,3,3,2
"Calcoco1",75,94,69,38
"Hoxc13",60,52,46,30
"Hotair",19,22,11,11
"Hoxc11",60,99,40,31
"Hoxc10",628,875,443,297
"Hoxc5",17,26,8,9
"Hoxc9",247,377,155,106
"ENSMUSG00000135994",23,37,12,10
"Hoxc8",7,19,10,6
"ENSMUSG00000133400",11,21,6,9
"Hoxc6",132,214,117,71
"Hoxc4",65,74,34,39
"ENSMUSG00000142394",17,29,21,14
"ENSMUSG00000123521",2,3,1,1
"Gm28876",6,10,5,2
"Gm10830",1,0,0,1
"D930007P13Rik",1,2,2,0
"Gm49477",2,0,1,0
"Smug1",26,50,23,22
"Cbx5",684,950,449,332
"ENSMUSG00000137538",26,46,25,18
"ENSMUSG00000137574",35,49,29,18
"Hnrnpa1",2199,3134,1554,1230
"Nfe2",1,3,3,2
"Copz1",452,596,288,234
"Zfp385a",55,108,54,39
"Itga5",66,111,79,38
"Gtsf1",1,4,3,2
"Gm49504",123,184,80,77
"6720473M11Rik",1,1,0,1
"Zfp263",43,82,26,28
"Gm41409",2,1,1,0
"Zfp174",1,1,0,0
"Zfp597",2,7,4,2
"Naa60",2,2,0,1
"1700037C18Rik",14,11,6,9
"Cluap1",59,72,48,33
"Gm15537",3,1,1,1
"Nlrc3",11,4,2,1
"Slx4",14,30,13,10
"Gm15879",2,5,0,1
"Trap1",128,203,96,91
"Crebbp",175,297,151,99
"Gm37186",0,2,1,0
"Adcy9",8,9,8,2
"Gm6142",6,5,3,1
"ENSMUSG00000129590",1,0,1,0
"Gm56602",2,1,1,0
"Srl",1,5,2,3
"Tfap4",52,127,43,30
"ENSMUSG00000141095",11,12,6,3
"Glis2",40,71,37,19
"Pam16",498,700,319,264
"Coro7",17,17,13,9
"Vasn",45,55,29,23
"Dnaja3",103,137,57,44
"Nmral1",108,184,93,45
"Hmox2",95,136,78,43
"Gm15859",1,6,0,1
"ENSMUSG00000127500",9,12,10,5
"Cdip1",81,133,61,42
"Ubald1",70,86,30,38
"ENSMUSG00000130563",1,0,2,2
"Mgrn1",54,88,44,24
"Gm16861",3,1,2,1
"Nudt16l1",90,114,68,51
"Anks3",18,32,8,6
"Dnaaf8",3,1,1,0
"Rogdi",21,30,19,15
"Glyr1",140,210,90,81
"Ubn1",222,298,132,113
"Nagpa",35,58,28,14
"Alg1",1,7,1,1
"Eef2kmt",51,98,52,23
"ENSMUSG00000128980",3,5,2,0
"Mettl22",75,112,51,37
"Tmem186",11,15,8,6
"Pmm2",73,95,47,55
"Carhsp1",318,449,225,149
"Usp7",257,320,157,119
"ENSMUSG00000125362",2,1,0,0
"Hapstr1",69,105,54,52
"Gm10247",3,4,1,3
"Emp2",291,439,219,156
"Nubp1",366,492,226,165
"Dexi",74,111,51,38
"Clec16a",15,27,13,5
"Socs1",83,121,60,56
"Rmi2",27,35,18,17
"Litaf",209,228,128,98
"Snn",13,25,14,7
"Txndc11",143,226,105,71
"ENSMUSG00000141422",72,82,62,31
"Zc3h7a",79,118,52,46
"Gm24145",1,2,0,0
"4930509G22Rik",0,2,0,1
"Rsl1d1",1160,1702,812,553
"2610020C07Rik",45,46,27,24
"Gspt1",805,1218,532,381
"Gm56597",4,4,3,0
"Snx29",14,21,11,13
"Cpped1",35,59,32,18
"Ercc4",18,45,12,12
"Mrtfb",36,64,33,18
"ENSMUSG00000138767",3,0,0,0
"Parn",66,72,53,29
"Bfar",95,125,66,63
"Pphln1-ps1",11,19,1,5
"A930007A09Rik",1,2,1,1
"Rrn3",92,136,62,61
"Ntan1",382,509,271,184
"Pdxdc1",80,106,44,46
"Mpv17l",1,5,4,1
"Gm15950",10,4,5,0
"Marf1",92,126,42,42
"ENSMUSG00000132903",2,4,0,1
"Nde1",193,280,121,93
"Cep20",127,197,102,73
"ENSMUSG00000134352",0,1,0,0
"Abcc1",156,207,103,66
"Snai2",99,162,70,62
"Ube2v2",349,489,221,172
"Gm49538",0,1,0,2
"Mcm4",278,387,198,119
"Prkdc",19,21,19,7
"Mzt2",68,129,73,47
"Gm56598",0,2,0,1
"Cebpd",105,184,129,59
"Spidr",3,9,3,2
"Pkp2",19,54,17,15
"Yars2",126,179,72,65
"Dnm1l",116,187,75,86
"Gm49521",92,122,58,36
"Fgd4",1,4,2,1
"Vpreb1a",0,2,0,1
"Top3b",37,45,30,21
"Ppm1f",20,29,27,6
"Gm49595",2,3,2,1
"Mapk1",293,406,212,171
"1700056N10Rik",2,1,1,2
"Ypel1",1,8,4,2
"Gm9974",0,1,0,0
"Ppil2",97,124,62,30
"Sdf2l1",248,363,171,128
"Gm6440",2,0,1,1
"Ccdc116",3,1,3,0
"Ydjc",89,141,62,33
"Ube2l3",923,1419,711,446
"Hic2",3,14,5,7
"Tmem191",5,10,5,2
"Pi4ka",41,52,31,20
"Snap29",75,106,54,30
"Crkl",39,52,25,15
"Lztr1",51,78,40,24
"Thap7",139,200,100,74
"Gm49785",4,6,0,4
"Smpd4",45,55,26,26
"Ccdc74a",7,18,7,3
"Med15",82,159,62,42
"Gm18335",0,1,1,1
"Gm49683",4,5,3,1
"Klhl22",94,141,68,55
"Scarf2",67,116,45,46
"Dgcr2",119,143,71,42
"Tssk1",1,0,1,0
"Ess2",64,106,51,42
"Slc25a1",309,415,209,148
"Dgcr6",550,781,354,241
"Prodh",34,56,12,15
"Rtn4r",2,6,1,1
"Zdhhc8",49,77,30,25
"ENSMUSG00000131206",15,31,10,12
"Ranbp1",3619,5039,2446,1544
"Trmt2a",73,111,55,34
"Dgcr8",28,50,25,17
"Tango2",40,63,34,25
"Arvcf",9,6,2,4
"Comt",415,641,271,227
"Gm15764",3,1,4,2
"Txnrd2",50,72,33,32
"Gm49588",4,3,4,1
"Gnb1l",14,17,4,5
"Gp1bb",2,0,0,0
"Septin5",6,7,6,1
"Rps2-ps7",5,3,5,0
"ENSMUSG00000143558",11,4,4,4
"Cdc45",128,197,94,62
"Ufd1",222,336,167,133
"2510002D24Rik",24,43,19,24
"Mrpl40",414,586,278,204
"Hira",66,90,49,30
"Gm15799",3,5,1,0
"Lamp3",0,1,0,1
"Klhl24",24,20,18,20
"Yeats2",70,91,59,33
"ENSMUSG00000128869",1,2,0,1
"Parl",295,435,217,133
"Abcc5",109,138,71,52
"Eif2b5",136,225,105,78
"Gm16618",2,1,3,1
"Dvl3",47,55,29,18
"Ap2m1",706,963,454,342
"Gm15760",10,13,4,4
"Abcf3",67,91,46,38
"Gm49745",2,0,1,1
"Vwa5b2",1,1,0,0
"Alg3",54,106,52,34
"Eef1akmt4",114,149,67,47
"Camk2n2",57,113,44,23
"Ece2",21,28,11,14
"Psmd2",796,1183,586,414
"Eif4g1",736,943,468,356
"Clcn2",4,9,3,2
"Polr2h",343,524,238,197
"Thpo",3,3,5,0
"Chrd",15,12,9,5
"Rps10-ps2",125,144,82,44
"ENSMUSG00000129217",1,3,1,0
"Ephb3",5,3,2,4
"Magef1",15,18,13,8
"Gm56612",1,9,1,1
"Vps8",7,13,7,5
"2510009E07Rik",16,39,10,4
"1300002E11Rik",45,67,40,28
"Map3k13",6,5,3,1
"ENSMUSG00000123407",7,19,6,3
"Tmem41a",44,82,63,36
"Senp2",131,159,73,55
"ENSMUSG00000137633",0,2,0,0
"Igf2bp2",150,227,98,64
"Gm5809",0,2,1,2
"Tra2b",655,865,457,343
"ENSMUSG00000139564",5,5,1,1
"Etv5",61,68,43,25
"Tbccd1",25,32,17,11
"Dnajb11",361,516,250,189
"Gm30505",0,0,1,2
"Fetub",5,4,5,4
"Gm6493",1,0,0,0
"Gm8130",11,13,10,4
"Eif4a2",178,308,145,90
"Rfc4",316,470,222,150
"6330408M09Rik",2,2,0,2
"St6gal1",6,7,4,7
"Masp1",113,197,82,63
"Gm45338",31,53,24,13
"Rtp4",328,454,277,199
"ENSMUSG00000129011",2,0,0,1
"Bcl6",11,14,6,3
"Lppos",52,75,34,19
"Lpp",284,457,224,157
"ENSMUSG00000126170",1,3,3,0
"ENSMUSG00000126094",1,4,2,0
"Gm56605",1,1,0,0
"A230028O05Rik",2,4,4,3
"Tprg1",4,3,5,2
"Trp63",1,1,0,0
"P3h2",2,3,5,1
"ENSMUSG00000126869",0,1,0,1
"Il1rap",67,79,32,32
"Ccdc50",184,245,129,84
"Mb21d2",18,13,8,2
"Gm8253",1,3,2,3
"Opa1",73,112,61,47
"Gm1968",12,24,11,8
"ENSMUSG00000136158",2,4,2,1
"Hes1",310,384,233,141
"ENSMUSG00000127525",3,14,3,1
"Gm6029",0,4,0,0
"Gm26562",6,2,2,0
"Atp13a3",142,191,96,74
"ENSMUSG00000140786",2,0,0,1
"Gm56606",4,12,9,5
"Tmem44",5,4,1,1
"Lsg1",200,249,135,74
"Fam43a",82,124,59,49
"ENSMUSG00000132930",1,1,2,0
"Gm49756",2,10,7,1
"Xxylt1",64,89,30,17
"Acap2",86,128,67,46
"Gm41442",4,6,3,0
"Ppp1r2",406,518,269,151
"Gm49767",5,13,3,2
"Apod",5,16,18,2
"Gm34256",3,3,0,0
"Gm536",1,1,0,2
"Dlg1",107,156,73,59
"ENSMUSG00000124526",3,2,0,0
"Gm49705",14,21,5,4
"Ncbp2as2",434,657,268,225
"Ncbp2",273,374,181,139
"Senp5",120,156,76,48
"Gm15696",2,4,3,2
"Gm49733",7,4,1,2
"Hmgb1-ps6",1,1,0,1
"ENSMUSG00000126831",4,10,6,8
"Pak2",377,519,251,176
"Pigx",180,241,133,111
"Cep19",36,61,32,24
"ENSMUSG00000140435",0,3,0,0
"Fbxo45",30,32,19,21
"Wdr53",46,88,44,30
"Rnf168",82,115,77,47
"ENSMUSG00000124294",2,2,0,1
"Ubxn7",41,70,43,25
"ENSMUSG00000141517",0,0,2,0
"Dynlt2b",153,222,105,59
"Pcyt1a",34,55,32,27
"Gm34680",0,2,1,1
"Tfrc",158,250,130,98
"ENSMUSG00000132041",5,2,2,2
"Gm56601",1,3,0,0
"Tnk2",130,195,103,83
"Rubcn",32,55,27,19
"Fyttd1",206,283,126,92
"Lrch3",25,26,11,11
"Iqcg",13,8,12,4
"Rpl35a",9654,13739,6902,4664
"Lmln",4,10,7,3
"Osbpl11",17,14,14,5
"ENSMUSG00000129535",14,18,11,8
"Snx4",174,228,114,100
"1700007L15Rik",13,21,5,4
"Zfp148",172,246,127,102
"Heg1",21,33,21,9
"Itgb5",445,609,358,243
"Umps",321,452,237,154
"Gm15829",0,1,0,1
"Kalrn",8,26,12,8
"ENSMUSG00000134133",0,3,0,0
"Ccdc14",23,24,10,7
"Mylk",24,35,22,14
"Gm21691",0,3,1,1
"Hacd2",183,244,121,85
"ENSMUSG00000144085",0,0,1,1
"Sec22a",41,67,43,25
"Gm49706",3,4,1,2
"Pdia5",81,122,57,45
"Gm5963",1,4,3,1
"Slc49a4",66,89,42,31
"Hspbap1",21,39,17,16
"Parp14",102,112,99,54
"Gm49730",2,3,1,0
"ENSMUSG00000142543",2,6,0,2
"Dtx3l",36,41,37,24
"Parp9",113,144,94,78
"Gm15564",1,2,2,0
"Kpna1",73,97,46,46
"Wdr5b",10,17,3,4
"Fam162a",827,1143,510,435
"Mix23",231,299,152,105
"Csta2",2,3,5,3
"Gm49662",1,1,0,0
"Eaf2",13,15,8,9
"Iqcb1",76,119,71,46
"2600002D14Rik",4,2,1,2
"Gm49599",68,108,45,48
"Golgb1",301,410,236,157
"4930565N06Rik",0,1,0,2
"Polq",24,38,13,12
"Gtf2e1",37,39,19,18
"Rabl3",22,43,11,15
"Ndufb4",76,117,52,36
"ENSMUSG00000134851",1,0,1,1
"ENSMUSG00000131609",1,2,0,0
"Fstl1",106,179,102,71
"Lrrc58",174,252,151,80
"Gsk3b",281,440,198,144
"Cfap91",7,9,4,2
"Cox17",1377,2021,960,599
"ENSMUSG00000130978",3,8,1,1
"Pla1a",39,71,42,25
"ENSMUSG00000130016",0,1,0,1
"Adprh",354,463,239,161
"D930030I03Rik",5,7,7,4
"Timmdc1",46,83,29,20
"Gm56613",1,4,0,1
"Poglut1",30,42,28,18
"Tmem39a",98,141,91,48
"ENSMUSG00000136155",5,10,7,1
"Arhgap31",33,73,40,35
"Gap43",50,110,37,47
"ENSMUSG00000137067",0,2,0,1
"4932412D23Rik",6,6,2,0
"Zbtb20",260,458,221,137
"Gm19522",1,0,0,2
"Ndufs5-ps",28,38,26,8
"Gm15712",3,6,2,0
"Gm37946",1,2,1,2
"Gm9968",0,3,1,1
"Gm15713",0,3,0,1
"Tigit",0,1,0,0
"Qtrt2",25,34,14,10
"Ccdc191",36,24,19,16
"Zdhhc23",1,8,3,0
"Atp6v1a",345,476,251,181
"Naa50",635,872,455,298
"Usf3",27,33,25,19
"Spice1",26,26,17,19
"Boc",3,8,3,1
"ENSMUSG00000132209",2,3,3,0
"Nepro",11,26,5,9
"ENSMUSG00000132245",0,1,0,1
"Gtpbp8",78,94,58,34
"Cd200r2",0,2,0,0
"Ccdc80",64,92,64,36
"Slc35a5",26,37,12,5
"Atg3",264,370,217,112
"ENSMUSG00000132127",3,6,0,2
"Tagln3",1,1,0,1
"Abhd10",54,65,39,20
"Phldb2",70,131,66,47
"Gm15640",0,2,1,0
"Gm15638",0,2,0,1
"Plcxd2",13,17,6,4
"Ahcyl",2,2,1,0
"Nectin3",43,46,26,20
"Gm7204",0,4,1,0
"Dppa2",89,123,59,45
"Gm8670",4,4,2,0
"Dzip3",98,115,53,43
"Cip2a",96,144,85,60
"Ift57",97,177,73,45
"Cd47",687,954,425,335
"ENSMUSG00000135280",7,13,6,6
"ENSMUSG00000135067",12,14,6,6
"Gm4827",3,0,2,0
"Gm8824",2,6,1,1
"Bbx",284,438,222,154
"ENSMUSG00000132332",1,2,1,3
"ENSMUSG00000135784",0,3,0,0
"Gm9575",0,1,1,0
"Dubr",23,43,24,9
"Cblb",7,19,14,7
"Alcam",28,30,18,31
"Nfkbiz",50,66,38,24
"Nxpe3",7,8,8,7
"Cep97",32,52,19,24
"Zbtb11os1",19,35,16,10
"Rpl24",1433,1945,907,611
"Zbtb11",38,69,30,29
"Pcnp",125,171,75,57
"ENSMUSG00000129742",5,4,5,4
"Trmt10c",100,143,65,46
"Senp7",60,100,44,40
"Abi3bp",2,1,0,1
"Tfg",413,524,278,204
"Tomm70a",396,523,254,185
"Nit2",90,118,69,51
"Tbc1d23",39,71,35,23
"Cmss1",142,245,98,77
"4921517D16Rik",0,4,0,0
"Filip1l",289,428,202,153
"ENSMUSG00000130858",6,6,3,0
"ENSMUSG00000130930",2,2,1,0
"Col8a1",319,451,176,160
"ENSMUSG00000124903",1,1,0,1
"4930461C15Rik",2,1,2,0
"Dcbld2",32,40,23,15
"St3gal6",5,12,7,5
"ENSMUSG00000138842",2,3,3,0
"Cpox",92,147,86,64
"Cldnd1",312,463,222,173
"Riox2",8,13,11,9
"Crybg3",24,26,10,14
"Arl6",92,118,65,55
"Nsun3",15,18,22,7
"Arl13b",61,96,59,44
"Stx19",0,4,2,0
"Pros1",14,16,10,5
"4930453N24Rik",265,412,193,116
"Zfp654",16,19,18,5
"Cggbp1",402,643,316,193
"ENSMUSG00000143239",2,1,0,0
"Chmp2b",186,250,156,113
"Gm36457",8,19,6,4
"Vgll3",0,2,1,0
"Gm46542",3,2,0,0
"Gbe1",31,54,28,40
"Robo2",4,3,0,1
"Lipi",1,1,0,1
"Rbm11",1,0,2,2
"Hspa13",241,349,147,102
"Nrip1",83,177,73,67
"ENSMUSG00000139771",87,152,67,45
"Usp25",127,141,85,58
"Mir99ahg",67,91,49,25
"Gm36963",3,8,3,1
"Gm37606",11,20,6,9
"Gm37311",0,3,2,2
"ENSMUSG00000132109",5,3,1,0
"C130023A14Rik",3,0,0,1
"9530003O04Rik",0,1,1,0
"Cxadr",6,3,4,1
"Btg3",293,403,193,120
"D16Ertd472e",59,47,41,19
"4930478L05Rik",0,3,0,1
"ENSMUSG00000122886",0,1,1,1
"Mir155hg",0,6,4,0
"Mrpl39",154,211,111,68
"Atp5pf",2900,3918,1976,1415
"Gabpa",58,72,30,26
"App",96,151,84,69
"Gm6278",2,4,2,0
"Adamts1",101,186,99,61
"Adamts5",66,103,61,26
"Gm32357",0,3,1,0
"Gm32461",0,0,3,0
"N6amt1",129,190,90,43
"Ltn1",83,115,70,40
"Gm25896",1,0,1,0
"Rwdd2b",14,27,7,9
"Usp16",136,225,103,82
"Cct8",1607,2220,1125,747
"B130034C11Rik",22,33,18,9
"Bach1",44,74,25,26
"2810407A14Rik",1,2,1,2
"Gm46546",0,2,0,0
"Gm49689",1,1,0,1
"Tiam1",28,28,22,9
"ENSMUSG00000127271",0,1,0,2
"Gm56608",2,0,1,1
"Gm49704",0,2,1,1
"Sod1",401,568,293,222
"Scaf4",63,95,35,28
"Gm56623",2,0,0,0
"Gm49708",24,30,16,17
"Mis18a",119,156,84,52
"Gm17518",1,0,1,2
"Urb1",21,40,24,14
"Eva1c",17,32,12,12
"Gm49727",17,16,10,10
"Cfap298",174,241,142,95
"4930534H18Rik",1,2,2,1
"Synj1",30,55,20,13
"4930404I05Rik",1,3,0,1
"Paxbp1",46,76,30,31
"ENSMUSG00000131338",1,2,1,0
"Gm41492",12,11,3,4
"Ifnar2",56,58,37,14
"ENSMUSG00000134594",1,4,0,0
"Ifnar1",50,70,30,34
"Gm7856",0,1,1,0
"ENSMUSG00000137196",1,2,1,0
"Ifngr2",86,121,73,37
"Tmem50b",33,40,30,16
"Gm15964",1,3,0,1
"Dnajc28",1,2,2,0
"Gart",95,159,77,57
"Son",766,1175,572,379
"Donson",59,91,38,43
"Gm10785",1,7,5,0
"Cryzl1",357,435,224,162
"Itsn1",59,86,46,29
"Atp5po.1",1498,2027,979,729
"D430001F17Rik",3,7,1,1
"ENSMUSG00000138064",2,3,2,1
"Mrps6",808,1038,519,294
"Slc5a3",584,861,402,333
"Gm16310",3,9,7,1
"ENSMUSG00000130173",5,1,1,1
"Smim11",364,541,271,186
"Rcan1",20,24,16,12
"Runx1",127,147,66,48
"ENSMUSG00000128276",2,2,3,1
"Setd4",24,31,16,12
"ENSMUSG00000136720",2,1,0,1
"Cbr1",162,205,113,92
"Cbr3",14,12,8,5
"Dop1b",14,26,14,4
"2310043M15Rik",0,2,1,0
"Gm30881",1,1,0,0
"Morc3",112,160,92,47
"Chaf1b",184,221,116,55
"Hlcs",28,46,15,13
"Ripply3",0,1,0,0
"Pigp",296,376,200,136
"Ttc3",338,521,233,171
"Vps26c",81,110,65,38
"Gm56596",10,34,17,14
"Dyrk1a",36,47,31,13
"Gm49641",1,1,0,0
"ENSMUSG00000127597",3,3,0,0
"Ets2",48,52,28,19
"Psmg1",256,379,185,88
"Brwd1",106,144,82,60
"Gm15342",3,0,2,1
"1700093J21Rik",1,0,0,0
"Gm49953",2,7,0,2
"Hmgn1",3197,4458,2079,1477
"Get1",64,88,27,30
"Mx1",5,4,11,2
"Mx2",8,12,15,8
"Prdm15",22,34,16,8
"C2cd2",16,26,13,9
"Zbtb21",54,63,28,27
"C030010L15Rik",2,1,2,0
"B230307C23Rik",51,56,25,22
"A630089N07Rik",33,61,25,13
"Gm10232",6,5,4,1
"ENSMUSG00000123715",1,1,0,0
"ENSMUSG00000121378",2,2,0,0
"A230045G11Rik",12,17,9,8
"Scaf8",33,38,15,18
"Gm49797",197,276,125,90
"Gm6475",1,0,2,0
"Tiam2",19,22,18,8
"Gm49221",2,5,7,1
"Tfb1m",11,24,11,5
"1700102H20Rik",10,11,7,3
"Gm4828",2,4,1,0
"Gm34507",1,5,3,0
"Arid1b",39,70,31,23
"Gm15599",9,12,4,3
"ENSMUSG00000138889",4,5,4,4
"Tmem242",36,62,34,18
"ENSMUSG00000135388",2,4,2,1
"3300005D01Rik",33,48,27,17
"ENSMUSG00000135429",3,3,1,0
"ENSMUSG00000135514",6,13,6,3
"Snx9",168,264,119,92
"Synj2",22,33,12,14
"ENSMUSG00000131471",1,1,3,2
"Serac1",3,0,0,0
"Gtf2h5",394,577,287,187
"Tulp4",150,235,122,57
"Tmem181a",21,34,22,17
"Dynlt1a",28,39,25,18
"Dynlt1b",1,1,0,4
"ENSMUSG00000121395",48,58,27,21
"ENSMUSG00000121976",1,2,2,1
"ENSMUSG00000122542",1,1,1,3
"Dynlt1c",1,0,0,1
"Dynlt1f",83,145,65,47
"Ezr",298,412,212,162
"ENSMUSG00000123241",2,2,3,0
"Gm2885",1,1,0,0
"ENSMUSG00000123281",0,1,0,0
"Rsph3b",4,2,0,0
"Tagap1",8,7,4,4
"Rnaset2b",13,12,2,0
"Rps6ka2",10,12,12,5
"E430024P14Rik",3,2,1,1
"Rsph3a",7,21,11,7
"Rnaset2a",22,24,11,16
"Cep43",79,117,48,39
"Mpc1",730,1023,452,318
"4930506C21Rik",1,2,0,0
"Sft2d1",58,98,50,27
"Prr18",0,1,0,0
"Gm8492",1,1,2,0
"Gm34799",23,28,14,9
"Gm34883",1,1,3,0
"ENSMUSG00000141876",6,7,4,2
"ENSMUSG00000139090",24,31,15,10
"ENSMUSG00000139168",4,2,2,1
"ENSMUSG00000139129",9,19,5,11
"ENSMUSG00000128585",9,9,3,0
"Qki",137,241,94,70
"1700110C19Rik",9,19,5,2
"Agpat4",91,118,57,47
"Map3k4",103,139,74,49
"4732491K20Rik",15,22,16,12
"Igf2r",82,133,64,49
"Airn",14,44,18,15
"ENSMUSG00000128857",9,14,5,6
"ENSMUSG00000128894",1,6,2,1
"Mrpl18",1096,1566,730,499
"Tcp1",705,1020,502,338
"Acat3",15,21,11,6
"Acat2",210,352,164,122
"Wtap",260,334,160,109
"ENSMUSG00000126049",2,1,2,1
"Sod2",602,846,493,232
"2700054A10Rik",5,5,6,2
"Gm49936",0,1,1,0
"Gm16046",5,7,6,2
"Tcte2",3,9,3,5
"Afdn",449,655,307,208
"Gm3355",0,2,2,0
"Gm34426",2,4,1,1
"Thbs2",0,0,1,1
"Gm3222",3,2,0,1
"Wdr27",13,11,6,6
"1600012H06Rik",60,114,52,43
"Phf10",333,443,224,139
"Dynlt2a3",0,2,0,1
"Ermardl2",13,21,10,11
"ENSMUSG00000122396",1,0,1,1
"Dynlt2a2",21,22,9,10
"Ermardl1",9,12,8,3
"ENSMUSG00000122428",2,2,1,1
"Ermard",23,33,31,11
"Dll1",5,5,4,4
"Fam120b",63,88,51,22
"Gm49668",1,1,2,1
"Psmb1",1989,2857,1425,952
"Tbp",68,75,40,27
"Pdcd2",138,191,111,59
"Prdm9",6,9,6,3
"ENSMUSG00000134453",0,0,1,0
"Gm56911",3,3,2,0
"Chd1",250,429,201,130
"Rgmb",81,134,57,61
"BC002059",8,17,9,1
"Gm51425",3,11,9,7
"Zfp960",0,1,0,2
"Zfp97",1,4,1,1
"ENSMUSG00000122616",13,20,11,12
"Gm5165",8,14,12,11
"Gm6712",11,19,6,4
"Gm53028",2,4,1,1
"Oaz1-ps",4,11,3,6
"Riok2",196,238,110,80
"Gm26873",12,23,7,6
"Lix1",1,1,0,2
"Lnpep",66,109,62,53
"Gm49784",0,1,1,1
"ENSMUSG00000124174",0,1,1,0
"Spaca6",79,104,48,52
"Has1",8,12,2,2
"Vmn2r110",3,1,0,1
"Ppp2r1a",338,516,241,217
"Zfp160",13,20,20,6
"Zfp677",2,10,4,0
"Zfp54",12,12,12,6
"Zfp51",20,36,23,11
"Gm56906",43,54,30,9
"Zfp53",24,37,20,10
"Gm50433",2,3,0,0
"9330136K24Rik",29,49,15,11
"Zfp52",71,72,35,30
"Zfp948",66,88,35,31
"ENSMUSG00000121815",0,3,0,1
"Zfp983",1,3,3,1
"Gm10509",12,18,8,4
"Zfp760",15,20,12,9
"Zfp229",11,12,5,5
"Zfp820",11,25,11,6
"Zfp995",15,19,12,8
"Gm6540",0,1,0,2
"Zfp942",14,26,15,6
"Zfp943",16,22,6,10
"Gm7809",2,1,2,0
"ENSMUSG00000143741",0,2,1,0
"Zfp947",8,13,2,4
"ENSMUSG00000143657",3,13,4,3
"Zfp994",19,34,22,13
"Gm7072",30,69,35,30
"Zfp944",32,36,15,12
"Zfp758",7,6,5,1
"Zfp946",15,22,12,8
"Gm56890",4,14,6,7
"Gm20008",0,1,1,1
"Gm16386",2,0,0,0
"Zfp945",54,71,34,31
"Gm18214",1,1,0,0
"Zfp40",1,7,2,3
"ENSMUSG00000140395",2,2,1,1
"6330415G19Rik",3,3,1,7
"Zfp213",30,45,23,17
"Zfp13",15,11,5,5
"Bicdl2",7,9,3,5
"Thoc6",72,103,61,26
"Hcfc1r1",320,517,274,171
"Tnfrsf12a",909,1351,675,453
"Cldn6",1,6,1,1
"Cldn9",8,15,8,5
"Grep1",1,4,0,1
"Pkmyt1",48,68,38,15
"Paqr4",30,43,17,25
"9530082P21Rik",14,29,19,19
"Flywch1",98,113,54,50
"ENSMUSG00000140073",0,4,0,0
"Srrm2",1370,2127,1020,683
"ENSMUSG00000140115",1,2,2,0
"Elob",3845,5671,2731,1756
"Prss32",1,1,0,0
"Gm50058",0,0,0,0
"Gm41545",0,1,1,1
"Prss22",1,2,1,0
"Prss27",4,4,2,0
"Kctd5",111,166,102,54
"Pdpk1",99,133,58,51
"Gm50071",2,5,1,2
"ENSMUSG00000125468",0,2,0,2
"ENSMUSG00000125509",1,2,1,1
"Amdhd2",70,112,54,31
"ENSMUSG00000125422",0,0,2,1
"Atp6v0c",980,1458,720,459
"Tbc1d24",16,23,9,9
"Ntn3",10,20,19,11
"Tedc2",14,33,13,10
"Ccnf",112,170,88,64
"Abca3",7,18,16,5
"D330041H03Rik",15,28,10,15
"Rnps1",208,339,132,119
"ENSMUSG00000136935",4,5,2,5
"Eci1",291,406,222,133
"Dnase1l2",2,2,2,2
"E4f1",22,26,24,16
"ENSMUSG00000133272",1,1,0,1
"Pgp",578,804,399,233
"Mlst8",14,25,11,6
"Traf7",223,286,142,109
"Rab26",2,5,1,4
"Rab26os",39,46,31,22
"ENSMUSG00000137596",0,1,0,0
"Pkd1",22,33,18,10
"Tsc2",48,69,30,29
"Nthl1",75,86,47,24
"Nherf2",129,210,120,77
"Zfp598",83,115,67,31
"Syngr3",1,4,1,0
"Gfer",579,875,434,256
"Noxo1",1,0,1,1
"Tbl3",110,158,74,41
"Rps2",31798,45850,22840,14757
"Snhg9",65,88,41,34
"Ndufb10",1088,1583,791,525
"ENSMUSG00000122190",31,52,26,4
"Msrb1",203,263,170,94
"Hs3st6",1,5,7,1
"Meiob",13,13,11,7
"Hagh",236,403,198,113
"Fahd1",45,66,33,18
"Nubp2",166,212,113,77
"Spsb3",2,3,0,0
"Eme2",3,7,3,2
"Mapk8ip3",28,56,20,25
"Mrps34",1,1,0,0
"Jpt2",129,193,108,67
"Cramp1",34,82,36,17
"Ift140",6,4,4,3
"ENSMUSG00000124979",0,0,0,0
"Tmem204",1,2,0,1
"Telo2",90,128,68,42
"Clcn7",17,31,19,4
"ENSMUSG00000136330",48,42,34,15
"Uqcc4",217,334,143,112
"Unkl",1,10,2,4
"Gnptg",34,71,30,17
"Tsr3",202,294,146,109
"Ube2i",1735,2479,1231,847
"Gm5430",4,6,1,0
"Lmf1",26,44,20,14
"Gng13",0,3,0,2
"Chtf18",36,53,25,9
"Rpusd1",51,71,29,28
"Mslnl",3,3,2,1
"Msln",797,1139,531,393
"ENSMUSG00000123157",4,4,0,0
"Ciao3",63,104,38,27
"Haghl",7,11,3,12
"Ccdc78",0,3,0,1
"Antkmt",4,18,7,6
"Metrn",205,269,126,82
"Fbxl16",34,50,19,12
"Wdr24",10,19,7,11
"Jmjd8",1,0,1,2
"Stub1",39,67,23,18
"Gm56915",16,26,14,10
"Rhot2",33,44,22,7
"Wdr90",18,28,17,14
"Mcrip2",132,195,115,61
"Mettl26",275,373,169,108
"Wfikkn1",2,7,2,2
"Rab40c",22,31,13,13
"ENSMUSG00000121823",32,72,21,19
"ENSMUSG00000143942",8,4,4,3
"Gm16278",1,0,0,1
"Pigq",58,83,46,19
"Capn15",66,99,50,30
"1700022N22Rik",3,5,1,1
"Rab11fip3",4,8,5,1
"Decr2",46,67,32,35
"Nme4",91,162,77,54
"Gm8186",140,213,87,65
"Pgap6",46,70,27,20
"Mrpl28",732,1038,565,310
"Axin1",83,110,69,36
"Arhgdig",206,265,133,96
"Fam234a",38,75,45,29
"Luc7l",284,429,214,163
"Gm16580",6,9,10,3
"Neurl1b",2,12,8,2
"Gm34455",4,17,7,4
"ENSMUSG00000131986",24,27,13,12
"Dusp1",142,236,131,75
"Gm56886",5,7,2,5
"Gm8225",1,4,1,1
"Ergic1",205,302,155,89
"Atp6v0e",1070,1525,713,563
"Crebrf",24,46,21,34
"Bnip1",115,148,65,63
"Kifc5b",19,43,16,14
"Phf1",25,31,16,13
"Cuta",560,846,399,244
"Syngap1",4,3,1,1
"Gm56897",4,9,4,2
"Gm50254",0,2,1,1
"ENSMUSG00000132453",3,17,5,4
"Ggnbp1",0,2,1,0
"Bak1",233,340,167,136
"ENSMUSG00000139006",1,2,0,1
"Gm50295",1,1,1,1
"ENSMUSG00000141935",9,23,4,6
"Itpr3",54,71,43,28
"Uqcc2",1840,2577,1287,828
"Ip6k3",1,2,0,1
"Lemd2",118,159,79,56
"Gm26724",22,38,9,21
"Gm10505",2,3,0,1
"Gm9703",1,4,1,0
"Gm49774",97,114,63,50
"Hmga1",484,637,306,261
"Smim29",171,229,119,85
"C130040N14Rik",2,3,4,3
"Nudt3",187,223,108,79
"Gm49741",4,10,4,1
"Rps10",1927,2671,1334,865
"Gm15420",1,1,0,0
"Pacsin1",0,4,0,2
"Ilrun",82,122,64,33
"Rps2-ps9",2,3,1,0
"ENSMUSG00000130250",2,2,1,1
"ENSMUSG00000130162",0,4,0,2
"Snrpc",787,1089,563,378
"Bltp3a",43,45,22,10
"Taf11",278,380,186,146
"Anks1",16,17,6,12
"Gm35290",1,2,1,0
"Scube3",4,4,6,4
"C230013L11Rik",3,8,2,3
"Zfp523",38,48,24,17
"Def6",68,101,50,34
"Ppard",35,45,30,20
"Fance",104,153,78,43
"Gm49886",4,5,4,2
"Rpl10a",4578,6604,3122,2281
"Tead3",13,24,14,7
"Fkbp5",87,134,72,47
"Gm22146",2,2,1,2
"Gm49839",7,9,8,3
"Gm20109",0,2,0,1
"E230001N04Rik",13,10,6,4
"Lhfpl5",4,7,3,1
"Srpk1",884,1133,576,418
"Mapk14",58,66,32,32
"Gng5c",4,10,4,2
"Gm49864",4,10,6,6
"Brpf3",28,14,15,11
"1700063J08Rik",1,1,1,2
"Kctd20",105,121,55,44
"Stk38",95,164,97,80
"Trp53cor1",47,79,28,20
"Srsf3",2251,3028,1389,1007
"Cdkn1a",54,84,50,32
"Cpne5",1,1,1,0
"Ppil1",339,451,208,174
"ENSMUSG00000125128",0,1,0,0
"BC004004",220,291,154,119
"Pi16",4,1,2,1
"Mtch1",955,1301,694,434
"Fgd2",0,2,1,0
"Gm26885",8,51,36,10
"Pim1",43,66,31,36
"Tmem217b",1,2,1,1
"Tbc1d22b",7,9,4,6
"Tbc1d22bos",3,0,2,1
"2010106G04Rik",3,0,0,0
"Rnf8",126,193,88,55
"Cmtr1",4,8,6,6
"Ccdc167",63,111,50,29
"Mdga1",1,3,4,1
"Gm50019",1,1,0,1
"Zfand3",141,236,118,76
"Btbd9",82,91,38,34
"Gm6402",7,15,4,2
"Gm50240",17,34,16,7
"Glo1",301,389,223,132
"ENSMUSG00000121758",1,3,0,3
"Glp1r",3,2,5,0
"Ubash3a",21,20,11,5
"Slc37a1",3,2,2,1
"Wdr4",99,126,58,58
"Gm50103",1,3,2,0
"Ndufv3",810,1165,551,419
"Gm38099",0,3,0,0
"Gm50455",7,19,10,8
"Pknox1",57,80,29,15
"Gm50107",0,0,1,0
"Cbs",0,2,0,0
"U2af1",1024,1620,771,469
"Sik1",20,20,12,12
"Hsf2bp",2,2,0,0
"Rrp1b",251,383,154,100
"Pdxk-ps",0,2,0,3
"Gm17276",4,3,0,0
"Notch3",0,3,0,0
"Ephx3",2,0,0,0
"Brd4",483,712,368,231
"Gm26549",9,15,10,2
"Akap8",166,231,119,75
"ENSMUSG00000132159",2,3,2,0
"Akap8l",51,56,36,26
"Wiz",52,85,32,36
"ENSMUSG00000131031",0,1,0,0
"Cyp4f17",18,23,15,10
"Cyp4f16",36,49,18,17
"Gm6452",0,0,1,1
"Zfp871",87,116,50,55
"Gm17115",0,1,0,0
"Gm26693",2,0,1,0
"Zfp799",8,10,10,9
"Zfp870",10,4,3,2
"Cyp4f13",9,12,8,4
"Cyp4f41-ps",4,2,3,1
"Zfp472",24,31,16,11
"Zfp952",6,17,11,6
"Zfp763",5,10,3,4
"Zfp563",5,8,5,5
"Zfp955a",8,14,6,7
"Zfp955b",30,54,26,24
"Zfp81",27,32,17,10
"Zfp101",28,44,17,16
"ENSMUSG00000130003",1,1,1,3
"Adamts10",30,41,19,15
"Zfp414",54,77,44,20
"Hnrnpm",1072,1555,792,510
"Marchf2",126,177,68,55
"Rab11b",154,256,104,71
"Rab11bos1",10,45,26,29
"Angptl4",71,111,40,38
"Kank3",27,52,19,8
"Rps28",4503,6534,3198,2211
"Ndufa7",1882,2713,1330,849
"Cd320",218,285,166,107
"Kifc1",45,62,44,15
"Smim40",1,1,0,0
"BC051226",2,10,4,3
"Daxx",115,177,88,57
"Tapbp",373,547,311,227
"Zbtb22",41,67,22,17
"Gm19412",3,2,3,0
"ENSMUSG00000125064",1,2,1,3
"Rgl2",28,40,14,18
"Pfdn6",446,649,318,224
"Wdr46",91,136,83,43
"B3galt4",1,4,2,1
"Rps18",10637,14926,7657,4902
"Vps52",75,113,50,36
"H2-K2",19,14,9,13
"AA388235",1,1,2,1
"H2-K1",2806,3928,2014,1500
"ENSMUSG00000125175",1,1,2,0
"Ring1",48,67,35,32
"Hsd17b8",18,25,15,10
"Slc39a7",4,9,1,4
"Rxrb",88,139,65,48
"Col11a2",9,3,7,2
"Brd2",461,672,357,233
"H2-DMa",11,10,2,3
"H2-DMb1",75,135,59,31
"Psmb9",237,292,119,137
"Tap1",124,153,71,66
"Psmb8",1431,2089,1103,753
"Tap2",84,153,64,62
"H2-Eb1",2,1,0,0
"ENSMUSG00000126763",0,7,1,3
"Notch4",0,5,1,2
"Gpsm3",103,159,83,46
"Pbx2",49,75,42,31
"Ager",3,1,2,2
"Rnf5",1,2,0,0
"Agpat1",45,55,37,20
"ENSMUSG00000142171",1,0,0,2
"Egfl8",0,3,1,1
"Ppt2",63,94,51,32
"2610029K11Rik",8,16,3,5
"Fkbpl",30,45,30,14
"Atf6b",94,150,94,53
"Tnxb",4,14,9,3
"Stk19",122,127,77,51
"Dxo",64,94,54,28
"Skic2",49,84,47,28
"Nelfe",379,573,246,196
"C2",2,3,2,1
"Zbtb12",64,112,39,37
"Gm56901",41,64,22,30
"Ehmt2",160,245,124,91
"1110038B12Rik",1104,1684,780,681
"Neu1",33,72,23,19
"Hspa1b",1,3,0,0
"Gm10501",1,5,4,2
"Lsm2",1207,1808,890,566
"D17H6S56E-5",199,363,226,213
"Vars1",723,1000,480,307
"Msh5",9,20,3,2
"ENSMUSG00000128280",1,1,0,1
"Clic1",2250,3136,1563,1132
"ENSMUSG00000128360",3,6,3,5
"Ddah2",29,25,15,5
"ENSMUSG00000127509",1,0,0,2
"Abhd16a",118,172,107,60
"Ly6g5b",2,1,1,1
"Csnk2b",727,951,478,357
"Gpank1",72,110,61,26
"Gm20522",6,4,6,2
"D17H6S53E",18,18,6,7
"Apom",1,0,0,0
"Bag6",193,330,137,97
"Prrc2a",274,445,228,126
"Lst1",15,20,12,4
"Nfkbil1",70,122,57,46
"Atp6v1g2",5,9,3,4
"Ddx39b",913,1297,626,486
"ENSMUSG00000130316",1,1,1,1
"H2-D1",2718,3977,1998,1469
"ENSMUSG00000129933",1,1,0,2
"Gm11131",2,7,8,4
"H2-Q4",88,109,62,49
"Pou5f1",3,4,2,0
"Tcf19",98,139,64,50
"Cchcr1",64,79,40,28
"Psors1c2",4,2,1,1
"Vars2",22,43,13,12
"Gtf2h4",40,72,29,21
"Ddr1",23,33,16,20
"Ier3",43,37,23,20
"Flot1",82,124,66,50
"Tubb5",6160,9219,4451,2993
"ENSMUSG00000125311",3,4,2,2
"Mdc1",46,75,34,24
"Ppp1r18os",22,15,2,9
"Nrm",1,2,1,0
"Ppp1r18",185,251,131,124
"ENSMUSG00000125389",0,1,0,2
"Dhx16",93,90,68,37
"2310061I04Rik",128,184,83,62
"Gm16279",3,5,2,1
"Atat1",32,44,20,10
"Mrps18b",2,2,4,1
"Ppp1r10",124,170,107,58
"ENSMUSG00000138223",3,9,9,7
"Abcf1",614,910,465,290
"Gm32655",83,138,80,38
"Prr3",35,54,33,20
"Gnl1",235,374,196,109
"A930015D03Rik",21,16,7,13
"H2-T24",13,16,7,11
"H2-T23",123,183,106,83
"H2-T22",268,430,255,162
"H2-T13",0,3,0,0
"Gm8815",1,2,3,1
"H2-T10",13,16,14,7
"Gm19684",0,4,3,0
"ENSMUSG00000121510",97,157,72,40
"ENSMUSG00000141839",0,1,0,1
"Rpp21",192,278,144,95
"Trim39",20,27,20,12
"ENSMUSG00000129100",1,2,1,2
"Trim26",136,207,94,73
"1700031A10Rik",2,0,2,0
"Ppp1r11",721,1018,458,336
"Polr1h",300,501,235,130
"Polr1has",36,45,28,17
"H2-M5",0,1,0,2
"Zfp57",59,86,42,29
"Gabbr1",30,42,21,17
"ENSMUSG00000139219",1,2,3,0
"Or2h2",3,2,1,0
"Ubd",12,10,8,5
"H2-M3",72,70,47,45
"Or12d12",2,1,0,0
"Rn18s-rs5",1338,1984,942,817
"9130008F23Rik",54,68,28,26
"Cenpq",206,276,167,104
"Mmut",66,77,40,20
"Cd2ap",218,342,188,138
"Tnfrsf21",0,2,0,2
"Adgrf5",1,0,2,0
"Ankrd66",3,11,6,2
"Pla2g7",198,294,153,130
"1700071M16Rik",1,1,2,0
"Slc25a27",29,46,21,20
"Cyp39a1",1,9,0,3
"Enpp4",13,29,15,10
"Gm34917",3,4,2,0
"Clic5",7,10,5,6
"Runx2",48,75,38,26
"Runx2os2",0,6,0,1
"Runx2os1",13,22,14,5
"Supt3",92,155,75,50
"Cdc5l",285,393,236,118
"B230354K17Rik",33,40,21,17
"Gm9104",4,0,2,2
"Aars2",22,31,12,18
"Nfkbie",51,97,41,29
"Slc35b2",198,294,169,122
"Hsp90ab1",20230,28442,13676,9547
"Gm56882",20,35,25,7
"Slc29a1",244,373,173,108
"Gm17080",0,4,0,0
"Capn11",1,2,1,2
"Tmem63b",82,109,55,42
"Mrpl14",710,1019,502,342
"1600014C23Rik",2,0,1,0
"F630040K05Rik",10,5,5,1
"ENSMUSG00000130682",2,3,4,1
"Vegfa",120,161,68,49
"Mrps18a",557,907,390,277
"Mad2l1bp",109,127,71,47
"Gtpbp2",47,89,54,35
"Polh",39,73,31,14
"Xpo5",114,161,82,60
"Polr1c",225,303,145,95
"Yipf3",173,296,147,93
"ENSMUSG00000133468",14,9,5,6
"Lrrc73",20,26,21,9
"Tjap1",130,222,85,65
"Dlk2",47,55,21,17
"Abcc10",8,6,6,0
"Zfp318",67,101,47,32
"Gm55801",1,5,0,0
"Gm9706",3,8,1,3
"Ttbk1",1,1,0,0
"Dnph1",300,437,199,134
"Cul9",16,17,7,2
"Srf",53,60,29,15
"Ptk7",33,54,26,16
"Klc4",7,13,6,5
"Mrpl2",334,490,251,163
"Cul7",104,132,72,48
"Rrp36",75,109,47,33
"Klhdc3",78,125,60,54
"Mea1",323,495,253,178
"Ppp2r5d",120,157,72,62
"ENSMUSG00000130586",2,2,0,3
"Pex6",97,132,83,45
"Cnpy3",153,220,133,72
"ENSMUSG00000142354",1,0,3,2
"Ptcra",14,51,26,13
"2310039H08Rik",143,205,95,59
"Rpl7l1",547,765,386,255
"Bicral",19,16,8,9
"ENSMUSG00000142270",5,1,1,3
"Gm56910",0,2,0,0
"ENSMUSG00000143839",23,36,10,11
"Tbcc",162,270,113,75
"Ubr2",181,224,98,94
"ENSMUSG00000141674",1,1,0,0
"ENSMUSG00000141710",5,2,0,1
"Trerf1",75,105,54,42
"ENSMUSG00000141596",2,2,1,0
"Mrps10",478,674,356,204
"Guca1b",6,3,1,2
"Taf8",30,32,19,18
"Ccnd3",69,70,43,24
"Bysl",144,175,106,68
"Med20",57,69,34,28
"Gm20517",2,4,2,1
"Usp49",4,9,6,4
"Tomm6",48,79,27,25
"Tomm6os",1,2,0,0
"Frs3",3,2,3,1
"Tfeb",29,24,13,11
"Foxp4",62,115,59,41
"ENSMUSG00000137029",5,6,1,2
"Nfya",40,30,22,6
"Oard1",141,242,112,87
"Gm20540",1,0,2,1
"Mocs1",3,15,6,2
"Daam2",1,1,0,0
"Dazl",1,5,0,0
"Plcl2",18,35,16,15
"Tbc1d5",31,56,30,27
"Efhb",5,2,1,0
"Rab5a",208,255,125,80
"Gm49915",3,2,0,1
"Kat2b",32,40,27,17
"ENSMUSG00000141695",0,2,1,1
"Sgo1",609,904,402,274
"ENSMUSG00000126270",0,2,2,2
"Mrps36-ps1",7,6,5,6
"Pot1b",17,22,7,5
"Zfp119a",6,16,5,4
"Zfp959",8,33,11,6
"Rpl21-ps6",1,4,2,0
"ENSMUSG00000143650",3,7,7,3
"Zfp119b",8,14,7,9
"Yju2",53,49,32,18
"Stap2",23,20,6,7
"Mpnd",143,194,77,66
"Sh3gl1",152,215,106,88
"Chaf1a",76,129,75,44
"Ubxn6",46,102,49,41
"ENSMUSG00000132304",0,2,0,1
"Hdgfl2",329,443,195,155
"Plin4",0,0,0,4
"Sema6b",8,16,10,5
"Tnfaip8l1",43,57,29,25
"Mydgf",665,993,454,314
"ENSMUSG00000126368",5,5,0,5
"Dpp9",118,191,88,56
"Fem1a",14,33,18,10
"Ticam1",16,27,9,12
"Plin3",202,249,152,109
"Uhrf1",259,340,168,114
"Kdm4b",17,21,7,8
"Ptprs",170,278,124,93
"ENSMUSG00000135268",0,3,0,0
"ENSMUSG00000137937",3,4,1,2
"Tincr",1,0,3,0
"Safb2",112,173,83,52
"Safb",182,251,145,91
"Micos13",645,971,492,332
"Gm56912",4,7,3,3
"Rpl36",11198,15863,8010,4928
"Lonp1",156,251,118,84
"Ranbp3",152,218,95,82
"Vmac",10,10,6,6
"Ndufa11",781,1105,529,358
"Nrtn",20,36,24,11
"Dus3l",58,91,42,24
"Prr22",0,6,2,1
"Rfx2",9,10,2,7
"Mllt1",52,67,19,26
"ENSMUSG00000125117",0,2,0,0
"Clpp",538,744,351,256
"Alkbh7",83,105,59,41
"Gtf2f1",283,399,186,133
"Khsrp",126,171,85,83
"Slc25a23",7,14,9,3
"Gm11110",10,17,10,6
"Tnfsf9",19,31,11,7
"C3",10,9,5,6
"Gpr108",82,127,64,33
"Trip10",82,123,64,37
"ENSMUSG00000131831",2,0,0,2
"Nudt12",17,17,13,9
"Gm4518",0,3,0,3
"Efna5",73,109,35,22
"ENSMUSG00000130242",9,17,10,5
"ENSMUSG00000128399",11,16,6,6
"ENSMUSG00000127643",7,6,2,2
"Fbxl17",41,33,13,10
"ENSMUSG00000139533",1,0,3,0
"ENSMUSG00000133137",1,2,2,0
"ENSMUSG00000133257",1,6,1,1
"ENSMUSG00000133175",0,0,1,0
"Fer",70,99,44,27
"1110058D11Rik",2,7,1,2
"Pja2",134,212,105,70
"Man2a1",142,233,99,66
"Vapa",979,1334,668,473
"Rab31",101,141,68,54
"Ppp4r1",93,152,52,60
"Ralbp1",464,662,304,239
"Gm49870",1,8,3,0
"Twsg1",80,142,56,51
"Ankrd12",136,236,96,91
"Gm49925",2,0,0,0
"Ndufv2",847,1234,558,408
"Washc1",147,200,103,81
"Ddx11",40,49,36,24
"Gm56917",0,2,0,0
"ENSMUSG00000131011",4,5,4,0
"Mtcl1",96,130,71,43
"Gm49937",1,0,1,2
"Rab12",206,378,158,115
"Ptprm",3,6,11,2
"1700016K05Rik",2,0,2,0
"ENSMUSG00000125847",0,0,0,0
"Gm49940",1,2,0,1
"Arhgap28",79,87,47,31
"Gm17097",0,2,1,0
"ENSMUSG00000122845",1,3,0,2
"Epb41l3",24,38,13,12
"ENSMUSG00000128515",2,2,0,1
"2410021H03Rik",0,1,2,1
"Gm49894",1,5,2,1
"A930029G22Rik",26,25,19,16
"Zbtb14",24,52,15,17
"C030034I22Rik",6,9,2,5
"Dlgap1",1,4,0,0
"5031415H12Rik",1,6,0,0
"Gm41609",22,34,8,15
"Tgif1",174,219,130,95
"Gm56904",79,85,49,31
"Gm26510",66,93,49,31
"Myl12b",172,252,143,82
"Myl12a",3805,5649,2611,1620
"Lpin2",83,94,50,41
"4930471L23Rik",8,8,1,3
"Smchd1",321,513,235,177
"Gm37639",4,3,4,0
"Gm38220",3,9,5,0
"Gm4707",12,22,16,4
"Ndc80",173,242,112,83
"Spdya",2,5,5,1
"Trmt61b",11,14,4,5
"Wdr43",1062,1471,651,442
"Clip4",3,3,0,1
"Alk",1,1,0,1
"Ypel5",47,62,40,35
"Gm30375",0,2,0,0
"Lbh",57,93,46,28
"ENSMUSG00000130995",3,1,0,0
"Lclat1",35,52,25,20
"E330032C10Rik",11,16,4,2
"ENSMUSG00000130714",1,4,0,0
"Gm4948",2,1,3,3
"Xdh",38,70,53,31
"Gm18068",1,1,0,2
"Gm49883",14,24,8,4
"Memo1",261,350,159,102
"Dpy30",771,1152,548,348
"Spast",96,159,82,58
"Slc30a6",37,57,38,23
"Nlrc4",0,4,1,0
"Gm4708",8,3,0,3
"ENSMUSG00000123637",8,12,6,5
"Yipf4",310,479,222,172
"Gm31645",8,16,8,4
"Gm26749",0,1,0,1
"ENSMUSG00000127878",1,1,0,1
"Birc6",287,432,199,124
"Ttc27",65,70,45,25
"Gm50020",1,2,0,1
"Gm50021",2,1,0,1
"Ltbp1",397,630,317,221
"ENSMUSG00000126655",0,1,1,1
"Fam98a",70,121,55,37
"Gm32282",5,15,2,9
"Crim1",142,283,114,73
"Fez2",295,445,206,118
"ENSMUSG00000140221",11,11,11,8
"Hdac1-ps",4,1,2,3
"Strn",47,79,26,33
"Heatr5b",31,43,22,10
"Gpatch11",124,210,99,56
"Gm6548",4,5,0,1
"Eif2ak2",195,319,138,91
"ENSMUSG00000139273",4,6,3,5
"Sult6b1",0,2,0,0
"Cebpzos",246,366,212,123
"Cebpz",641,922,438,286
"Ndufaf7",135,173,80,70
"Prkd3",33,30,28,14
"Cdc42ep3",140,287,90,70
"Gm17315",2,3,2,0
"Gm32954",1,2,1,1
"ENSMUSG00000138710",1,1,1,1
"Rmdn2",6,22,5,7
"Gm56916",0,2,0,0
"Atl2",71,97,36,22
"Gm6552",28,37,14,14
"Hnrnpll",153,256,116,102
"ENSMUSG00000125905",1,1,1,0
"ENSMUSG00000125978",1,0,1,1
"Srsf7",2047,2881,1414,921
"Gemin6",212,315,157,89
"Dhx57",18,41,17,16
"Gm50087",2,10,1,7
"Morn2",62,95,36,33
"Sos1",62,91,53,27
"ENSMUSG00000138862",7,12,3,1
"Map4k3",9,17,6,7
"Thumpd2",20,27,12,6
"ENSMUSG00000132265",0,2,1,0
"Rpsa-ps7",8,6,3,3
"ENSMUSG00000127952",0,1,1,0
"Pkdcc",4,24,8,7
"ENSMUSG00000124249",0,2,1,1
"Eml4",123,189,94,76
"ENSMUSG00000127741",1,2,2,1
"Cox7a2l",183,270,126,93
"ENSMUSG00000142522",7,7,9,6
"ENSMUSG00000126624",0,0,1,1
"Mta3",193,261,108,93
"C430042M11Rik",1,5,0,1
"Gm35551",5,8,3,5
"4933433H22Rik",6,6,7,2
"ENSMUSG00000124997",0,2,0,1
"Zfp36l2",414,630,328,259
"Gm56881",0,2,0,0
"Thada",26,45,23,15
"ENSMUSG00000131661",2,4,3,2
"ENSMUSG00000139568",15,17,5,9
"Plekhh2",61,87,58,26
"4930500A05Rik",1,2,0,0
"Gm49969",2,1,0,0
"Dync2li1",94,151,93,57
"Lrpprc",74,73,43,26
"ENSMUSG00000134649",0,1,1,1
"Gm49979",4,6,0,3
"1110020A21Rik",5,9,5,3
"Ppm1b",136,226,90,78
"ENSMUSG00000131935",0,2,0,0
"Prepl",15,28,10,12
"Camkmt",9,10,8,2
"ENSMUSG00000122985",0,1,0,0
"Srbd1",51,103,52,45
"Gm5817",6,15,5,3
"Prkce",37,41,16,11
"Gm54542",1,1,0,1
"ENSMUSG00000128735",1,2,0,0
"Gm56905",1,2,1,2
"Gm56887",1,0,0,1
"Epas1",1,1,0,1
"Rhoq",40,52,31,16
"Gm50012",4,4,5,9
"Pigf",26,36,19,13
"Cript",369,492,243,181
"Gm30421",2,3,0,1
"ENSMUSG00000128947",2,2,0,1
"Socs5",51,87,52,31
"Mcfd2",174,278,128,98
"4833418N02Rik",2,6,4,0
"Ttc7",30,32,13,8
"Calm2",2303,3543,1551,1113
"ENSMUSG00000135532",11,18,9,9
"Gm30794",3,6,1,3
"Gm30984",9,3,4,2
"ENSMUSG00000128855",3,3,4,2
"Gm46609",1,2,0,1
"Msh2",127,232,101,73
"Msh6",100,148,66,53
"Fbxo11",94,155,58,42
"Gm4832",2,6,2,4
"Foxn2",54,83,41,30
"Ppp1r21",70,104,56,41
"Ston1",29,60,31,23
"Kpna2rt",4,3,1,2
"ENSMUSG00000134018",0,1,1,1
"Gm9416",3,0,0,0
"Mettl4",25,39,19,14
"2700099C18Rik",44,51,29,21
"Gm1976",9,18,8,2
"Gm50010",3,2,3,2
"ENSMUSG00000133649",2,4,1,1
"Gm20939",13,9,9,11
"ENSMUSG00000132533",2,2,1,0
"ENSMUSG00000132569",4,8,2,1
"Crem",54,51,21,24
"Gm6225",4,14,1,3
"Cul2",151,178,91,78
"Gm10557",1,0,0,1
"Map3k8",16,19,11,10
"4833419F23Rik",6,2,2,4
"Mtpap",90,116,57,43
"Jcad",48,96,38,32
"Svil",121,166,87,73
"ENSMUSG00000141989",5,11,3,5
"Gm26682",4,1,5,4
"ENSMUSG00000129883",2,2,0,1
"Zfp438",1,4,5,1
"Zeb1os1",8,19,4,9
"ENSMUSG00000126267",2,5,1,1
"Zeb1",100,142,83,65
"Gm34804",0,1,0,0
"Arhgap12",41,57,23,32
"ENSMUSG00000135961",1,0,0,1
"Kif5b",808,1096,566,414
"Epc1",96,110,68,49
"Gm28529",1,6,2,2
"Rab18",474,651,335,296
"Mkx",20,28,16,7
"Gm46633",0,0,2,1
"Mpp7",28,48,23,18
"Gm9993",21,23,11,12
"Wac",296,418,186,148
"Gm4833",8,11,7,2
"ENSMUSG00000122941",4,9,0,5
"Fzd8",10,8,12,5
"Ccny",161,219,87,80
"ENSMUSG00000125835",11,5,5,6
"Thoc1",148,178,88,72
"Usp14",547,785,362,293
"Rock1",480,646,349,254
"Greb1l",20,46,18,16
"Esco1",46,54,29,15
"Snrpd1",3077,3976,1959,1478
"Abhd3",6,8,4,7
"Mib1",77,102,64,36
"Mir133a-1hg",0,0,2,0
"Gata6",9,5,2,0
"Rbbp8",158,222,110,87
"Gm50069",3,9,5,3
"Tmem241",9,21,10,2
"ENSMUSG00000133108",1,1,0,2
"ENSMUSG00000140506",3,6,3,1
"Riok3",143,214,106,85
"Rmc1",47,57,31,22
"Npc1",20,38,17,19
"Gm15956",0,0,1,1
"Ankrd29",33,41,23,16
"Gm16072",0,3,0,0
"Lama3",0,1,2,0
"Ttc39c",74,89,54,31
"Gm41668",1,2,0,0
"ENSMUSG00000126397",0,0,0,1
"Cabyr",0,1,1,1
"Osbpl1a",80,97,43,39
"Gm49970",0,1,1,1
"ENSMUSG00000123106",1,2,1,3
"Impact",243,300,187,190
"ENSMUSG00000133594",1,3,1,1
"Gm5160",1,1,1,0
"Ss18",131,170,64,59
"Taf4b",23,21,11,5
"Kctd1",8,16,4,3
"4933424G05Rik",0,0,0,1
"Gm2629",2,0,0,0
"Gm10036",2,1,0,0
"Gm10269",11,23,14,7
"B4galt6",65,72,49,29
"Trappc8",55,70,52,37
"Rnf125",10,7,7,2
"Rnf138",266,356,188,160
"Garem1",7,15,4,4
"Nol4",11,6,4,8
"Dtna",16,18,8,9
"Gm15972",0,2,0,1
"Mapre2",55,77,60,21
"ENSMUSG00000121479",0,1,0,0
"Rpl19-ps7",3,4,1,1
"Zfp397",46,76,36,30
"Zfp35",19,39,19,10
"Zfp24",41,76,48,37
"ENSMUSG00000123856",1,2,0,2
"ENSMUSG00000131723",4,5,2,1
"Ino80c",121,141,69,39
"Galnt1",288,419,190,163
"ENSMUSG00000125660",0,1,1,0
"2700062C07Rik",137,196,96,69
"Rprd1a",27,41,22,15
"Slc39a6",146,230,99,78
"Elp2",127,172,105,57
"Mocos",22,28,19,19
"Fhod3",8,14,12,7
"Tpgs2",122,146,83,45
"AW554918",30,44,24,6
"ENSMUSG00000128770",2,0,0,0
"Pik3c3",46,57,32,26
"ENSMUSG00000123841",1,2,2,0
"Rpl29-ps5",1,3,1,1
"Gm7936",0,4,0,1
"Gm41780",2,0,0,1
"Slc25a46",111,165,75,61
"B930094E09Rik",2,1,4,0
"ENSMUSG00000131125",5,6,5,2
"Sap130",54,82,34,30
"Ammecr1l",27,42,22,8
"Gm26533",1,6,3,2
"Polr2d",178,218,116,92
"ENSMUSG00000136760",0,2,1,0
"Wdr33",324,457,267,170
"Sft2d3",80,84,44,36
"Lims2",6,7,3,0
"Gm56489",11,7,1,1
"Iws1",192,260,127,67
"Map3k2",53,88,36,27
"Ercc3",80,115,45,33
"A830052D11Rik",1,1,3,0
"Bin1",342,434,231,165
"Gypc",63,105,52,30
"Tslp",31,30,14,7
"Wdr36",176,271,137,112
"Stard4",133,175,74,58
"Nrep",1,5,2,4
"Epb41l4aos",282,409,190,160
"Epb41l4a",21,32,20,12
"Gm10548",4,0,3,0
"Apc",97,106,52,34
"ENSMUSG00000134339",0,2,1,0
"Srp19",880,1255,608,401
"Reep5",1545,2237,1092,779
"Pkd2l2",7,5,5,2
"Fam13b",42,53,26,13
"ENSMUSG00000122646",3,1,0,0
"Brd8dc",9,6,6,4
"Brd8",231,364,198,151
"Kif20a",23,32,14,17
"Cdc23",35,43,20,22
"n-R5s25",2,1,0,1
"Cdc25c",71,126,73,30
"Rpl27rt",16,23,11,7
"2010110K18Rik",4,7,1,0
"ENSMUSG00000139622",6,7,2,0
"Fam53c",42,42,21,17
"Kdm3b",53,61,29,21
"ENSMUSG00000135458",12,20,9,6
"Egr1",136,201,124,57
"ENSMUSG00000129492",2,1,1,0
"ENSMUSG00000129531",0,4,0,1
"Etf1",492,726,365,218
"Gm56507",8,18,5,10
"Hspa9",1250,1851,864,573
"Gm56488",10,11,12,9
"Gm36037",4,6,2,0
"ENSMUSG00000136844",6,22,12,9
"Ctnna1",625,891,438,296
"Lrrtm2",8,13,4,3
"Sil1",68,85,43,40
"Gm50145",0,0,1,0
"Gm50149",2,1,1,3
"Snhg4",367,461,211,220
"Matr3",326,455,203,143
"Gm50163",2,2,0,1
"Gm36989",6,6,11,3
"Paip2",534,728,350,214
"Slc23a1",1,2,0,0
"ENSMUSG00000138915",1,0,0,0
"Prob1",2,7,7,1
"ENSMUSG00000138966",8,11,5,0
"Spata24",33,54,33,17
"ENSMUSG00000139083",15,13,1,1
"Dnajc18",76,91,50,44
"Smim33",5,8,2,0
"Ecscr",379,541,303,188
"Sting1",163,229,120,85
"Ube2d2a",182,269,120,96
"Cxxc5",15,20,16,11
"ENSMUSG00000138751",1,1,1,0
"Gm50399",2,2,0,0
"C330008A17Rik",0,3,1,2
"Gm56493",4,7,0,1
"Nrg2",1,1,0,1
"ENSMUSG00000123741",1,1,2,1
"Pura",446,693,324,246
"Igip",4,5,7,4
"ENSMUSG00000138693",1,1,0,1
"Cystm1",233,310,154,91
"Pfdn1",1165,1664,769,644
"Hbegf",251,313,165,82
"ENSMUSG00000123961",1,4,1,0
"Gm56496",9,20,10,6
"Ankhd1",80,100,50,31
"Gm6542",6,8,2,0
"Sra1",410,632,313,193
"Apbb3",17,18,17,13
"Slc35a4",138,179,81,84
"E230025N22Rik",1,6,1,1
"ENSMUSG00000134905",1,1,1,0
"Cd14",69,95,39,23
"Tmco6",24,22,17,15
"Ndufa2",1821,2597,1254,892
"Ik",245,385,204,117
"Wdr55",109,141,73,43
"Dnd1",1,1,0,0
"ENSMUSG00000130830",5,9,2,1
"Hars1",238,279,121,93
"Hars2",26,51,13,26
"Zmat2",382,516,254,206
"Vaultrc5",17,13,16,9
"Pcdhb3",0,0,0,1
"Pcdhb5",2,4,0,3
"Pcdhb14",2,1,0,0
"Pcdhb15",3,1,0,0
"Pcdhb16",1,1,5,0
"Pcdhb17",1,1,1,2
"Pcdhb18",1,2,0,0
"Pcdhb19",0,1,1,2
"Pcdhb20",0,5,1,1
"Pcdhb21",5,8,3,5
"Pcdhb22",3,6,1,2
"Taf7",85,113,51,40
"3222401L13Rik",2,2,1,1
"Gm8242",4,1,1,1
"Gm26672",0,2,0,1
"Pcdhgb8",1,6,1,0
"Pcdhga12",5,11,3,2
"BC037039",3,8,3,5
"Pcdhgc3",2,3,3,4
"Pcdhgc4",7,3,2,3
"Pcdhgc5",5,5,2,1
"Gm29994",0,1,3,2
"Diaph1",117,162,86,71
"ENSMUSG00000136940",1,3,1,2
"Hdac3",164,252,123,75
"Fchsd1",5,13,10,3
"Arap3",59,56,30,19
"ENSMUSG00000132714",0,2,0,0
"Pcdh1",18,27,11,10
"1700086O06Rik",48,93,41,26
"Gm10268",0,2,1,0
"Dele1",64,76,47,11
"Rnf14",130,186,102,74
"Gnpda1",50,67,38,21
"ENSMUSG00000125200",1,1,2,0
"ENSMUSG00000125234",2,1,1,0
"Ndfip1",839,1162,563,431
"ENSMUSG00000124754",3,1,1,2
"Spry4",74,85,53,32
"9630014M24Rik",4,4,7,3
"Fgf1",3,6,2,4
"Gm5820",1,3,0,0
"Arhgap26.1",6,2,5,1
"Gm15337",2,2,1,0
"Nr3c1",131,187,107,82
"ENSMUSG00000123831",2,1,1,0
"Gm50397",0,8,3,1
"Yipf5",293,398,206,158
"Sh3rf2",15,15,16,7
"Lars1",386,650,335,228
"Rps19-ps4",0,2,0,1
"Gm4013",46,66,34,18
"Rbm27",198,284,146,97
"Tcerg1",536,770,357,244
"Stk32a",1,3,1,0
"Dpysl3",819,1129,556,387
"ENSMUSG00000130548",13,20,10,5
"Eif3j2",11,20,10,6
"ENSMUSG00000125145",5,5,0,3
"Dcp2",283,386,143,119
"Mcc",57,73,44,37
"A930012L18Rik",2,1,1,1
"Ythdc2",70,107,55,33
"Trim36",2,3,0,0
"Pggt1b",51,95,34,27
"Ccdc112",40,42,32,24
"Gm4107",1,0,2,1
"Fem1c",40,62,33,20
"Ticam2",0,1,2,0
"Tmed7",287,381,193,128
"Eif1a",816,1124,627,391
"Gm3734",0,2,4,1
"Cdo1",0,1,2,1
"Atg12",100,135,75,42
"Ap3s1",524,778,414,275
"A430019L02Rik",4,4,2,0
"Gm49971",1,3,4,0
"Gm49972",3,3,2,1
"Arl14epl",2,5,5,0
"Gm49974",0,1,0,3
"Commd10",124,170,109,72
"Hspe1-rs1",92,148,63,51
"Sema6a",2,4,6,7
"Gm6883",1,3,3,2
"ENSMUSG00000133489",9,7,5,4
"Dtwd2",18,18,15,7
"Gm16283",6,11,7,3
"Dmxl1",42,78,41,32
"Tnfaip8",133,187,83,50
"ENSMUSG00000123118",1,4,0,2
"C030005K06Rik",0,0,1,2
"Hsd17b4",134,192,93,55
"ENSMUSG00000121727",8,3,3,4
"Gm8529",1,1,3,0
"Gm4950",17,23,9,10
"Srfbp1",164,209,122,69
"Gm41724",72,115,61,25
"Snx2",259,352,168,134
"Snx24",137,195,104,66
"Ppic",1283,1674,824,713
"Cep120",16,27,20,10
"ENSMUSG00000135848",1,2,1,0
"Csnk1g3",73,113,72,46
"Gm5507",2,1,0,1
"Zfp608",25,51,33,20
"Gm54030",2,2,1,0
"Gm4221",10,7,3,6
"4930511P09Rik",7,14,4,4
"Gramd2b",20,19,6,11
"Aldh7a1",101,152,72,56
"Phax",361,585,286,203
"ENSMUSG00000135293",2,2,1,0
"ENSMUSG00000124792",8,8,2,3
"Lmnb1",325,452,254,177
"Marchf3",2,0,2,0
"Gm34632",1,2,1,0
"C330018D20Rik",29,38,35,14
"Prrc1",210,240,143,96
"4930511M06Rik",27,44,32,24
"Slc12a2",103,104,71,48
"Isoc1",213,279,124,131
"Iigp1c",11,14,18,6
"Gm4841",2,2,2,0
"F830016B08Rik",2,1,1,0
"Iigp1",49,68,40,23
"BC023105",0,0,3,1
"Smim3",83,121,67,45
"ENSMUSG00000135899",2,1,0,0
"Dctn4",108,148,88,55
"ENSMUSG00000135926",1,2,5,0
"Rbm22",216,294,157,91
"Myoz3",3,0,1,0
"Synpo",51,68,48,30
"Ndst1",100,134,67,55
"Rps14",11300,16356,8168,5599
"ENSMUSG00000137675",8,4,2,0
"Cd74",2,3,4,1
"Tcof1",616,804,424,274
"Camk2a",1,0,1,2
"Pdgfrb",43,58,38,31
"Hmgxb3",23,33,25,21
"Slc26a2",27,43,25,18
"Pde6a",3,2,0,0
"ENSMUSG00000121779",113,172,87,52
"ENSMUSG00000138260",2,1,0,0
"Ppargc1b",7,13,13,3
"ENSMUSG00000138188",2,0,3,3
"Csnk1a1",668,917,506,375
"Bvht",101,157,72,57
"ENSMUSG00000124268",1,10,7,4
"Gm56503",2,4,1,2
"Carmn",9,24,10,5
"Pcyox1l",17,42,26,16
"Grpel2",87,137,69,48
"1500015A07Rik",17,25,10,5
"Sh3tc2",3,1,1,0
"Gm41750",4,7,2,2
"Adrb2",8,17,9,4
"Fbxo38",51,68,52,26
"Spink10",3,5,0,0
"Apcdd1",14,35,10,12
"Napg",116,154,84,45
"Piezo2",0,3,1,0
"Txnl1",1802,2458,1228,862
"ENSMUSG00000139119",3,5,3,2
"Wdr7",4,18,4,3
"Gm6974",1,1,0,0
"Rps15-ps3",5,6,2,2
"Onecut2",18,10,8,9
"Amd-ps3",0,1,1,1
"Fech",99,168,70,45
"Nars1",1676,2284,1263,836
"A330084C13Rik",0,4,6,1
"Nedd4l",58,76,34,27
"Gm56499",8,3,5,0
"Malt1",33,51,23,14
"Gm41760",3,2,0,0
"Zfp532",12,15,15,15
"Gm50462",16,19,18,10
"Sec11c",643,858,456,300
"Lman1",605,822,403,278
"Pmaip1",1,2,6,1
"Gnal",0,3,0,0
"Chmp1b",50,60,40,20
"Mppe1",7,14,4,5
"ENSMUSG00000127544",0,1,1,0
"Impa2",152,215,99,46
"B430212C06Rik",1,0,1,0
"Tubb6",1182,1750,741,543
"ENSMUSG00000129688",2,2,1,0
"Afg3l2",112,191,77,77
"Prelid3a",12,10,6,5
"Spire1",76,97,54,28
"Gm17669",2,2,1,0
"ENSMUSG00000128866",3,4,1,0
"Cep76",15,25,7,12
"Psmg2",214,314,152,116
"Ptpn2",197,267,143,86
"4930549G23Rik",7,18,21,8
"Seh1l",151,197,118,92
"Cep192",133,199,96,70
"Ldlrad4",24,37,17,13
"Gm56501",4,4,3,0
"Gm41764",9,11,6,3
"Fam210a",52,70,47,28
"Rnmt",154,208,126,75
"ENSMUSG00000127959",1,0,1,1
"Tcf4",626,866,457,286
"ENSMUSG00000128010",5,3,2,2
"ENSMUSG00000127932",16,13,17,11
"Ccdc68",7,7,3,1
"Rab27b",23,39,13,10
"Dynap",40,58,26,31
"4930503L19Rik",51,88,25,29
"Stard6",4,3,5,2
"Poli",18,16,15,8
"Mbd2",295,439,216,154
"Gm8934",3,3,0,1
"ENSMUSG00000135986",0,1,0,0
"Mex3c",36,48,37,25
"Smad4",16,26,13,5
"Gm32548",0,2,0,0
"Elac1",7,13,8,5
"Me2",225,333,150,128
"ENSMUSG00000125520",2,0,1,1
"Ska1",203,310,149,83
"Cxxc1",72,126,42,40
"Mbd1",35,76,30,25
"ENSMUSG00000129746",5,2,1,2
"Acaa2",127,186,100,77
"Lipg",15,41,27,18
"Rpl17",6006,8477,4156,2873
"BC031181",285,414,192,140
"Dym",52,94,41,35
"Gm20544",13,13,17,6
"Smad7",84,134,81,46
"Ctif",9,12,10,3
"Gm10532",0,1,1,0
"ENSMUSG00000139170",1,1,2,0
"Gm20570",2,2,0,0
"ENSMUSG00000140535",2,2,1,0
"Smad2",123,153,86,59
"ENSMUSG00000131130",5,6,3,2
"Ier3ip1",740,1138,571,361
"Hdhd2",172,249,133,73
"Katnal2",3,7,4,7
"Gm56494",16,23,11,6
"Pias2",106,138,83,55
"Ark2n",58,57,29,27
"ENSMUSG00000134021",1,1,0,0
"ENSMUSG00000133985",2,2,0,0
"ENSMUSG00000125724",3,2,2,7
"Haus1",195,287,162,106
"Atp5f1a",1717,2356,1196,855
"Pstpip2",3,6,1,3
"F830208F22Rik",2,10,3,3
"Epg5",7,11,5,4
"ENSMUSG00000132572",5,1,3,3
"Slc14a1",86,145,89,87
"ENSMUSG00000132614",1,1,0,0
"Gm6133",9,14,11,3
"Setbp1",26,55,18,20
"ENSMUSG00000138331",0,3,1,0
"Pard6g",67,101,50,32
"Adnp2",19,24,15,9
"Rbfa",7,9,0,2
"Naa12",638,926,467,331
"Txnl4a",784,1086,536,340
"Slc66a2",38,74,30,23
"Ctdp1",37,67,25,21
"Gm9456",5,12,7,1
"Nfatc1",27,55,22,10
"Atp9b",73,115,59,40
"Gm47272",0,2,2,0
"B020010K11Rik",2,1,0,1
"Rpl21-ps8",148,184,89,70
"Zfp236",13,25,22,9
"Gm10524",0,3,0,2
"ENSMUSG00000126788",0,1,1,0
"4930445N18Rik",1,2,1,0
"Zfp516",34,46,34,20
"Tshz1",114,161,74,56
"Ptgr3",39,41,22,18
"Gm31854",2,1,0,2
"Zfp407",17,22,14,12
"Gm37216",3,2,1,0
"Gm56492",6,5,5,4
"Cndp1",3,4,4,8
"Gm7289",0,1,2,0
"Cndp2",115,152,81,57
"Gm2390",1,0,0,2
"Cyb5a",459,678,367,349
"Fbxo15",1,2,1,1
"Timm21",100,151,61,45
"Gm5826",2,0,0,2
"Socs6",109,109,65,46
"Rttn",24,34,14,9
"Eif3s6-ps2",2,1,1,0
"Tmx3",141,209,93,70
"Gm50438",1,4,2,1
"Gm45871",7,8,1,2
"ENSMUSG00000121679",1,1,0,1
"Ighmbp2",22,36,20,7
"Mrpl21",438,575,290,149
"Cpt1a",13,20,10,11
"Tesmin",0,4,1,0
"Ppp6r3",56,99,49,28
"Lrp5",13,35,9,5
"ENSMUSG00000125522",0,2,2,0
"ENSMUSG00000135862",1,5,1,1
"Gm36608",4,7,2,2
"ENSMUSG00000135905",0,1,1,4
"1810055G02Rik",155,238,94,76
"Gm36787",6,6,6,4
"Kmt5b",59,76,44,26
"Gm16066",2,2,0,0
"Chka",212,275,127,96
"ENSMUSG00000134049",1,1,1,0
"Tcirg1",127,163,100,52
"Ndufs8",574,794,429,235
"Aldh3b1",23,38,22,18
"Unc93b1",58,71,47,26
"Acy3",17,19,13,4
"Gm16312",9,27,6,2
"Gm49405",20,39,17,15
"Doc2g",10,13,6,6
"Ndufv1",429,627,345,212
"Gstp1",349,476,270,213
"Gstp2",1,3,1,2
"Gstp3",1,1,1,2
"ENSMUSG00000135122",162,168,111,52
"Cdk2ap2",1421,2135,1077,754
"Pitpnm1",65,134,59,36
"Aip",294,434,208,131
"Tmem134",699,985,440,291
"Cabp4",8,9,4,1
"Coro1b",5,10,5,2
"Rps6kb2",44,63,34,33
"Carns1",3,5,1,0
"Gm17552",2,0,2,0
"Tbc1d10c",9,8,3,3
"Ppp1ca",1770,2496,1186,781
"Rad9a",34,55,27,15
"Gm30082",3,4,0,0
"ENSMUSG00000135663",1,1,1,0
"Clcf1",17,27,12,13
"1500032F14Rik",3,2,1,2
"Pold4",182,263,135,76
"Ssh3",1,6,2,2
"Ankrd13d",0,8,1,3
"Grk2",188,252,100,85
"Kdm2a",130,233,97,78
"ENSMUSG00000127267",5,7,4,3
"Rhod",127,189,111,58
"A930001C03Rik",5,7,1,3
"Syt12",2,7,5,0
"Pcx",24,38,19,16
"Lrfn4",49,63,30,24
"Rce1",199,309,151,90
"Top6bl",2,3,3,0
"Sptbn2",1,2,0,2
"Gm21992",1,2,2,0
"Rbm4b",98,129,78,46
"Rbm4",8,21,16,4
"Rbm14",92,141,67,51
"ENSMUSG00000128095",0,2,2,2
"Ccs",212,303,134,94
"Zdhhc24",7,15,20,6
"Bbs1",1,1,5,1
"Dpp3",173,271,132,85
"Peli3",4,2,0,0
"Mrpl11",505,727,339,231
"Gm56654",31,40,15,13
"Slc29a2",13,19,4,6
"ENSMUSG00000140864",4,3,1,1
"B4gat1",0,1,1,2
"Rin1",48,65,27,21
"Cd248",46,70,37,31
"Tmem151a",17,12,11,5
"Yif1a",272,378,210,115
"Cnih2",7,5,3,0
"Rab1b",204,256,113,82
"Klc2",22,36,15,8
"Gm10817",1,2,2,0
"Pacs1",89,99,56,29
"Sf3b2",1300,1796,907,653
"Gm50203",5,4,7,2
"Cst6",888,1346,543,572
"Banf1",2282,3316,1562,1099
"Eif1ad",404,544,273,181
"Sart1",211,286,142,96
"D330050I16Rik",16,40,14,10
"Gm56655",7,25,19,7
"4930481A15Rik",5,4,3,3
"Drap1",1022,1374,691,475
"AI837181",128,220,94,67
"Gm25432",7,5,0,1
"ENSMUSG00000132321",5,7,6,1
"Fosl1",4,7,5,3
"Ccdc85b",368,591,314,136
"Fibp",286,431,187,151
"Ctsw",0,2,2,0
"Efemp2",323,527,271,165
"Mus81",38,56,24,18
"Cfl1",5258,7636,3702,2277
"Snx32",10,7,5,7
"ENSMUSG00000121780",2,8,6,3
"Ap5b1",13,17,9,9
"Rnaseh2c",513,831,453,239
"Kat5",4,9,5,4
"Gm56632",4,5,3,1
"Rela",161,236,124,91
"Sipa1",97,147,82,36
"Pcnx3",61,83,39,21
"Map3k11",17,28,14,9
"Kcnk7",1,1,1,0
"Ehbp1l1",107,145,68,39
"Gm16538",1,2,0,0
"Gm50387",0,1,0,0
"Znrd2",2,4,0,0
"Ltbp3",53,86,35,18
"Scyl1",93,146,63,37
"ENSMUSG00000130860",1,0,1,1
"ENSMUSG00000131152",13,10,5,0
"Malat1",1423,2338,1183,982
"ENSMUSG00000131117",2,3,2,3
"Gm56649",3,3,2,0
"Neat1",757,852,509,455
"Frmd8os",1,2,1,0
"Frmd8",31,30,21,10
"Slc25a45",4,11,4,4
"Tigd3",5,1,0,1
"Dpf2",147,227,116,77
"Gm42067",18,18,10,10
"Cdc42ep2",122,219,105,56
"ENSMUSG00000136438",3,8,1,2
"Pola2",144,263,112,74
"Capn1",192,250,142,88
"Gm10814",0,0,2,1
"D530017H19Rik",9,18,8,6
"Syvn1",46,63,34,22
"Mrpl49",196,274,137,79
"Fau",9436,13509,6917,4470
"Gm56670",3,7,3,1
"Tm7sf2",0,3,4,2
"Vps51",48,81,28,32
"Zfpl1",162,258,99,86
"Cdca5",61,108,61,33
"ENSMUSG00000122789",1,0,0,2
"Gm550",0,2,1,0
"Naaladl1",0,3,0,1
"Sac3d1",151,222,94,39
"Snx15",86,124,73,54
"Arl2",354,502,248,178
"Batf2",3,2,3,2
"Gpha2",15,24,5,9
"Ppp2r5b",28,41,20,11
"Atg2a",24,44,21,14
"Gm14963",1,2,2,0
"Ehd1",537,791,413,203
"Cdc42bpg",7,13,8,7
"Men1",81,124,66,36
"Map4k2",15,30,19,9
"Gm14966",8,4,3,1
"Sf1",405,565,279,192
"Pygm",0,1,0,0
"Rasgrp2",6,10,1,1
"Hmgb1-ps4",1,1,1,1
"Gm14968",1,1,2,0
"Rps6ka4",0,3,2,3
"Prdx5",961,1428,750,436
"Trmt112",611,842,461,286
"Esrra",37,65,34,28
"Kcnk4",3,2,1,1
"Gpr137",58,104,43,25
"Bad",222,298,188,125
"Plcb3",75,88,44,22
"Ppp1r14b",3459,4986,2231,1557
"Fkbp2",743,1027,539,353
"Vegfb",355,568,271,188
"Dnajc4",89,141,55,41
"Nudt22",69,148,63,34
"Trpt1",13,15,11,5
"Fermt3",4,18,3,3
"ENSMUSG00000138644",18,17,8,9
"Stip1",771,1043,578,343
"ENSMUSG00000138724",1,2,2,1
"Macrod1",7,13,2,8
"Flrt1",0,2,0,0
"Otub1",284,460,204,172
"ENSMUSG00000129364",0,4,1,0
"Cox8a",5307,7658,3763,2229
"Naa40",89,115,61,34
"Rcor2",45,76,32,29
"Mark2",128,174,90,55
"Gm17227",1,0,1,3
"Spindoc",64,84,44,29
"Gm50232",12,19,12,6
"1700105P06Rik",1,5,1,1
"Zfta",32,62,25,30
"Rtn3",604,854,432,260
"ENSMUSG00000125058",8,9,6,3
"Atl3",187,274,128,102
"Plaat3",237,369,182,128
"Gm6192",0,0,2,1
"ENSMUSG00000130599",4,2,2,0
"Slc3a2",905,1224,641,420
"Snhg1",585,786,428,286
"Wdr74",298,375,176,114
"ENSMUSG00000131944",8,8,7,6
"Tex54",3,3,3,0
"Stx5a",14,18,9,4
"Gm56637",4,20,4,2
"Nxf1",105,187,93,57
"Tmem223",145,181,79,52
"Tmem179b",154,234,130,78
"Taf6l",0,2,3,1
"ENSMUSG00000140173",3,12,4,3
"Polr2g",498,666,386,182
"Zbtb3",2,6,7,1
"Ttc9c",70,96,47,30
"Hnrnpul2",189,279,150,104
"Gng3",4,3,3,1
"Bscl2",39,64,23,17
"Lrrn4cl",7,19,6,5
"Ubxn1",1490,2085,1088,698
"Uqcc3",90,170,87,64
"Lbhd1",10,14,7,7
"ENSMUSG00000143185",32,55,29,19
"1810009A15Rik",10,25,15,13
"Ints5",59,102,45,43
"Ganab",183,274,155,77
"Gm36629",3,2,1,1
"B3gat3",112,190,69,70
"Rom1",7,8,10,4
"Eml3",58,92,50,41
"Gm10353",1,2,0,1
"ENSMUSG00000131652",0,6,2,1
"Mta2",195,225,113,64
"Tut1",44,67,36,21
"Eef1g",3200,4702,2294,1448
"ENSMUSG00000126273",0,1,1,1
"Ahnak",1305,2070,965,647
"Asrgl1",38,63,36,31
"Pcna-ps2",2,0,0,0
"Stxbp3-ps",1,2,0,0
"Gm50322",8,17,15,10
"Incenp",342,542,226,158
"Gm50324",1,0,1,0
"Gm50340",8,23,11,2
"Gm36913",4,9,9,5
"Gm56633",0,3,0,1
"Fth1",38324,56957,29797,21601
"Best1",6,5,1,1
"Rab3il1",69,123,79,51
"Fads3",59,74,36,27
"Fads2",165,234,111,72
"ENSMUSG00000137182",8,6,5,1
"Fads1",138,194,79,73
"Gm10143",2,9,4,0
"Fen1",9,16,8,5
"Tmem258",1992,2849,1421,850
"Dagla",11,15,7,5
"ENSMUSG00000137097",0,4,3,1
"Gm30042",0,1,0,2
"Sdhaf2",157,245,121,65
"Cpsf7",86,139,70,49
"Tmem216",65,90,29,35
"Tmem138",104,166,65,66
"Gm50205",0,4,1,2
"Cyb561a3",20,49,28,20
"Tkfc",40,64,25,12
"Ddb1",740,1134,551,402
"Vwce",0,3,0,0
"Vps37c",53,86,40,23
"A430093F15Rik",1,2,0,2
"Tmem109",331,391,214,133
"Prpf19",385,605,291,192
"Ccdc86",290,409,215,118
"AW112010",9,17,8,14
"Gm6501",1,1,1,1
"Ms4a4d",3,1,0,0
"Mrpl16",171,305,148,79
"Stx3",77,100,44,33
"ENSMUSG00000144117",0,1,0,1
"Patl1",65,92,36,32
"Osbp",67,116,49,34
"ENSMUSG00000127777",7,15,5,2
"Dtx4",54,88,42,46
"A330040F15Rik",9,15,7,3
"Fam111a",339,522,214,153
"4122401K19Rik",2,3,0,1
"Zfp91",244,333,169,107
"Lpxn",43,62,35,16
"ENSMUSG00000123917",3,2,2,2
"Psat1",852,1129,552,394
"Cep78",43,72,24,24
"C130060C02Rik",0,5,0,0
"Rpl37-ps1",3,4,2,2
"ENSMUSG00000136652",1,0,0,2
"Gnaq",244,312,143,96
"Gm53055",13,18,10,7
"ENSMUSG00000143322",18,18,7,5
"ENSMUSG00000132030",2,1,0,1
"Vps13a",164,332,146,74
"Gm32256",0,2,4,1
"ENSMUSG00000124951",2,1,1,0
"Prune2",50,71,26,20
"Gcnt1",22,28,12,6
"Rfk",121,152,82,53
"Ostf1",405,541,260,183
"Nmrk1",20,24,8,10
"ENSMUSG00000130077",3,3,2,0
"Carnmt1",351,543,246,181
"D030056L22Rik",203,282,117,77
"Rorb",0,1,0,0
"1500015L24Rik",3,0,1,0
"Anxa1",4458,6741,3388,1840
"Aldh1a1",0,2,3,1
"Aldh1a7",0,1,2,0
"4930554I06Rik",1,3,0,1
"Zfand5",334,500,258,175
"Gm50255",10,7,8,0
"1110059E24Rik",170,234,115,79
"Abhd17b",170,295,171,85
"ENSMUSG00000137088",1,0,0,0
"Gm41818",0,0,1,0
"Cemip2",65,90,77,29
"Gm50130",2,8,6,0
"Ldhb-ps",2,2,3,0
"Trpm3",7,5,3,3
"Nsa2-ps1",5,8,1,0
"Gm56636",0,2,2,0
"Gm56648",1,2,0,1
"ENSMUSG00000133852",1,0,0,2
"Klf9",176,236,123,79
"Smc5",140,223,138,90
"Gm9493",3,7,3,2
"Gm6563",30,62,22,18
"Ptar1",44,77,33,22
"Tjp2",68,126,68,38
"Fxn",295,420,205,145
"Pabir1",89,110,55,46
"ENSMUSG00000124970",20,25,10,15
"Tmem252",0,1,0,1
"Gm10053",9,13,5,4
"Zng1",110,165,68,47
"ENSMUSG00000143005",4,4,1,2
"Dock8",111,131,84,30
"Ndufb4b",2,0,2,2
"Kank1",7,17,6,4
"2610016A17Rik",1,6,1,1
"Dmrt2",7,20,8,5
"Gm8825",0,2,2,0
"Smarca2",244,368,176,109
"ENSMUSG00000143529",1,2,1,0
"Pum3",323,491,246,151
"ENSMUSG00000143855",0,2,1,1
"Rfx3",4,9,3,2
"ENSMUSG00000129926",1,2,1,1
"ENSMUSG00000134682",6,4,1,0
"Gm5517",1,0,2,1
"Glis3",14,17,6,7
"ENSMUSG00000134215",2,2,0,0
"Plpp6",29,32,15,16
"Cdc37l1",122,231,102,69
"Gm10136",4,9,6,1
"Ak3",71,117,44,33
"1700018L02Rik",4,4,2,1
"Rcl1",212,273,121,101
"ENSMUSG00000143383",0,2,1,2
"Jak2",34,43,24,15
"Insl6",141,201,117,61
"Plgrkt",345,529,264,149
"Cd274",6,7,2,3
"A930007I19Rik",8,10,2,4
"Ric1",29,37,17,22
"Ermp1",98,169,66,48
"Brd10",68,114,39,37
"Ranbp6",3,9,2,2
"Il33",1,9,12,2
"Gm56651",14,14,8,13
"Uhrf2",168,219,102,68
"Gldc",2,2,1,2
"Cstf2t",43,94,33,24
"Asah2",49,72,37,21
"Sgms1",53,78,46,22
"ENSMUSG00000128554",0,3,1,0
"Sgms1os1",12,24,9,6
"Rpl9-ps6",62,81,49,30
"ENSMUSG00000127819",3,4,0,1
"Minpp1",131,203,96,71
"Gm54639",7,5,9,3
"Atad1",136,193,102,55
"Gm56641",3,3,0,0
"Pten",331,513,265,154
"Rnls",2,3,0,1
"2810449D17Rik",79,120,58,42
"Stambpl1",79,146,67,38
"Acta2",8,1,1,0
"Fas",15,29,14,6
"Lipa",107,146,76,51
"Ifit2",77,119,96,43
"Ifit3",419,564,389,213
"Ifit1bl1",1,1,1,0
"Ifit3b",34,52,50,15
"Ifit1bl2",1,0,2,1
"Ifit1",546,928,648,274
"Pank1",28,38,25,14
"Kif20b",304,395,203,140
"Rpp30",295,409,190,122
"ENSMUSG00000140434",4,5,1,0
"Ankrd1",2266,3564,1565,800
"Gm56671",263,418,183,92
"ENSMUSG00000123335",122,179,133,77
"Gm50147",0,2,1,0
"Pcgf5",253,392,160,119
"Gm47773",7,14,6,5
"Gm9042",5,9,1,2
"F530104D19Rik",1,1,0,1
"Hectd2os",1,3,0,1
"Hectd2",3,4,3,0
"ENSMUSG00000139114",3,1,1,0
"Tnks2",142,252,135,76
"Fgfbp3",22,39,20,9
"Btaf1",54,98,45,31
"Cpeb3",9,9,3,2
"Gm55606",5,10,5,2
"Marchf5",795,1063,549,343
"ENSMUSG00000127096",4,13,3,1
"4931408D14Rik",1,1,0,0
"Ide",306,412,201,133
"Rpl10-ps6",2,11,2,2
"Gm56673",2,1,0,0
"Kif11",178,241,109,95
"Gm8663",8,10,5,2
"Gm46649",2,1,2,3
"Gm38345",2,1,1,1
"Hhex",32,37,7,9
"Exoc6",38,46,19,12
"ENSMUSG00000136264",2,0,3,1
"Gm32342",7,15,4,0
"Cyp26a1",0,0,1,0
"Gm9067",1,0,0,2
"ENSMUSG00000138995",18,24,15,3
"Myof",509,722,372,253
"I830134H01Rik",1,1,0,1
"Cep55",105,149,94,52
"Fra10ac1",131,256,115,58
"Slc35g1",22,38,14,7
"Noc3l",72,112,49,41
"Tbc1d12",79,118,46,41
"Hells",915,1458,688,418
"Gm16470",0,2,3,0
"Pdlim1",591,828,456,292
"ENSMUSG00000130920",1,2,1,0
"ENSMUSG00000130888",0,1,2,0
"Sorbs1",33,50,28,16
"Aldh18a1",90,106,45,38
"Gm27042",4,3,2,1
"Tctn3",7,20,8,10
"Ccnj",1,7,3,5
"Blnk",24,37,17,18
"Tm9sf3",596,901,418,274
"ENSMUSG00000138379",16,27,4,7
"Lcor",25,52,22,16
"ENSMUSG00000128422",1,1,2,1
"Arhgap19",71,98,42,34
"Frat1",2,3,2,3
"Frat2",38,46,18,11
"Rrp12",68,102,45,34
"ENSMUSG00000140202",2,4,5,2
"Pgam1",2740,4024,1886,1114
"Exosc1",347,532,237,137
"Zdhhc16",3,1,2,0
"Mms19",96,143,81,45
"Ubtd1",117,200,94,66
"Ankrd2",2,1,1,0
"ENSMUSG00000132115",2,1,1,0
"Pi4k2a",107,172,82,51
"Avpi1",667,981,501,298
"Marveld1",79,108,51,43
"Zfyve27",33,53,27,24
"R3hcc1l",25,57,24,11
"Loxl4",16,31,13,10
"Pyroxd2",5,15,6,5
"Hps1",70,109,45,31
"Gm16244",3,4,2,1
"Got1",389,559,296,140
"Gm20467",0,0,0,1
"Slc25a28",122,193,95,55
"BC037704",4,8,3,4
"Entpd7",45,83,44,23
"Cox15",23,32,18,8
"Cutc",68,90,38,25
"Dnmbp",28,20,5,15
"Erlin1",66,99,37,42
"Chuk",53,71,40,26
"Cwf19l1",22,48,22,9
"Gm24336",2,3,3,0
"Bloc1s2",268,417,176,107
"Scd3",0,19,0,0
"Scd2",883,1274,652,435
"Gm50334",1,5,3,2
"ENSMUSG00000137281",1,2,2,3
"Scd1",238,340,192,132
"Gm35406",0,2,3,0
"Ndufb8",1133,1680,852,522
"Hif1an",45,65,33,18
"ENSMUSG00000143324",1,1,0,1
"Slf2",114,133,70,59
"4930414N06Rik",3,1,2,1
"Sema4g",1,3,0,1
"Mrpl43",578,953,428,274
"Twnk",44,46,23,21
"Lzts2",170,253,130,91
"ENSMUSG00000130913",0,3,0,0
"ENSMUSG00000130941",1,1,0,1
"ENSMUSG00000124799",3,3,5,3
"Sfxn3",60,78,36,39
"Gm35867",1,4,2,1
"Gm56659",1,2,1,1
"Kazald1",41,51,19,25
"Tlx1os",8,12,8,0
"Lbx1",10,11,6,6
"Gm28578",1,1,0,0
"1700016H03Rik",1,1,0,1
"Btrc",71,96,52,34
"Poll",25,35,23,18
"Dpcd",198,277,139,97
"Fbxw4",1,2,2,2
"Npm3",918,1348,639,434
"Gm15491",0,4,1,1
"Oga",126,153,65,76
"Armh3",20,32,16,10
"Gm50196",5,1,2,2
"Gm6813",1,2,1,0
"ENSMUSG00000142546",0,8,1,2
"Hps6",22,47,13,18
"Ldb1",71,103,42,38
"Pprc1",100,149,62,61
"Nolc1",704,1072,468,304
"Gbf1",146,256,106,85
"Gm16726",1,1,0,1
"4833438C02Rik",15,24,12,11
"Nfkb2",189,255,146,52
"Psd",4,3,3,1
"Fbxl15",11,23,9,7
"Cuedc2",730,1096,514,366
"Mfsd13a",27,46,20,17
"2310034G01Rik",18,16,4,4
"Actr1a",147,214,83,63
"ENSMUSG00000132333",1,2,2,1
"Sufu",37,59,25,20
"Gm56635",7,7,4,1
"Trim8",187,261,144,97
"Arl3",159,230,135,78
"Sfxn2",51,87,33,28
"Wbp1l",44,65,42,22
"Gm56658",1,4,3,0
"Borcs7",129,208,99,77
"As3mt",61,126,64,39
"Cnnm2",14,11,6,11
"Gm50431",3,2,3,1
"Nt5c2",50,82,49,37
"Pcgf6",134,205,119,67
"Taf5",72,123,59,42
"Atp5mk",2189,3136,1557,958
"Pdcd11",298,432,216,145
"Calhm2",27,52,17,15
"Neurl1a",12,7,7,5
"Sh3pxd2a",83,129,80,54
"ENSMUSG00000141219",2,3,1,2
"Stn1",107,167,75,48
"Gm19557",0,3,1,0
"Slk",245,404,197,141
"ENSMUSG00000130638",0,4,0,0
"Gm16068",1,1,0,0
"ENSMUSG00000122797",1,1,1,1
"Sfr1",1463,2122,1024,727
"Cfap43",3,5,2,3
"Gm30021",0,1,1,0
"Gsto1",1903,2795,1467,1057
"ENSMUSG00000135557",1,7,4,4
"Gsto2",20,40,21,18
"Itprip",15,22,10,8
"Rpl13a-ps1",1,3,1,2
"Xpnpep1",289,389,182,134
"ENSMUSG00000133604",1,3,0,1
"Add3",49,68,31,27
"1700001K23Rik",1,0,2,0
"Gm30541",1,9,4,4
"Mxi1",120,163,59,56
"ENSMUSG00000131906",2,4,1,0
"Smndc1",311,463,228,149
"8030456M14Rik",3,5,5,0
"Gm56638",8,14,4,6
"ENSMUSG00000131811",4,2,2,2
"Mirt1",25,22,8,6
"Gm50394",3,3,4,2
"Dusp5",31,70,23,21
"ENSMUSG00000141279",2,2,1,0
"Nutf2-ps1",8,11,11,7
"Gm50402",2,4,1,0
"Smc3",864,1300,600,443
"Pdcd4",163,245,125,146
"Bbip1",244,376,182,116
"Shoc2",81,128,73,42
"Gm50273",1,0,0,1
"Gpam",15,13,9,1
"Gm31356",0,1,1,0
"Acsl5",220,351,173,111
"Zdhhc6",170,257,125,85
"Vti1a",34,49,27,21
"ENSMUSG00000130152",2,7,3,4
"Tcf7l2",233,406,170,144
"Ppnr",2,0,1,1
"Casp7",35,38,21,19
"Dclre1a",57,86,38,22
"Nhlrc2",93,147,73,50
"ENSMUSG00000131158",3,1,1,0
"ENSMUSG00000131128",22,39,19,14
"Ccdc186",83,149,58,37
"ENSMUSG00000140568",2,1,0,0
"Ablim1",47,72,33,17
"B230217O12Rik",4,4,4,0
"Fhip2a",30,54,20,17
"Gm50271",6,7,3,0
"Trub1",80,125,47,48
"Atrnl1",13,14,6,3
"Gm50287",1,0,0,0
"Gfra1",7,9,5,3
"1810007D17Rik",0,2,0,0
"Gm17150",1,4,2,0
"Hspa12a",85,112,63,48
"Eno4",2,2,0,0
"Shtn1",2,2,3,0
"Slc18a2",18,27,14,12
"Pdzd8",64,95,41,44
"ENSMUSG00000128633",2,3,1,1
"Emx2os",2,2,1,3
"Emx2",11,15,10,11
"Rab11fip2",115,124,81,69
"E330013P04Rik",4,8,3,10
"Fam204a",199,368,179,113
"Cacul1",62,97,38,45
"ENSMUSG00000131905",2,2,1,1
"Nanos1",14,25,13,9
"Eif3a",1785,2593,1217,825
"ENSMUSG00000126469",2,1,2,2
"ENSMUSG00000129484",0,2,1,1
"Dennd10",55,104,45,20
"ENSMUSG00000129526",0,1,3,0
"Sfxn4",20,21,14,9
"Prdx3",284,519,242,146
"Grk5",26,28,18,10
"Zfp950",61,103,48,43
"Gm56644",20,27,21,12
"Gm21060",96,132,78,50
"Gm14450",1,1,0,0
"Rpl19-ps12",3,4,3,0
"Shroom4",9,8,5,4
"Clcn5",38,43,25,17
"2010204K13Rik",95,160,71,62
"Usp27x",4,8,2,4
"Ppp1r3f",8,5,1,1
"Flicr",2,3,0,4
"Foxp3",0,2,0,2
"Prickle3",1,2,2,0
"Plp2",129,179,99,60
"Magix",1,1,1,1
"Gpkow",15,32,13,15
"Wdr45",35,48,31,25
"Praf2",169,214,116,78
"Ccdc120",11,13,9,3
"Tfe3",56,82,36,28
"Gripap1",51,115,49,39
"Otud5",79,117,62,50
"Pim2",16,14,5,1
"Slc35a2",63,91,36,32
"Pqbp1",112,163,87,56
"Timm17b",272,418,199,131
"Hdac6",36,51,32,17
"Gm14820",1,0,1,0
"Glod5",1,1,1,0
"Rpl22-ps1",3,5,1,1
"Suv39h1",104,162,60,56
"Was",1,2,0,0
"Gm6787",0,0,2,1
"Wdr13",20,22,9,13
"ENSMUSG00000134810",1,2,0,0
"Rbm3",351,469,218,174
"Rbm3os",2,12,2,0
"Tbc1d25",23,28,20,5
"Ebp",309,387,230,160
"Porcn",14,24,6,8
"ENSMUSG00000131715",1,1,0,0
"Ftsj1",59,60,43,17
"Gm56683",2,2,2,3
"ENSMUSG00000142802",4,16,6,8
"B630019K06Rik",18,30,19,14
"Lancl3",21,15,12,6
"Gm14862",1,3,1,4
"ENSMUSG00000139920",85,149,88,51
"Dynlt3",181,233,124,104
"Rpgr",19,29,14,16
"ENSMUSG00000133634",0,3,0,0
"Mid1ip1",127,165,79,67
"ENSMUSG00000135110",1,0,1,0
"Bcor",28,55,32,12
"Gm56689",2,1,0,0
"Atp6ap2",222,319,148,142
"1810030O07Rik",61,68,43,27
"Med14",44,87,46,35
"Gm14634",0,3,2,0
"AA414768",13,22,8,4
"5730405O15Rik",1,1,2,1
"ENSMUSG00000141253",2,4,3,0
"Usp9x",224,380,203,147
"Rpl3-ps1",279,386,216,148
"ENSMUSG00000131342",2,1,1,2
"Llph-ps2",1,1,3,0
"Ddx3x",310,403,194,144
"Gm5380",1,5,1,2
"Cask",47,88,47,35
"Gpr82",1,1,0,1
"Maoa",137,261,97,86
"Maob",4,1,0,0
"Fundc1",85,140,69,40
"Kdm6a",25,37,26,17
"Gm26652",125,182,92,65
"Gm9083",3,5,3,1
"Rp2",21,34,19,12
"Gm9085",1,1,2,0
"Gm14537",1,1,0,0
"Jade3",12,23,11,9
"Gm14539",7,7,2,1
"Ndufb11",954,1384,732,538
"Rbm10",128,204,66,67
"Uba1",370,463,205,178
"Cdk16",79,128,54,51
"Usp11",14,20,2,8
"Araf",90,108,50,39
"Syn1",3,5,2,1
"Timp1",524,778,390,264
"Cfp",5,3,1,5
"Elk1",30,32,16,7
"Uxt",70,102,56,36
"A230072C01Rik",7,14,12,8
"Zfp182",9,8,2,2
"ENSMUSG00000136194",13,9,9,4
"ENSMUSG00000142773",0,1,2,0
"Wdr44",10,24,10,4
"Gm2223",4,1,1,1
"Dock11",46,75,31,22
"ENSMUSG00000121950",0,5,2,1
"Il13ra1",15,30,24,11
"Pgrmc1",221,354,203,147
"Akap17b",9,13,6,9
"Rpl7-ps9",39,70,28,25
"Slc25a43",18,17,12,7
"Slc25a5",1609,2358,1149,834
"Ube2a",488,649,317,212
"Steep1",72,79,48,30
"Gm14541.1",2,3,1,0
"Nkrf",16,33,7,4
"Septin6",48,76,38,33
"Rpl39",9882,14066,7208,5072
"Upf3b",182,295,143,105
"Nkap",128,193,103,60
"ENSMUSG00000125748",38,41,22,25
"Akap14",1,1,1,1
"Ndufa1",590,748,407,289
"Rnf113a1",36,35,31,19
"Rhox5",2505,3618,2070,1808
"Zbtb33",2,4,0,0
"Lamp2",275,419,201,167
"Cul4b",96,130,64,49
"ENSMUSG00000136515",2,2,3,1
"Mcts1",163,255,121,77
"C1galt1c1",80,93,46,31
"Gm4986",2,2,2,0
"Thoc2",280,392,208,115
"Xiap",93,119,61,45
"Gm56676",1,2,0,0
"Stag2",136,221,109,84
"Gm4987",2,7,1,1
"Gm7722",1,2,2,3
"Gm14648",0,2,1,0
"Ocrl",58,89,45,34
"Apln",58,73,37,33
"Zdhhc9",22,37,9,7
"ENSMUSG00000135444",5,4,4,2
"Utp14a",149,207,109,72
"Bcorl1",33,38,27,19
"Elf4",43,53,20,18
"Aifm1",228,351,184,111
"Rab33a",0,0,2,0
"Zfp280c",38,53,33,20
"Slc25a14",46,48,31,11
"Rbmx2",169,196,109,49
"Gm35612",10,13,10,6
"Firre",18,21,10,9
"Rap2c",54,104,50,25
"Mbnl3",91,111,68,48
"ENSMUSG00000132546",0,3,1,0
"Gpc4",108,150,91,53
"ENSMUSG00000142846",1,0,4,3
"Gpc3",2,7,2,3
"ENSMUSG00000131289",11,22,9,8
"ENSMUSG00000132256",2,0,1,4
"ENSMUSG00000132295",6,13,8,1
"Phf6",89,150,54,45
"Hprt1",616,808,402,253
"Mir503hg",1,1,0,1
"Mir503hg.1",108,138,96,64
"Plac1",15,16,11,5
"Pabir2",17,29,22,14
"Mospd1",16,40,10,11
"Xlr",252,343,165,118
"ENSMUSG00000125072",37,67,38,18
"3830403N18Rik",503,656,333,243
"1600025M17Rik",2,1,0,0
"ENSMUSG00000123069",4,3,0,2
"Zfp449",18,18,14,4
"Ints6l",8,10,11,2
"Mmgt1",25,46,20,16
"Slc9a6",27,36,26,19
"Fhl1",16,21,10,1
"Htatsf1",183,261,148,98
"Arhgef6",4,10,8,7
"Rbmx",32,62,30,12
"Atp11c",28,44,15,12
"Tslrn1",29,30,19,10
"Sms-ps",5,1,3,1
"Magea9",0,3,0,5
"ENSMUSG00000133389",1,1,0,0
"Gm5391",10,8,8,0
"Gm6806",1,4,2,0
"ENSMUSG00000138314",1,3,0,0
"Fmr1",178,247,112,66
"Gm55141",4,3,2,6
"Styx-ps",4,8,0,0
"Gm8172",1,2,1,1
"Ids",31,51,11,15
"Eola1",73,113,74,34
"Tmem185a",63,89,39,36
"Mtm1",14,19,15,9
"Mtmr1",22,28,9,6
"Cd99l2",45,67,41,22
"Hmgb3",331,448,210,163
"Vma21",274,414,192,142
"Cetn2",275,371,209,134
"Nsdhl",97,111,52,42
"F8a",44,44,34,13
"Zfp275",34,47,34,24
"Haus7",226,368,178,121
"Bgn",2379,3606,1835,1450
"Dusp9",176,259,140,103
"Gm32261",1,3,1,2
"Slc6a8",56,91,55,33
"Bcap31",772,1067,546,371
"Abcd1",16,34,12,13
"Idh3g",290,358,220,138
"Ssr4",1127,1586,782,562
"Pdzd4",10,10,5,2
"Gm14817",0,1,1,0
"L1cam",16,9,12,9
"Naa10",317,387,205,140
"ENSMUSG00000136359",0,1,0,0
"Renbp",3,11,7,3
"Hcfc1",152,202,102,79
"Gm56677",4,6,3,0
"Irak1",174,258,119,83
"Mecp2",100,105,50,43
"Rpl3-ps2",2,6,5,3
"Flna",824,1155,551,419
"Emd",251,333,153,129
"Rpl10",5655,7838,3880,2733
"Dnase1l1",28,39,26,17
"Tafazzin",40,63,23,22
"Atp6ap1",156,231,121,85
"Gdi1",69,89,35,27
"Fam50a",166,228,127,82
"Plxna3",10,15,10,8
"Lage3",275,394,199,123
"Ubl4a",346,528,229,139
"Slc10a3",23,45,15,14
"Fam3a",61,69,29,18
"Ikbkg",26,36,19,8
"G6pdx",100,118,67,44
"Gm15361",3,7,3,1
"ENSMUSG00000126594",1,3,0,1
"Gab3",7,6,6,1
"Dkc1",701,933,395,327
"Mpp1",213,336,172,106
"F8",1,2,1,2
"Fundc2",729,948,473,325
"Cmc4",62,69,45,22
"Mtcp1",6,12,6,1
"Brcc3",184,218,127,71
"Vbp1",285,339,195,129
"Gm15063",1,1,2,0
"4933407K13Rik",11,17,7,5
"Pls3",212,290,172,104
"Gm8692",12,23,7,10
"Gm14706",4,9,2,3
"Gm5937",1,1,1,0
"ENSMUSG00000139510",62,94,64,20
"Tbl1x",364,486,254,192
"Gm8722",1,1,1,2
"Prkx",31,37,18,9
"Prrg1",19,22,19,14
"Rps24-ps3",44,71,39,27
"Gm14760",2,6,0,3
"Dmd",5,15,8,3
"Gm14769",0,2,0,0
"Tab3",15,18,11,7
"Gk",28,44,20,7
"Gm56680",0,2,3,0
"Gm8864",2,2,0,0
"Dcaf8l",0,16,10,2
"Fth1-ps",68,109,32,24
"Pola1",115,157,71,54
"Pcyt1b",15,17,11,9
"Pdk3",141,178,87,58
"Zfx",91,142,72,56
"ENSMUSG00000139373",0,3,1,0
"ENSMUSG00000139290",4,3,1,4
"Eif2s3x",173,256,120,78
"Klhl15",11,17,11,7
"Apoo",163,246,113,111
"Gm14827",0,1,0,0
"Maged1",505,800,419,301
"Gspt2",27,40,20,18
"Zxdb",24,27,14,9
"Gm39526",0,3,1,1
"Gm14830",0,1,1,1
"Spin4",7,9,2,6
"Amer1",75,78,32,24
"Zc4h2",17,22,10,5
"Zc3h12b",8,11,3,0
"ENSMUSG00000141662",1,2,2,2
"Las1l",127,215,90,57
"Msn",906,1232,588,443
"Rpl17-ps8",3,1,2,1
"Eda2r",3,6,3,4
"Ar",163,258,107,84
"Ophn1",28,54,26,12
"Yipf6",110,147,75,62
"Efnb1",8,30,14,11
"ENSMUSG00000142619",3,0,0,0
"Pja1",112,182,93,61
"Igbp1",227,303,172,120
"Pdzd11",189,303,143,106
"Kif4",182,224,92,71
"Dlg3",20,39,11,15
"Snx12",152,271,112,75
"Foxo4",9,15,7,10
"Il2rg",77,89,48,54
"Med12",8,10,5,3
"Nlgn3",5,6,4,5
"Zmym3",26,49,19,18
"Nono",643,860,464,324
"Itgb1bp2",1,1,0,0
"Gm14843",5,1,1,0
"Gm56687",5,4,2,2
"Taf1",129,189,83,75
"Ogt",278,356,210,127
"Gm14845",3,3,1,0
"Nhsl2",3,2,0,1
"Pin4",286,400,198,146
"Ercc6l",80,114,42,38
"Rps4x",13032,17381,9035,6212
"Hdac8",18,14,7,13
"Phka1",9,13,10,6
"ENSMUSG00000121861",22,31,16,14
"Nap1l2",2,1,0,1
"Chic1",54,62,37,19
"Gm26952",3,0,1,0
"Tsx",1,4,2,1
"Jpx",24,25,10,13
"Ftx",30,37,20,26
"ENSMUSG00000121614",18,23,14,10
"Rlim",203,340,123,122
"Abcb7",35,46,24,15
"Vcp-rs",22,31,15,7
"Gm6238",2,1,0,1
"Uprt",6,6,11,4
"Gm14822",1,3,0,0
"5530601H04Rik",30,45,27,29
"Pbdc1",373,474,222,158
"Magee1",16,25,15,13
"ENSMUSG00000129693",1,4,3,2
"Atrx",436,576,299,249
"Gm14853",2,7,2,0
"Magt1",268,365,181,121
"Cox7b",1799,2419,1183,784
"Atp7a",18,34,9,7
"Pgk1",2356,3033,1570,1106
"Taf9b",1,3,2,2
"Cysltr1",1,10,4,0
"Lpar4",5,12,6,2
"P2ry10b",1,3,2,3
"Chmp1b2",109,190,91,67
"Brwd3",22,27,17,12
"2810403D21Rik",40,53,32,20
"Hmgn5",375,561,315,186
"Sh3bgrl",217,264,183,102
"Apool",176,181,103,65
"Chm",51,69,27,16
"Dach2",26,21,13,2
"Klhl4",0,1,2,1
"Gm7429",3,3,2,1
"Gm5944",0,0,0,2
"Gm5863",2,0,0,0
"ENSMUSG00000139703",3,9,4,2
"Diaph2",68,79,53,26
"Gm14984",1,0,1,0
"Pcdh19",179,319,160,99
"Cstf2",108,115,55,27
"Nox1",0,1,1,1
"Trmt2b",42,74,32,25
"Cenpi",42,70,33,17
"Taf7l",0,0,7,0
"Timm8a1",7,13,3,3
"Rpl36a",7501,10439,5298,3663
"Gla",25,51,27,16
"Hnrnph2",136,175,76,69
"Armcx1",28,36,26,20
"Armcx3",18,19,19,12
"Armcx2",114,181,64,76
"Gm7222",1,0,0,0
"Zmat1",10,11,5,8
"Gm56682",2,1,1,1
"Armcx5",31,43,20,16
"Gprasp1",22,24,13,7
"Bhlhb9",116,173,84,54
"ENSMUSG00000123176",3,4,3,2
"Arxes2",83,89,65,36
"Nxf3",2,1,0,0
"Tceal8",570,751,357,253
"Bex1",9,0,5,0
"ENSMUSG00000131197",4,4,3,2
"Tceal9",1853,2686,1373,881
"Bex3",2424,3449,1790,1080
"Tceal1",0,0,3,0
"Morf4l2",531,698,353,273
"BC065397",6,6,3,1
"Plp1",3,1,0,2
"Slc25a53",2,9,2,3
"Fam199x",37,48,23,19
"Gm8019",2,0,0,0
"Pwwp3b",81,90,46,41
"Trap1a",3,2,5,0
"Rnf128",32,35,10,19
"Tbc1d8b",13,29,15,11
"Morc4",110,162,80,58
"Rbm41",13,22,9,8
"Prps1",253,326,158,104
"Tsc22d3",62,83,38,26
"Mid2",14,18,10,7
"Gm7091",2,1,3,1
"Psmd10",257,397,172,134
"Atg4a",37,30,20,17
"Col4a5",48,64,37,24
"Gm15268",0,3,0,0
"Gm6368",17,22,16,7
"Nxt2",28,32,20,14
"Acsl4",133,164,96,62
"Gm15032",2,2,0,0
"Tmem164",19,27,14,10
"Ammecr1",81,134,56,37
"Pak3",43,73,20,24
"Capn6",1,6,1,1
"Gm15066",0,6,1,3
"ENSMUSG00000131047",1,3,1,1
"Alg13",77,116,60,34
"Amot",96,134,71,53
"ENSMUSG00000138672",1,3,4,2
"Gm5644",16,23,9,4
"Lrch2",44,69,27,22
"Gm15128",0,1,1,2
"Gm15080",1,2,0,1
"Gm15097",18,25,8,7
"Vcf2",146,217,93,65
"Apex2",52,82,42,29
"Pfkfb1",5,17,8,2
"Maged2",71,106,66,44
"Gnl3l",127,176,89,52
"Fgd1",4,8,3,3
"Tsr2",81,131,62,38
"Wnk3",1,2,0,0
"Fam120c",3,3,0,1
"Gm6451",8,3,8,3
"Gm15148",2,1,0,0
"Phf8",19,22,15,11
"Huwe1",322,469,221,151
"ENSMUSG00000136605",1,5,0,1
"Gm15191",9,6,1,1
"Hsd17b10",704,887,486,299
"Ribc1",4,10,5,3
"ENSMUSG00000131833",5,9,1,1
"Smc1a",588,806,368,262
"Iqsec2",11,16,9,4
"Kdm5c",52,60,30,27
"Kantr",33,45,19,8
"Tspyl2",28,51,35,26
"Rpl7a-ps12",0,1,1,0
"ENSMUSG00000121769",30,31,22,13
"Ubqln2",143,219,107,80
"Kctd12b",11,17,8,6
"Nbdy",326,420,228,143
"Magea8",1,0,2,0
"Gm4997",0,0,0,0
"Sat1",495,719,381,246
"Acot9",369,600,305,172
"Prdx4",1170,1547,776,538
"Gm15163",0,3,0,0
"Phex",5,2,1,2
"Sms",990,1410,665,473
"Mbtps2",29,47,18,19
"ENSMUSG00000129114",3,1,1,0
"Gm8659",1,3,1,0
"Gm8662",3,1,2,1
"Rps6ka3",74,101,55,35
"Eif1ax",1260,1750,889,544
"Bclaf3",74,96,47,34
"Gm15186",7,8,2,3
"Sh3kbp1",190,219,104,75
"Pdha1",211,292,157,125
"Phka2",37,42,24,9
"Cdkl5",9,12,8,7
"Gja6",1,5,1,0
"Reps2",0,1,0,1
"Gm7331",1,1,2,1
"Rbbp7",821,1148,591,419
"Txlng",34,58,29,26
"Syap1",62,79,42,28
"Ctps2",73,118,53,37
"Ap1s2",158,222,96,58
"Zrsr2",240,341,160,87
"Gm56686",12,18,7,5
"Car5b",34,49,19,10
"Siah1b",51,78,25,20
"Pir",112,139,83,68
"Vegfd",30,60,20,19
"Piga",13,19,8,9
"Mospd2",36,57,34,19
"Fancb",38,50,22,12
"Gemin8",44,47,26,17
"Ofd1",58,92,50,29
"Trappc2",50,78,31,17
"Rab9",245,361,190,104
"Tceanc",4,6,7,1
"Gm56688",18,16,17,11
"Gm8817",0,1,0,0
"Tmsb4x",5773,8167,4042,2722
"Prps2",110,176,84,59
"Msl3",186,314,135,147
"Arhgap6",7,3,3,1
"Gm15261",0,2,0,1
"Hccs",81,145,79,54
"Mid1",30,47,37,18
"G530011O06Rikx",29,26,21,17
"Gm15726",2,2,2,1
"ENSMUSG00000134149",1,0,1,0
"Erdr1x",20,26,12,8
"Nlgn4l",2,6,1,2
"ENSMUSG00000121913",74,101,48,33
"Akap17a",53,74,46,37
"ENSMUSG00000129048",542,719,353,321
"ENSMUSG00000133777",69,73,41,34
"Erdr1y",732,1024,434,311
"mt-Tf",4,2,2,2
"mt-Rnr1",1947,2669,1365,1115
"mt-Tv",9,6,2,1
"mt-Rnr2",9416,12446,6388,5897
"mt-Tl1",1,4,1,1
"mt-Nd1",16389,24295,12345,8619
"mt-Ti",9,17,8,5
"mt-Tq",39,68,40,27
"mt-Tm",9,6,3,2
"mt-Nd2",9875,14894,7743,5213
"mt-Tw",22,32,9,9
"mt-Ta",45,116,31,31
"mt-Tn",4,8,5,3
"mt-Tc",5,5,2,5
"mt-Co1",2165,2931,1508,1124
"mt-Ts1",8,16,6,3
"mt-Td",2,4,4,1
"mt-Co2",26,57,26,15
"mt-Atp8",505,654,363,283
"mt-Atp6",205,291,150,108
"mt-Co3",9,19,14,5
"mt-Tg",1,5,3,3
"mt-Nd3",1,5,1,0
"mt-Nd4l",10,23,6,9
"mt-Nd4",9050,13670,6983,4926
"mt-Tl2",0,1,0,1
"mt-Nd5",1256,1896,923,710
"mt-Nd6",1880,2922,1409,972
"mt-Cytb",25071,37355,19456,13511
"mt-Tt",53,82,33,27
"mt-Tp",215,346,155,140
